database,retention_target,mechanism,strength,method,evaluation_target,metric,n_replicates,mean,sd,q025,q975,truth,bias,rmse
VitalDB,0.35,MCAR,strong,AIPW_design_probability,reconstructed,event_rate,300,0.09847858477072641,0.02194752681382911,0.058974415769593454,0.1407645288482931,0.1419753086419753,-0.043496723871248894,0.048703729573116625
VitalDB,0.35,MCAR,strong,AIPW_design_probability,reconstructed,oe,300,0.9827201971875457,0.21901490490018133,0.5885071320738852,1.4046926635762025,1.4167750646420612,-0.4340548674545155,0.4860157042395829
VitalDB,0.35,MCAR,strong,AIPW_design_probability,reconstructed,outcome_observed_fraction,300,0.35716049382716053,0.024277887456113752,0.3117283950617284,0.4012345679012346,,,
VitalDB,0.35,MCAR,strong,AIPW_design_probability,reconstructed,reconstructed_sensitivity,300,0.3741304347826087,0.060968287586398,0.2608695652173913,0.5,,,
VitalDB,0.35,MCAR,strong,AIPW_design_probability,reconstructed,ess,300,90.2416610698533,6.673310046085593,77.20691693842923,102.0578709136162,324.0,-233.7583389301467,233.85325664355403
VitalDB,0.35,MCAR,strong,AIPW_design_probability,reconstructed,event_rate_se,300,0.026621095467799522,0.005041462600745879,0.018625361555592534,0.036824391363617155,0.019390267411834264,0.007230828055965258,0.008810022609456687
VitalDB,0.35,MCAR,strong,AIPW_design_probability,reconstructed,event_rate_interval_coverage,300,0.5966666666666667,,,,,,
VitalDB,0.35,MCAR,strong,Gamma2_prediction_sensitivity_region,full,event_rate,300,0.11057414599130344,0.008115830245338818,0.09526801089753852,0.12624113769503412,0.1419753086419753,-0.03140116265067186,0.03242961857186319
VitalDB,0.35,MCAR,strong,Gamma2_prediction_sensitivity_region,full,outcome_observed_fraction,300,0.35716049382716053,0.024277887456113752,0.3117283950617284,0.4012345679012346,,,
VitalDB,0.35,MCAR,strong,Gamma2_prediction_sensitivity_region,full,reconstructed_sensitivity,300,0.3741304347826087,0.060968287586398,0.2608695652173913,0.5,,,
VitalDB,0.35,MCAR,strong,Gamma2_prediction_sensitivity_region,full,MNAR_event_rate_coverage,300,0.38666666666666666,,,,,,
VitalDB,0.35,MCAR,strong,IPAW_design_probability_truncated99,reconstructed,event_rate,300,0.09945741200233783,0.02205962173865624,0.06077087518883789,0.14639493778402032,0.1419753086419753,-0.04251789663963747,0.047882944314310026
VitalDB,0.35,MCAR,strong,IPAW_design_probability_truncated99,reconstructed,oe,300,0.9865142532796801,0.2185502497170706,0.6085085370449483,1.440173919750607,1.4167750646420612,-0.43026081136238103,0.48242031819438375
VitalDB,0.35,MCAR,strong,IPAW_design_probability_truncated99,reconstructed,brier,300,0.08058604792347407,0.01799958296343373,0.05236802984287062,0.11716316840034341,0.11053590028892503,-0.02994985236545096,0.03492704816633736
VitalDB,0.35,MCAR,strong,IPAW_design_probability_truncated99,reconstructed,auc,300,0.7150193017096339,0.07183818262465488,0.5801184578827263,0.8527148406543954,0.7044103847356897,0.010608916973944171,0.07249876679799869
VitalDB,0.35,MCAR,strong,IPAW_design_probability_truncated99,reconstructed,calibration_intercept,300,-0.6143313349890551,0.37318072647323763,-1.3589174699457491,0.09257035823195084,-0.22511057884817762,-0.3892207561408775,0.5387879348809382
VitalDB,0.35,MCAR,strong,IPAW_design_probability_truncated99,reconstructed,calibration_slope,300,0.7129295945893163,0.21054552977501156,0.3762463900346765,1.17582485162659,0.6581631632744903,0.05476643131482595,0.21721191812031793
VitalDB,0.35,MCAR,strong,IPAW_design_probability_truncated99,reconstructed,outcome_observed_fraction,300,0.35716049382716053,0.024277887456113752,0.3117283950617284,0.4012345679012346,,,
VitalDB,0.35,MCAR,strong,IPAW_design_probability_truncated99,reconstructed,reconstructed_sensitivity,300,0.3741304347826087,0.060968287586398,0.2608695652173913,0.5,,,
VitalDB,0.35,MCAR,strong,IPAW_design_probability_truncated99,reconstructed,ess,300,90.66152839445266,6.841195725250498,77.20691693842923,103.10321154246421,324.0,-233.33847160554734,233.43840361781557
VitalDB,0.35,MCAR,strong,IPAW_design_probability_truncated99,reconstructed,event_rate_se,300,0.02640173878003808,0.004813228646432636,0.018374293142579032,0.036118070953848364,0.019390267411834264,0.007011471368203816,0.008500039814610996
VitalDB,0.35,MCAR,strong,IPAW_design_probability_truncated99,reconstructed,weight_p99,300,7.4041371263657005,1.195701064418257,4.947433518862093,8.163265306122456,,,
VitalDB,0.35,MCAR,strong,IPAW_design_probability_truncated99,reconstructed,weight_max,300,7.494908266336843,1.189721011055222,4.947433518862093,8.163265306122456,,,
VitalDB,0.35,MCAR,strong,IPAW_design_probability_truncated99,reconstructed,event_rate_interval_coverage,300,0.6033333333333334,,,,,,
VitalDB,0.35,MCAR,strong,IPAW_design_probability_untruncated,reconstructed,event_rate,300,0.09936646062802254,0.022084144483793023,0.0607360428028075,0.1456521719313577,0.1419753086419753,-0.04260884801395276,0.04797496918739919
VitalDB,0.35,MCAR,strong,IPAW_design_probability_untruncated,reconstructed,oe,300,0.9861346342098595,0.2195106219569468,0.6085085370449483,1.4469906149174856,1.4167750646420612,-0.4306404304322017,0.48319300191288417
VitalDB,0.35,MCAR,strong,IPAW_design_probability_untruncated,reconstructed,brier,300,0.0805480720846589,0.01805583113123089,0.05236802984287062,0.11699736494716598,0.11053590028892503,-0.029987828204266126,0.03498851480303178
VitalDB,0.35,MCAR,strong,IPAW_design_probability_untruncated,reconstructed,auc,300,0.7148041325817586,0.07193262339116815,0.5801184578827263,0.8527189850966255,0.7044103847356897,0.010393747846068835,0.07256090288759855
VitalDB,0.35,MCAR,strong,IPAW_design_probability_untruncated,reconstructed,calibration_intercept,300,-0.6159601684888668,0.3732302812657715,-1.3589174699457491,0.0911206327047977,-0.22511057884817762,-0.39084958964068917,0.5399999152158973
VitalDB,0.35,MCAR,strong,IPAW_design_probability_untruncated,reconstructed,calibration_slope,300,0.7126401378887186,0.21087335148841505,0.3762463900346765,1.1771399782108884,0.6581631632744903,0.05447697461422829,0.2174559401269969
VitalDB,0.35,MCAR,strong,IPAW_design_probability_untruncated,reconstructed,outcome_observed_fraction,300,0.35716049382716053,0.024277887456113752,0.3117283950617284,0.4012345679012346,,,
VitalDB,0.35,MCAR,strong,IPAW_design_probability_untruncated,reconstructed,reconstructed_sensitivity,300,0.3741304347826087,0.060968287586398,0.2608695652173913,0.5,,,
VitalDB,0.35,MCAR,strong,IPAW_design_probability_untruncated,reconstructed,ess,300,90.2416610698533,6.673310046085593,77.20691693842923,102.0578709136162,324.0,-233.7583389301467,233.85325664355403
VitalDB,0.35,MCAR,strong,IPAW_design_probability_untruncated,reconstructed,event_rate_se,300,0.02642580952783057,0.004890598687089475,0.018295222875331252,0.036244176860775586,0.019390267411834264,0.007035542115996305,0.008563707250118093
VitalDB,0.35,MCAR,strong,IPAW_design_probability_untruncated,reconstructed,weight_p99,300,7.494908266336843,1.189721011055222,4.947433518862093,8.163265306122456,,,
VitalDB,0.35,MCAR,strong,IPAW_design_probability_untruncated,reconstructed,weight_max,300,8.034632034632041,0.631224677487134,4.947433518862093,8.163265306122456,,,
VitalDB,0.35,MCAR,strong,IPAW_design_probability_untruncated,reconstructed,event_rate_interval_coverage,300,0.5966666666666667,,,,,,
VitalDB,0.35,MCAR,strong,full_reference,full,event_rate,300,0.1419753086419753,0.0,0.1419753086419753,0.1419753086419753,0.1419753086419753,0.0,0.0
VitalDB,0.35,MCAR,strong,full_reference,full,oe,300,1.4167750646420616,4.448312140598118e-16,1.4167750646420612,1.4167750646420612,1.4167750646420612,4.440892098500626e-16,0.0
VitalDB,0.35,MCAR,strong,full_reference,full,brier,300,0.11053590028892503,0.0,0.11053590028892503,0.11053590028892503,0.11053590028892503,0.0,0.0
VitalDB,0.35,MCAR,strong,full_reference,full,auc,300,0.7044103847356897,0.0,0.7044103847356897,0.7044103847356897,0.7044103847356897,0.0,0.0
VitalDB,0.35,MCAR,strong,full_reference,full,calibration_intercept,300,-0.2251105788481776,2.7801950878738235e-17,-0.22511057884817762,-0.22511057884817762,-0.22511057884817762,2.7755575615628914e-17,0.0
VitalDB,0.35,MCAR,strong,full_reference,full,calibration_slope,300,0.6581631632744902,1.1120780351495294e-16,0.6581631632744903,0.6581631632744903,0.6581631632744903,-1.1102230246251565e-16,0.0
VitalDB,0.35,MCAR,strong,full_reference,full,outcome_observed_fraction,300,0.35716049382716053,0.024277887456113752,0.3117283950617284,0.4012345679012346,,,
VitalDB,0.35,MCAR,strong,full_reference,full,reconstructed_sensitivity,300,0.3741304347826087,0.060968287586398,0.2608695652173913,0.5,,,
VitalDB,0.35,MCAR,strong,full_reference,full,ess,300,324.0,0.0,324.0,324.0,324.0,0.0,0.0
VitalDB,0.35,MCAR,strong,full_reference,full,event_rate_se,300,0.01939026741183426,3.475243859842279e-18,0.019390267411834264,0.019390267411834264,0.019390267411834264,-3.469446951953614e-18,0.0
VitalDB,0.35,MCAR,strong,full_reference,full,event_rate_interval_coverage,300,1.0,,,,,,
VitalDB,0.35,MCAR,strong,naive,reconstructed,event_rate,300,0.15072053472369631,0.023547212038676085,0.10829571498020696,0.19426665294642242,0.1419753086419753,0.008745226081721014,0.025081904566814788
VitalDB,0.35,MCAR,strong,naive,reconstructed,oe,300,1.067163598944047,0.16173556049312762,0.7565986423559076,1.3822748031164405,1.4167750646420612,-0.34961146569801405,0.3850965772856375
VitalDB,0.35,MCAR,strong,naive,reconstructed,brier,300,0.10614336729763768,0.016738275640309837,0.07402005953446172,0.135832181192381,0.11053590028892503,-0.004392532991287348,0.017278029920079648
VitalDB,0.35,MCAR,strong,naive,reconstructed,auc,300,0.7494816705439276,0.04975846062908197,0.6517278650590671,0.8495824169110457,0.7044103847356897,0.045071285808237826,0.06707512351015972
VitalDB,0.35,MCAR,strong,naive,reconstructed,calibration_intercept,300,-0.3183537991036191,0.28705779392931485,-0.9652950301713709,0.18201299691044964,-0.22511057884817762,-0.09324322025544149,0.30136655629922043
VitalDB,0.35,MCAR,strong,naive,reconstructed,calibration_slope,300,0.7501729565108493,0.16025283362776746,0.44970291619026875,1.074169383115132,0.6581631632744903,0.09200979323635894,0.18455668370857595
VitalDB,0.35,MCAR,strong,naive,reconstructed,outcome_observed_fraction,300,0.35716049382716053,0.024277887456113752,0.3117283950617284,0.4012345679012346,,,
VitalDB,0.35,MCAR,strong,naive,reconstructed,reconstructed_sensitivity,300,0.3741304347826087,0.060968287586398,0.2608695652173913,0.5,,,
VitalDB,0.35,MCAR,strong,naive,reconstructed,ess,300,115.72,7.866035535780856,101.0,130.0,324.0,-208.28,208.4279891633239
VitalDB,0.35,MCAR,strong,naive,reconstructed,event_rate_se,300,0.03318637486643177,0.002610518883546102,0.028404758989480045,0.03803793160775829,0.019390267411834264,0.013796107454597507,0.014040109462204369
VitalDB,0.35,MCAR,strong,naive,reconstructed,event_rate_interval_coverage,300,1.0,,,,,,
VitalDB,0.35,MCAR,strong,recalibration_intercept_apparent,reconstructed,event_rate,300,0.15072053472369631,0.023547212038676085,0.10829571498020696,0.19426665294642242,,,
VitalDB,0.35,MCAR,strong,recalibration_intercept_apparent,reconstructed,oe,300,0.9954173337911152,0.043464487213379185,0.8987557342329897,1.0801608717758875,1.0,-0.004582666208884811,0.04363330462855544
VitalDB,0.35,MCAR,strong,recalibration_intercept_apparent,reconstructed,brier,300,0.10999610577864577,0.01866854794428736,0.07340277714012367,0.1446607547905065,,,
VitalDB,0.35,MCAR,strong,recalibration_intercept_apparent,reconstructed,auc,300,0.7274295510337822,0.05972950178838742,0.6026641808917734,0.8392867702203761,,,
VitalDB,0.35,MCAR,strong,recalibration_intercept_apparent,reconstructed,calibration_intercept,300,-0.4982041572375559,0.29648313191729947,-1.1397957730950983,0.05970247291423324,0.0,-0.4982041572375559,0.579496869973056
VitalDB,0.35,MCAR,strong,recalibration_intercept_apparent,reconstructed,calibration_slope,300,0.6718421867751571,0.18292922555770555,0.33087940216283807,1.0412428024557712,1.0,-0.32815781322484294,0.3755517384752408
VitalDB,0.35,MCAR,strong,recalibration_intercept_apparent,reconstructed,outcome_observed_fraction,300,0.35716049382716053,0.024277887456113752,0.3117283950617284,0.4012345679012346,,,
VitalDB,0.35,MCAR,strong,recalibration_intercept_apparent,reconstructed,reconstructed_sensitivity,300,0.3741304347826087,0.060968287586398,0.2608695652173913,0.5,,,
VitalDB,0.35,MCAR,strong,recalibration_intercept_apparent,reconstructed,ess,300,115.72,7.866035535780856,101.0,130.0,,,
VitalDB,0.35,MCAR,strong,recalibration_intercept_apparent,reconstructed,event_rate_se,300,0.03318637486643177,0.002610518883546102,0.028404758989480045,0.03803793160775829,,,
VitalDB,0.35,MCAR,strong,recalibration_intercept_slope_apparent,reconstructed,event_rate,300,0.15072053472369631,0.023547212038676085,0.10829571498020696,0.19426665294642242,,,
VitalDB,0.35,MCAR,strong,recalibration_intercept_slope_apparent,reconstructed,oe,300,1.0134754898361291,0.09363232303999677,0.8797687374580615,1.1853599920628564,1.0,0.013475489836129118,0.09444245534255437
VitalDB,0.35,MCAR,strong,recalibration_intercept_slope_apparent,reconstructed,brier,300,0.11222166028385738,0.018259263791407594,0.07678056937345756,0.14538405743900182,,,
VitalDB,0.35,MCAR,strong,recalibration_intercept_slope_apparent,reconstructed,auc,300,0.705111922685201,0.08546173021148326,0.5675633012820513,0.8289712602212602,,,
VitalDB,0.35,MCAR,strong,recalibration_intercept_slope_apparent,reconstructed,calibration_intercept,300,-0.4852697076076946,0.6882472994924748,-1.8696208527029035,0.11415702661062149,0.0,-0.4852697076076946,0.841184930061644
VitalDB,0.35,MCAR,strong,recalibration_intercept_slope_apparent,reconstructed,calibration_slope,300,0.7072441506174544,0.3012435097361375,0.01858294816351642,1.0199918323424262,1.0,-0.2927558493825456,0.41970364226675666
VitalDB,0.35,MCAR,strong,recalibration_intercept_slope_apparent,reconstructed,outcome_observed_fraction,300,0.35716049382716053,0.024277887456113752,0.3117283950617284,0.4012345679012346,,,
VitalDB,0.35,MCAR,strong,recalibration_intercept_slope_apparent,reconstructed,reconstructed_sensitivity,300,0.3741304347826087,0.060968287586398,0.2608695652173913,0.5,,,
VitalDB,0.35,MCAR,strong,recalibration_intercept_slope_apparent,reconstructed,ess,300,115.72,7.866035535780856,101.0,130.0,,,
VitalDB,0.35,MCAR,strong,recalibration_intercept_slope_apparent,reconstructed,event_rate_se,300,0.03318637486643177,0.002610518883546102,0.028404758989480045,0.03803793160775829,,,
VitalDB,0.35,MCAR,strong,recalibration_intercept_slope_truth,full,event_rate,300,0.1419753086419753,0.0,0.1419753086419753,0.1419753086419753,,,
VitalDB,0.35,MCAR,strong,recalibration_intercept_slope_truth,full,oe,300,1.2699623753485163,0.2702493863161077,0.882921264643499,1.9252570803045026,1.0,0.2699623753485163,0.3816686597107042
VitalDB,0.35,MCAR,strong,recalibration_intercept_slope_truth,full,brier,300,0.11349443562428775,0.004270795424190221,0.10882845732795095,0.12456171968026698,,,
VitalDB,0.35,MCAR,strong,recalibration_intercept_slope_truth,full,auc,300,0.6763452716088,0.040151942460381444,0.5799949171097905,0.7121559274319674,,,
VitalDB,0.35,MCAR,strong,recalibration_intercept_slope_truth,full,calibration_intercept,300,-0.3179002556845449,0.4485259681460342,-1.2333099376178343,0.423197244293132,0.0,-0.3179002556845449,0.5491498261118106
VitalDB,0.35,MCAR,strong,recalibration_intercept_slope_truth,full,calibration_slope,300,0.6956303752439921,0.23804764380788568,0.21436810646257423,1.1518132177246911,1.0,-0.30436962475600793,0.38615885366110336
VitalDB,0.35,MCAR,strong,recalibration_intercept_slope_truth,full,outcome_observed_fraction,300,0.35716049382716053,0.024277887456113752,0.3117283950617284,0.4012345679012346,,,
VitalDB,0.35,MCAR,strong,recalibration_intercept_slope_truth,full,reconstructed_sensitivity,300,0.3741304347826087,0.060968287586398,0.2608695652173913,0.5,,,
VitalDB,0.35,MCAR,strong,recalibration_intercept_slope_truth,full,ess,300,324.0,0.0,324.0,324.0,,,
VitalDB,0.35,MCAR,strong,recalibration_intercept_slope_truth,full,event_rate_se,300,0.01939026741183426,3.475243859842279e-18,0.019390267411834264,0.019390267411834264,,,
VitalDB,0.35,MCAR,strong,recalibration_intercept_truth,full,event_rate,300,0.1419753086419753,0.0,0.1419753086419753,0.1419753086419753,,,
VitalDB,0.35,MCAR,strong,recalibration_intercept_truth,full,oe,300,1.3418267960813102,0.246866277329987,0.9750806639709129,1.9120644643278533,1.0,0.34182679608131017,0.4214087970198342
VitalDB,0.35,MCAR,strong,recalibration_intercept_truth,full,brier,300,0.11246646501396218,0.0030634323278598465,0.10951193837346809,0.11984548703797261,,,
VitalDB,0.35,MCAR,strong,recalibration_intercept_truth,full,auc,300,0.6916056719841518,0.018899098315085145,0.6446434157022208,0.7095832030028151,,,
VitalDB,0.35,MCAR,strong,recalibration_intercept_truth,full,calibration_intercept,300,-0.39892829041270905,0.21078430766795636,-0.8237438190317754,-0.008276788556990376,0.0,-0.39892829041270905,0.4510273884915078
VitalDB,0.35,MCAR,strong,recalibration_intercept_truth,full,calibration_slope,300,0.6023134724402766,0.07214871814188152,0.4258107836384783,0.6658273634290283,1.0,-0.39768652755972345,0.40415672736402103
VitalDB,0.35,MCAR,strong,recalibration_intercept_truth,full,outcome_observed_fraction,300,0.35716049382716053,0.024277887456113752,0.3117283950617284,0.4012345679012346,,,
VitalDB,0.35,MCAR,strong,recalibration_intercept_truth,full,reconstructed_sensitivity,300,0.3741304347826087,0.060968287586398,0.2608695652173913,0.5,,,
VitalDB,0.35,MCAR,strong,recalibration_intercept_truth,full,ess,300,324.0,0.0,324.0,324.0,,,
VitalDB,0.35,MCAR,strong,recalibration_intercept_truth,full,event_rate_se,300,0.01939026741183426,3.475243859842279e-18,0.019390267411834264,0.019390267411834264,,,
VitalDB,0.35,MCAR,strong,reference_05pct_recalibration,full_heldout,event_rate,299,0.1423793597706641,0.005587270001958627,0.1292517006802721,0.151530612244898,,,
VitalDB,0.35,MCAR,strong,reference_05pct_recalibration,full_heldout,oe,299,1.3360626598419258,1.4628735667780517,0.506661612350394,4.566139304923686,1.0,0.33606265984192585,1.4985926718708233
VitalDB,0.35,MCAR,strong,reference_05pct_recalibration,full_heldout,brier,299,0.12080782985177309,0.015270396890065832,0.10761645839271351,0.15974241110050869,,,
VitalDB,0.35,MCAR,strong,reference_05pct_recalibration,full_heldout,auc,299,0.6705229107561257,0.10921293593942279,0.2787408505512832,0.7246843461668867,,,
VitalDB,0.35,MCAR,strong,reference_05pct_recalibration,full_heldout,calibration_intercept,299,1.8155879099277188,36.680543566560594,-11.010863669095956,19.184967924839302,0.0,1.8155879099277188,36.66413454539897
VitalDB,0.35,MCAR,strong,reference_05pct_recalibration,full_heldout,calibration_slope,299,1.889509478509537,21.603723524975223,-3.6632047376100956,10.03857017596103,1.0,0.889509478509537,21.585901831771995
VitalDB,0.35,MCAR,strong,reference_05pct_recalibration,full_heldout,outcome_observed_fraction,299,0.35712663611214335,0.024311492493621495,0.3117283950617284,0.4012345679012346,,,
VitalDB,0.35,MCAR,strong,reference_05pct_recalibration,full_heldout,reconstructed_sensitivity,299,0.37400029082448744,0.061028742431453,0.2608695652173913,0.5,,,
VitalDB,0.35,MCAR,strong,reference_05pct_recalibration,full_heldout,ess,299,294.0,0.0,294.0,294.0,,,
VitalDB,0.35,MCAR,strong,reference_05pct_recalibration,full_heldout,event_rate_se,299,0.02037429472229816,0.00033797366285110456,0.01956549254362358,0.020911500654986776,,,
VitalDB,0.35,MCAR,strong,reference_05pct_recalibration,full_heldout,reference_sample_n,299,30.0,0.0,30.0,30.0,,,
VitalDB,0.35,MCAR,strong,reference_05pct_recalibration,full_heldout,evaluation_n,299,294.0,0.0,294.0,294.0,,,
VitalDB,0.35,MCAR,strong,reference_10pct_recalibration,full_heldout,event_rate,300,0.14230240549828177,0.006298853667077062,0.12714776632302405,0.15120274914089346,,,
VitalDB,0.35,MCAR,strong,reference_10pct_recalibration,full_heldout,oe,300,1.3174486689595357,1.4457984532069768,0.5049607831922507,4.127417186918075,1.0,0.3174486689595357,1.4778832996876134
VitalDB,0.35,MCAR,strong,reference_10pct_recalibration,full_heldout,brier,300,0.12069548777354823,0.014556973586759522,0.10722750757311048,0.15525833040481254,,,
VitalDB,0.35,MCAR,strong,reference_10pct_recalibration,full_heldout,auc,300,0.6681900829633779,0.1137679008938643,0.2760674355335822,0.7266229703949363,,,
VitalDB,0.35,MCAR,strong,reference_10pct_recalibration,full_heldout,calibration_intercept,300,-0.5809757512362325,13.723001394168945,-9.636648856989389,8.72880907810029,0.0,-0.5809757512362325,13.712423717089772
VitalDB,0.35,MCAR,strong,reference_10pct_recalibration,full_heldout,calibration_slope,300,0.7887462271750426,6.757528169612883,-3.8801683385761128,5.584378162772404,1.0,-0.2112537728249574,6.749563034974984
VitalDB,0.35,MCAR,strong,reference_10pct_recalibration,full_heldout,outcome_observed_fraction,300,0.35716049382716053,0.024277887456113752,0.3117283950617284,0.4012345679012346,,,
VitalDB,0.35,MCAR,strong,reference_10pct_recalibration,full_heldout,reconstructed_sensitivity,300,0.3741304347826087,0.060968287586398,0.2608695652173913,0.5,,,
VitalDB,0.35,MCAR,strong,reference_10pct_recalibration,full_heldout,ess,300,291.0,0.0,291.0,291.0,,,
VitalDB,0.35,MCAR,strong,reference_10pct_recalibration,full_heldout,event_rate_se,300,0.02047295805895449,0.00038308088429760487,0.019528920473301695,0.02100077545558355,,,
VitalDB,0.35,MCAR,strong,reference_10pct_recalibration,full_heldout,reference_sample_n,300,33.0,0.0,33.0,33.0,,,
VitalDB,0.35,MCAR,strong,reference_10pct_recalibration,full_heldout,evaluation_n,300,291.0,0.0,291.0,291.0,,,
VitalDB,0.35,MCAR,strong,reference_20pct_recalibration,full_heldout,event_rate,300,0.1419047619047619,0.009752702879887982,0.12152509652509652,0.1583011583011583,,,
VitalDB,0.35,MCAR,strong,reference_20pct_recalibration,full_heldout,oe,300,1.1091248598761043,0.44654896614518086,0.5966196010865462,2.223644356703391,1.0,0.10912485987610432,0.4589657150714981
VitalDB,0.35,MCAR,strong,reference_20pct_recalibration,full_heldout,brier,300,0.11436813800835471,0.00986244767430203,0.10307629438410669,0.1365572637060461,,,
VitalDB,0.35,MCAR,strong,reference_20pct_recalibration,full_heldout,auc,300,0.6978145973638158,0.04744711335647318,0.6562595663265306,0.7416809321244934,,,
VitalDB,0.35,MCAR,strong,reference_20pct_recalibration,full_heldout,calibration_intercept,300,1.1785847903926217,15.838632217424847,-1.2451010955566344,5.121275679001213,0.0,1.1785847903926217,15.856075335927143
VitalDB,0.35,MCAR,strong,reference_20pct_recalibration,full_heldout,calibration_slope,300,1.614175089019679,8.03584548183802,0.33006310322237553,3.4607974358935176,1.0,0.6141750890196791,8.045916621031374
VitalDB,0.35,MCAR,strong,reference_20pct_recalibration,full_heldout,outcome_observed_fraction,300,0.35716049382716053,0.024277887456113752,0.3117283950617284,0.4012345679012346,,,
VitalDB,0.35,MCAR,strong,reference_20pct_recalibration,full_heldout,reconstructed_sensitivity,300,0.3741304347826087,0.060968287586398,0.2608695652173913,0.5,,,
VitalDB,0.35,MCAR,strong,reference_20pct_recalibration,full_heldout,ess,300,259.0,0.0,259.0,259.0,,,
VitalDB,0.35,MCAR,strong,reference_20pct_recalibration,full_heldout,event_rate_se,300,0.021665328594959097,0.0006283187448783456,0.02030159164112136,0.02268143506161645,,,
VitalDB,0.35,MCAR,strong,reference_20pct_recalibration,full_heldout,reference_sample_n,300,65.0,0.0,65.0,65.0,,,
VitalDB,0.35,MCAR,strong,reference_20pct_recalibration,full_heldout,evaluation_n,300,259.0,0.0,259.0,259.0,,,
VitalDB,0.35,MCAR,strong,reference_30pct_recalibration,full_heldout,event_rate,300,0.14222713864306782,0.012226253224449788,0.11504424778761062,0.16371681415929204,,,
VitalDB,0.35,MCAR,strong,reference_30pct_recalibration,full_heldout,oe,300,1.070079319047903,0.33444075321900785,0.6209001001826745,1.8079143353296363,1.0,0.07007931904790299,0.3411581641710134
VitalDB,0.35,MCAR,strong,reference_30pct_recalibration,full_heldout,brier,300,0.11269164888442977,0.009587096910116827,0.09800735387865693,0.13368759194184932,,,
VitalDB,0.35,MCAR,strong,reference_30pct_recalibration,full_heldout,auc,300,0.7010979182599383,0.027551131589138154,0.6459409859471539,0.7518425324675325,,,
VitalDB,0.35,MCAR,strong,reference_30pct_recalibration,full_heldout,calibration_intercept,300,0.18929279981812608,1.07684412733589,-1.1283334305373087,2.9167108815667984,0.0,0.18929279981812608,1.0915858773937672
VitalDB,0.35,MCAR,strong,reference_30pct_recalibration,full_heldout,calibration_slope,300,1.0866812772565984,0.5628841129798494,0.4196975447027598,2.4897417709001,1.0,0.08668127725659835,0.568591276802998
VitalDB,0.35,MCAR,strong,reference_30pct_recalibration,full_heldout,outcome_observed_fraction,300,0.35716049382716053,0.024277887456113752,0.3117283950617284,0.4012345679012346,,,
VitalDB,0.35,MCAR,strong,reference_30pct_recalibration,full_heldout,reconstructed_sensitivity,300,0.3741304347826087,0.060968287586398,0.2608695652173913,0.5,,,
VitalDB,0.35,MCAR,strong,reference_30pct_recalibration,full_heldout,ess,300,226.0,0.0,226.0,226.0,,,
VitalDB,0.35,MCAR,strong,reference_30pct_recalibration,full_heldout,event_rate_se,300,0.023204535950531423,0.0008422489910561755,0.02122457550766333,0.024613258075699584,,,
VitalDB,0.35,MCAR,strong,reference_30pct_recalibration,full_heldout,reference_sample_n,300,98.0,0.0,98.0,98.0,,,
VitalDB,0.35,MCAR,strong,reference_30pct_recalibration,full_heldout,evaluation_n,300,226.0,0.0,226.0,226.0,,,
VitalDB,0.35,MCAR,weak,AIPW_design_probability,reconstructed,event_rate,300,0.09732258541622552,0.021848539441229154,0.058577660567186135,0.14105990250121214,0.1419753086419753,-0.044652723225749785,0.049695403928377964
VitalDB,0.35,MCAR,weak,AIPW_design_probability,reconstructed,oe,300,0.971184451459186,0.21802710749684756,0.5845479022407936,1.4076402044564498,1.4167750646420612,-0.4455906131828752,0.49591164679620203
VitalDB,0.35,MCAR,weak,AIPW_design_probability,reconstructed,outcome_observed_fraction,300,0.3541460905349794,0.022896624511736702,0.30864197530864196,0.3950617283950617,,,
VitalDB,0.35,MCAR,weak,AIPW_design_probability,reconstructed,reconstructed_sensitivity,300,0.36681159420289855,0.06083094947994336,0.24945652173913044,0.4782608695652174,,,
VitalDB,0.35,MCAR,weak,AIPW_design_probability,reconstructed,ess,300,89.22248893801547,6.740439089522496,76.12021697597524,101.18170715858047,324.0,-234.7775110619845,234.87392740471662
VitalDB,0.35,MCAR,weak,AIPW_design_probability,reconstructed,event_rate_se,300,0.02627853423459753,0.005060331688108832,0.018490432940996178,0.03655175111577876,0.019390267411834264,0.006888266822763268,0.008542237417246955
VitalDB,0.35,MCAR,weak,AIPW_design_probability,reconstructed,event_rate_interval_coverage,300,0.5766666666666667,,,,,,
VitalDB,0.35,MCAR,weak,Gamma2_prediction_sensitivity_region,full,event_rate,300,0.11014612741368858,0.008484140421714947,0.0933499362232928,0.12608760112911546,0.1419753086419753,-0.03182918122828672,0.032936871146121025
VitalDB,0.35,MCAR,weak,Gamma2_prediction_sensitivity_region,full,outcome_observed_fraction,300,0.3541460905349794,0.022896624511736702,0.30864197530864196,0.3950617283950617,,,
VitalDB,0.35,MCAR,weak,Gamma2_prediction_sensitivity_region,full,reconstructed_sensitivity,300,0.36681159420289855,0.06083094947994336,0.24945652173913044,0.4782608695652174,,,
VitalDB,0.35,MCAR,weak,Gamma2_prediction_sensitivity_region,full,MNAR_event_rate_coverage,300,0.39666666666666667,,,,,,
VitalDB,0.35,MCAR,weak,IPAW_design_probability_truncated99,reconstructed,event_rate,300,0.097902267262278,0.022360498268931533,0.058454433916455724,0.14215043082165757,0.1419753086419753,-0.044073041379697295,0.04940403039916835
VitalDB,0.35,MCAR,weak,IPAW_design_probability_truncated99,reconstructed,oe,300,0.9738859836128267,0.21929373278321806,0.5840281661229639,1.3986526205680945,1.4167750646420612,-0.4428890810292344,0.49404471477332595
VitalDB,0.35,MCAR,weak,IPAW_design_probability_truncated99,reconstructed,brier,300,0.07999936896033617,0.018170100610122086,0.04836250740521352,0.11712288561826428,0.11053590028892503,-0.030536531328588856,0.035518048837784456
VitalDB,0.35,MCAR,weak,IPAW_design_probability_truncated99,reconstructed,auc,300,0.7182436671125938,0.06812744418423781,0.5822707866968047,0.8500663402146286,0.7044103847356897,0.013833282376904066,0.06940631952657732
VitalDB,0.35,MCAR,weak,IPAW_design_probability_truncated99,reconstructed,calibration_intercept,300,-0.6368988506006505,0.39052428995240995,-1.3602009296517559,0.16208492416277717,-0.22511057884817762,-0.4117882717524729,0.5670718100254849
VitalDB,0.35,MCAR,weak,IPAW_design_probability_truncated99,reconstructed,calibration_slope,300,0.709317960327098,0.20646880023690706,0.3706469081161143,1.1699161271254068,0.6581631632744903,0.051154797052607726,0.2123772135796519
VitalDB,0.35,MCAR,weak,IPAW_design_probability_truncated99,reconstructed,outcome_observed_fraction,300,0.3541460905349794,0.022896624511736702,0.30864197530864196,0.3950617283950617,,,
VitalDB,0.35,MCAR,weak,IPAW_design_probability_truncated99,reconstructed,reconstructed_sensitivity,300,0.36681159420289855,0.06083094947994336,0.24945652173913044,0.4782608695652174,,,
VitalDB,0.35,MCAR,weak,IPAW_design_probability_truncated99,reconstructed,ess,300,89.64782784255947,6.976599281476413,76.33030978629404,102.3958079502432,324.0,-234.35217215744052,234.45564887483482
VitalDB,0.35,MCAR,weak,IPAW_design_probability_truncated99,reconstructed,event_rate_se,300,0.026174660014102843,0.004866465463144728,0.017800798835263584,0.0355010035685663,0.019390267411834264,0.006784392602268579,0.008344550764741651
VitalDB,0.35,MCAR,weak,IPAW_design_probability_truncated99,reconstructed,weight_p99,300,7.411069387755106,1.1746615989017133,4.947433518862093,8.163265306122456,,,
VitalDB,0.35,MCAR,weak,IPAW_design_probability_truncated99,reconstructed,weight_max,300,7.509808286951149,1.1667956666474224,4.947433518862093,8.163265306122456,,,
VitalDB,0.35,MCAR,weak,IPAW_design_probability_truncated99,reconstructed,event_rate_interval_coverage,300,0.6,,,,,,
VitalDB,0.35,MCAR,weak,IPAW_design_probability_untruncated,reconstructed,event_rate,300,0.09778695898080501,0.022405570432707862,0.058381854944200035,0.1427591793548398,0.1419753086419753,-0.04418834966117029,0.049527229550064986
VitalDB,0.35,MCAR,weak,IPAW_design_probability_untruncated,reconstructed,oe,300,0.9734840641003722,0.22018626617952172,0.5835534979453874,1.4080716427064552,1.4167750646420612,-0.4432910005416889,0.49480025902979335
VitalDB,0.35,MCAR,weak,IPAW_design_probability_untruncated,reconstructed,brier,300,0.07993117158495162,0.018241994380675454,0.04829627808196983,0.1171457790467692,0.11053590028892503,-0.030604728703973405,0.03561334782772409
VitalDB,0.35,MCAR,weak,IPAW_design_probability_untruncated,reconstructed,auc,300,0.718211923646101,0.06823434726420141,0.5818211997699935,0.8500663402146286,0.7044103847356897,0.013801538910411248,0.06950459602821474
VitalDB,0.35,MCAR,weak,IPAW_design_probability_untruncated,reconstructed,calibration_intercept,300,-0.6375854786019504,0.3907172963253478,-1.3603719063314768,0.16056676207407786,-0.22511057884817762,-0.4124748997537727,0.5677029873879315
VitalDB,0.35,MCAR,weak,IPAW_design_probability_untruncated,reconstructed,calibration_slope,300,0.7095476248375081,0.2071842748899127,0.35758504777558237,1.1737534767116609,0.6581631632744903,0.05138446156301779,0.21312578970936696
VitalDB,0.35,MCAR,weak,IPAW_design_probability_untruncated,reconstructed,outcome_observed_fraction,300,0.3541460905349794,0.022896624511736702,0.30864197530864196,0.3950617283950617,,,
VitalDB,0.35,MCAR,weak,IPAW_design_probability_untruncated,reconstructed,reconstructed_sensitivity,300,0.36681159420289855,0.06083094947994336,0.24945652173913044,0.4782608695652174,,,
VitalDB,0.35,MCAR,weak,IPAW_design_probability_untruncated,reconstructed,ess,300,89.22248893801547,6.740439089522496,76.12021697597524,101.18170715858047,324.0,-234.7775110619845,234.87392740471662
VitalDB,0.35,MCAR,weak,IPAW_design_probability_untruncated,reconstructed,event_rate_se,300,0.026181338533452506,0.004921480200871116,0.01773410815404501,0.035949563899831796,0.019390267411834264,0.0067910711216182425,0.008382056894852944
VitalDB,0.35,MCAR,weak,IPAW_design_probability_untruncated,reconstructed,weight_p99,300,7.509808286951149,1.1667956666474224,4.947433518862093,8.163265306122456,,,
VitalDB,0.35,MCAR,weak,IPAW_design_probability_untruncated,reconstructed,weight_max,300,8.056070913213777,0.5782239832829124,4.947433518862093,8.163265306122456,,,
VitalDB,0.35,MCAR,weak,IPAW_design_probability_untruncated,reconstructed,event_rate_interval_coverage,300,0.59,,,,,,
VitalDB,0.35,MCAR,weak,full_reference,full,event_rate,300,0.1419753086419753,0.0,0.1419753086419753,0.1419753086419753,0.1419753086419753,0.0,0.0
VitalDB,0.35,MCAR,weak,full_reference,full,oe,300,1.4167750646420616,4.448312140598118e-16,1.4167750646420612,1.4167750646420612,1.4167750646420612,4.440892098500626e-16,0.0
VitalDB,0.35,MCAR,weak,full_reference,full,brier,300,0.11053590028892503,0.0,0.11053590028892503,0.11053590028892503,0.11053590028892503,0.0,0.0
VitalDB,0.35,MCAR,weak,full_reference,full,auc,300,0.7044103847356897,0.0,0.7044103847356897,0.7044103847356897,0.7044103847356897,0.0,0.0
VitalDB,0.35,MCAR,weak,full_reference,full,calibration_intercept,300,-0.2251105788481776,2.7801950878738235e-17,-0.22511057884817762,-0.22511057884817762,-0.22511057884817762,2.7755575615628914e-17,0.0
VitalDB,0.35,MCAR,weak,full_reference,full,calibration_slope,300,0.6581631632744902,1.1120780351495294e-16,0.6581631632744903,0.6581631632744903,0.6581631632744903,-1.1102230246251565e-16,0.0
VitalDB,0.35,MCAR,weak,full_reference,full,outcome_observed_fraction,300,0.3541460905349794,0.022896624511736702,0.30864197530864196,0.3950617283950617,,,
VitalDB,0.35,MCAR,weak,full_reference,full,reconstructed_sensitivity,300,0.36681159420289855,0.06083094947994336,0.24945652173913044,0.4782608695652174,,,
VitalDB,0.35,MCAR,weak,full_reference,full,ess,300,324.0,0.0,324.0,324.0,324.0,0.0,0.0
VitalDB,0.35,MCAR,weak,full_reference,full,event_rate_se,300,0.01939026741183426,3.475243859842279e-18,0.019390267411834264,0.019390267411834264,0.019390267411834264,-3.469446951953614e-18,0.0
VitalDB,0.35,MCAR,weak,full_reference,full,event_rate_interval_coverage,300,1.0,,,,,,
VitalDB,0.35,MCAR,weak,naive,reconstructed,event_rate,300,0.14933767072265883,0.025400695160635874,0.10165912518853695,0.20088235294117643,0.1419753086419753,0.007362362080683527,0.026405473656077923
VitalDB,0.35,MCAR,weak,naive,reconstructed,oe,300,1.058977320724398,0.17060765420796994,0.7381695125394246,1.3942431594311442,1.4167750646420612,-0.35779774391766317,0.3962690676648903
VitalDB,0.35,MCAR,weak,naive,reconstructed,brier,300,0.10664255465024172,0.017623747463694994,0.07137189982755514,0.1400189495180268,0.11053590028892503,-0.003893345638683307,0.018019969293651315
VitalDB,0.35,MCAR,weak,naive,reconstructed,auc,300,0.7485748449567357,0.05041897853101078,0.6469622133185963,0.8404634831460674,0.7044103847356897,0.04416446022104592,0.06696341810824648
VitalDB,0.35,MCAR,weak,naive,reconstructed,calibration_intercept,300,-0.35286118815650125,0.3020650257461916,-0.9554861908237948,0.23316104878830402,-0.22511057884817762,-0.12775060930832363,0.32750473842643124
VitalDB,0.35,MCAR,weak,naive,reconstructed,calibration_slope,300,0.7371475037357023,0.16096650255173614,0.4496039697528431,1.0618772402813388,0.6581631632744903,0.07898434046121194,0.17905969283645315
VitalDB,0.35,MCAR,weak,naive,reconstructed,outcome_observed_fraction,300,0.3541460905349794,0.022896624511736702,0.30864197530864196,0.3950617283950617,,,
VitalDB,0.35,MCAR,weak,naive,reconstructed,reconstructed_sensitivity,300,0.36681159420289855,0.06083094947994336,0.24945652173913044,0.4782608695652174,,,
VitalDB,0.35,MCAR,weak,naive,reconstructed,ess,300,114.74333333333334,7.418506341802694,100.0,128.0,324.0,-209.25666666666666,209.38768668031398
VitalDB,0.35,MCAR,weak,naive,reconstructed,event_rate_se,300,0.03317748963389261,0.0028579308928787356,0.027594675058046653,0.038624168547451806,0.019390267411834264,0.013787222222058346,0.01407934798533874
VitalDB,0.35,MCAR,weak,naive,reconstructed,event_rate_interval_coverage,300,0.9933333333333333,,,,,,
VitalDB,0.35,MCAR,weak,recalibration_intercept_apparent,reconstructed,event_rate,300,0.14933767072265883,0.025400695160635874,0.10165912518853695,0.20088235294117643,,,
VitalDB,0.35,MCAR,weak,recalibration_intercept_apparent,reconstructed,oe,300,1.0026557983316293,0.04859959686222542,0.8956693310834145,1.0960612675666275,1.0,0.002655798331629322,0.048591161856506526
VitalDB,0.35,MCAR,weak,recalibration_intercept_apparent,reconstructed,brier,300,0.11031311776033485,0.019992415991115977,0.07027305623157945,0.1484205884879135,,,
VitalDB,0.35,MCAR,weak,recalibration_intercept_apparent,reconstructed,auc,300,0.7273210170670397,0.0577917398128022,0.6128099143026005,0.8230889026795959,,,
VitalDB,0.35,MCAR,weak,recalibration_intercept_apparent,reconstructed,calibration_intercept,300,-0.5119065728873058,0.27661437704736835,-1.0792318412638502,-0.014721727335008506,0.0,-0.5119065728873058,0.5816431906612213
VitalDB,0.35,MCAR,weak,recalibration_intercept_apparent,reconstructed,calibration_slope,300,0.660472881675469,0.17385714628398363,0.3422991534838631,0.9955621692507752,1.0,-0.339527118324531,0.3813190488738493
VitalDB,0.35,MCAR,weak,recalibration_intercept_apparent,reconstructed,outcome_observed_fraction,300,0.3541460905349794,0.022896624511736702,0.30864197530864196,0.3950617283950617,,,
VitalDB,0.35,MCAR,weak,recalibration_intercept_apparent,reconstructed,reconstructed_sensitivity,300,0.36681159420289855,0.06083094947994336,0.24945652173913044,0.4782608695652174,,,
VitalDB,0.35,MCAR,weak,recalibration_intercept_apparent,reconstructed,ess,300,114.74333333333334,7.418506341802694,100.0,128.0,,,
VitalDB,0.35,MCAR,weak,recalibration_intercept_apparent,reconstructed,event_rate_se,300,0.03317748963389261,0.0028579308928787356,0.027594675058046653,0.038624168547451806,,,
VitalDB,0.35,MCAR,weak,recalibration_intercept_slope_apparent,reconstructed,event_rate,300,0.14933767072265883,0.025400695160635874,0.10165912518853695,0.20088235294117643,,,
VitalDB,0.35,MCAR,weak,recalibration_intercept_slope_apparent,reconstructed,oe,300,1.0063145679554668,0.07880168696860544,0.8703356015496636,1.1774133262916024,1.0,0.00631456795546681,0.07892325777613739
VitalDB,0.35,MCAR,weak,recalibration_intercept_slope_apparent,reconstructed,brier,300,0.11238965297564543,0.019629115587182642,0.07200998320179053,0.14898817558713487,,,
VitalDB,0.35,MCAR,weak,recalibration_intercept_slope_apparent,reconstructed,auc,300,0.7076438531137765,0.07256959402403187,0.5379784125188538,0.8122547095761381,,,
VitalDB,0.35,MCAR,weak,recalibration_intercept_slope_apparent,reconstructed,calibration_intercept,300,-0.4516447237896364,0.44917783526053434,-1.575272668315624,0.08283272525529042,0.0,-0.4516447237896364,0.6364520001205057
VitalDB,0.35,MCAR,weak,recalibration_intercept_slope_apparent,reconstructed,calibration_slope,300,0.7167109739800315,0.25655163390071745,0.1347118645462156,1.01322362253346,1.0,-0.2832890260199685,0.3819057702072765
VitalDB,0.35,MCAR,weak,recalibration_intercept_slope_apparent,reconstructed,outcome_observed_fraction,300,0.3541460905349794,0.022896624511736702,0.30864197530864196,0.3950617283950617,,,
VitalDB,0.35,MCAR,weak,recalibration_intercept_slope_apparent,reconstructed,reconstructed_sensitivity,300,0.36681159420289855,0.06083094947994336,0.24945652173913044,0.4782608695652174,,,
VitalDB,0.35,MCAR,weak,recalibration_intercept_slope_apparent,reconstructed,ess,300,114.74333333333334,7.418506341802694,100.0,128.0,,,
VitalDB,0.35,MCAR,weak,recalibration_intercept_slope_apparent,reconstructed,event_rate_se,300,0.03317748963389261,0.0028579308928787356,0.027594675058046653,0.038624168547451806,,,
VitalDB,0.35,MCAR,weak,recalibration_intercept_slope_truth,full,event_rate,300,0.1419753086419753,0.0,0.1419753086419753,0.1419753086419753,,,
VitalDB,0.35,MCAR,weak,recalibration_intercept_slope_truth,full,oe,300,1.2782456661568995,0.2773944619200443,0.8759444252862328,1.9528936485166806,1.0,0.2782456661568995,0.3925708164743375
VitalDB,0.35,MCAR,weak,recalibration_intercept_slope_truth,full,brier,300,0.11363981601425481,0.004184498103450054,0.10877282753596738,0.12271346088637652,,,
VitalDB,0.35,MCAR,weak,recalibration_intercept_slope_truth,full,auc,300,0.6773295276822021,0.036461079391240075,0.5774104629340007,0.7104433844228965,,,
VitalDB,0.35,MCAR,weak,recalibration_intercept_slope_truth,full,calibration_intercept,300,-0.26436645788508756,0.496787672212044,-1.2370676678667119,0.6498633550776824,0.0,-0.26436645788508756,0.5620186432367669
VitalDB,0.35,MCAR,weak,recalibration_intercept_slope_truth,full,calibration_slope,300,0.7184460063854596,0.26997685836879354,0.2406693634591623,1.3129475909795627,1.0,-0.28155399361454037,0.3897655667553655
VitalDB,0.35,MCAR,weak,recalibration_intercept_slope_truth,full,outcome_observed_fraction,300,0.3541460905349794,0.022896624511736702,0.30864197530864196,0.3950617283950617,,,
VitalDB,0.35,MCAR,weak,recalibration_intercept_slope_truth,full,reconstructed_sensitivity,300,0.36681159420289855,0.06083094947994336,0.24945652173913044,0.4782608695652174,,,
VitalDB,0.35,MCAR,weak,recalibration_intercept_slope_truth,full,ess,300,324.0,0.0,324.0,324.0,,,
VitalDB,0.35,MCAR,weak,recalibration_intercept_slope_truth,full,event_rate_se,300,0.01939026741183426,3.475243859842279e-18,0.019390267411834264,0.019390267411834264,,,
VitalDB,0.35,MCAR,weak,recalibration_intercept_truth,full,event_rate,300,0.1419753086419753,0.0,0.1419753086419753,0.1419753086419753,,,
VitalDB,0.35,MCAR,weak,recalibration_intercept_truth,full,oe,300,1.3691563209126483,0.2800713419654212,0.9608169418949587,2.0150106651937216,1.0,0.3691563209126483,0.46309273297915887
VitalDB,0.35,MCAR,weak,recalibration_intercept_truth,full,brier,300,0.1124740789020647,0.003185164883656645,0.1095611476940486,0.12037841451176894,,,
VitalDB,0.35,MCAR,weak,recalibration_intercept_truth,full,auc,300,0.6914526639557919,0.021432857623054503,0.6360631060369095,0.7130767125430091,,,
VitalDB,0.35,MCAR,weak,recalibration_intercept_truth,full,calibration_intercept,300,-0.38391273913751967,0.22702690536815254,-0.8546129016410913,0.037925638282234074,0.0,-0.38391273913751967,0.4458232867186017
VitalDB,0.35,MCAR,weak,recalibration_intercept_truth,full,calibration_slope,300,0.6035909923820839,0.07602133618517716,0.3937638695342374,0.6679690480660962,1.0,-0.3964090076179161,0.4036088214234374
VitalDB,0.35,MCAR,weak,recalibration_intercept_truth,full,outcome_observed_fraction,300,0.3541460905349794,0.022896624511736702,0.30864197530864196,0.3950617283950617,,,
VitalDB,0.35,MCAR,weak,recalibration_intercept_truth,full,reconstructed_sensitivity,300,0.36681159420289855,0.06083094947994336,0.24945652173913044,0.4782608695652174,,,
VitalDB,0.35,MCAR,weak,recalibration_intercept_truth,full,ess,300,324.0,0.0,324.0,324.0,,,
VitalDB,0.35,MCAR,weak,recalibration_intercept_truth,full,event_rate_se,300,0.01939026741183426,3.475243859842279e-18,0.019390267411834264,0.019390267411834264,,,
VitalDB,0.35,MCAR,weak,reference_05pct_recalibration,full_heldout,event_rate,297,0.14233033280652327,0.005973275846816036,0.1292517006802721,0.15306122448979592,,,
VitalDB,0.35,MCAR,weak,reference_05pct_recalibration,full_heldout,oe,297,1.4181993136599784,1.699424736035003,0.4950614868651008,4.289357161433185,1.0,0.4181993136599784,1.7473439970600646
VitalDB,0.35,MCAR,weak,reference_05pct_recalibration,full_heldout,brier,297,0.12181105377565547,0.01665336693021701,0.10795394432611068,0.15382315618286208,,,
VitalDB,0.35,MCAR,weak,reference_05pct_recalibration,full_heldout,auc,297,0.6656874770768819,0.11906910893396096,0.27401093301213747,0.7215892922886901,,,
VitalDB,0.35,MCAR,weak,reference_05pct_recalibration,full_heldout,calibration_intercept,297,1.2053739997405903,11.63310729360886,-8.649871062388389,34.68915357707574,0.0,1.2053739997405903,11.675892169821191
VitalDB,0.35,MCAR,weak,reference_05pct_recalibration,full_heldout,calibration_slope,297,1.5491554998614643,6.088309507485305,-2.842690075852096,13.85657584717455,1.0,0.5491554998614643,6.1028090238868655
VitalDB,0.35,MCAR,weak,reference_05pct_recalibration,full_heldout,outcome_observed_fraction,297,0.3542004406201937,0.022926046979860226,0.30864197530864196,0.3950617283950617,,,
VitalDB,0.35,MCAR,weak,reference_05pct_recalibration,full_heldout,reconstructed_sensitivity,297,0.36671058410188845,0.06099060992995279,0.24782608695652175,0.4782608695652174,,,
VitalDB,0.35,MCAR,weak,reference_05pct_recalibration,full_heldout,ess,297,294.0,0.0,294.0,294.0,,,
VitalDB,0.35,MCAR,weak,reference_05pct_recalibration,full_heldout,event_rate_se,297,0.020370640634387722,0.0003588283078173737,0.01956549254362358,0.020998338616454712,,,
VitalDB,0.35,MCAR,weak,reference_05pct_recalibration,full_heldout,reference_sample_n,297,30.0,0.0,30.0,30.0,,,
VitalDB,0.35,MCAR,weak,reference_05pct_recalibration,full_heldout,evaluation_n,297,294.0,0.0,294.0,294.0,,,
VitalDB,0.35,MCAR,weak,reference_10pct_recalibration,full_heldout,event_rate,298,0.1425309624299453,0.006198587974554798,0.13058419243986255,0.15463917525773196,,,
VitalDB,0.35,MCAR,weak,reference_10pct_recalibration,full_heldout,oe,298,1.3904185729027685,1.6733835748582477,0.49974406129127624,4.127765421868361,1.0,0.3904185729027685,1.715588110279929
VitalDB,0.35,MCAR,weak,reference_10pct_recalibration,full_heldout,brier,298,0.12099865186267854,0.014707958414299397,0.1073711975662634,0.1503461948028348,,,
VitalDB,0.35,MCAR,weak,reference_10pct_recalibration,full_heldout,auc,298,0.6675622428218776,0.1170278140970692,0.2722780572330403,0.7258142430278884,,,
VitalDB,0.35,MCAR,weak,reference_10pct_recalibration,full_heldout,calibration_intercept,298,1.0260165664845178,10.464006121500699,-10.059333397675218,18.97402921337184,0.0,1.0260165664845178,10.496699471567625
VitalDB,0.35,MCAR,weak,reference_10pct_recalibration,full_heldout,calibration_slope,298,1.465004422524844,4.752009004549009,-4.125902739614111,9.674742332874448,1.0,0.465004422524844,4.766764263737322
VitalDB,0.35,MCAR,weak,reference_10pct_recalibration,full_heldout,outcome_observed_fraction,298,0.3540993454304416,0.022953857010815117,0.30864197530864196,0.3950617283950617,,,
VitalDB,0.35,MCAR,weak,reference_10pct_recalibration,full_heldout,reconstructed_sensitivity,298,0.3666472133060987,0.06089767206236081,0.2483695652173913,0.4782608695652174,,,
VitalDB,0.35,MCAR,weak,reference_10pct_recalibration,full_heldout,ess,298,291.0,0.0,291.0,291.0,,,
VitalDB,0.35,MCAR,weak,reference_10pct_recalibration,full_heldout,event_rate_se,298,0.020486955529207245,0.000373355756292066,0.019752068152595607,0.021195044218573513,,,
VitalDB,0.35,MCAR,weak,reference_10pct_recalibration,full_heldout,reference_sample_n,298,33.0,0.0,33.0,33.0,,,
VitalDB,0.35,MCAR,weak,reference_10pct_recalibration,full_heldout,evaluation_n,298,291.0,0.0,291.0,291.0,,,
VitalDB,0.35,MCAR,weak,reference_20pct_recalibration,full_heldout,event_rate,300,0.14261261261261257,0.01021719997847123,0.12355212355212356,0.16216216216216217,,,
VitalDB,0.35,MCAR,weak,reference_20pct_recalibration,full_heldout,oe,300,1.1454350704201985,0.5240983281200158,0.5741042744330211,2.441463814693049,1.0,0.14543507042019854,0.5430606047098824
VitalDB,0.35,MCAR,weak,reference_20pct_recalibration,full_heldout,brier,300,0.11501567756408808,0.009354832837675598,0.1036186384173379,0.13691342401788223,,,
VitalDB,0.35,MCAR,weak,reference_20pct_recalibration,full_heldout,auc,300,0.6945562188927261,0.0662278691955195,0.6569534197273827,0.74293931322529,,,
VitalDB,0.35,MCAR,weak,reference_20pct_recalibration,full_heldout,calibration_intercept,300,-0.03317118971659293,9.304263157984014,-1.4979712138554246,9.113250046004994,0.0,-0.03317118971659293,9.288802337463597
VitalDB,0.35,MCAR,weak,reference_20pct_recalibration,full_heldout,calibration_slope,300,1.0107031303939717,4.232904891452017,0.3373099666022769,5.146136381781586,1.0,0.01070313039397175,4.225857715424374
VitalDB,0.35,MCAR,weak,reference_20pct_recalibration,full_heldout,outcome_observed_fraction,300,0.3541460905349794,0.022896624511736702,0.30864197530864196,0.3950617283950617,,,
VitalDB,0.35,MCAR,weak,reference_20pct_recalibration,full_heldout,reconstructed_sensitivity,300,0.36681159420289855,0.06083094947994336,0.24945652173913044,0.4782608695652174,,,
VitalDB,0.35,MCAR,weak,reference_20pct_recalibration,full_heldout,ess,300,259.0,0.0,259.0,259.0,,,
VitalDB,0.35,MCAR,weak,reference_20pct_recalibration,full_heldout,event_rate_se,300,0.02170875076643109,0.0006566874157165596,0.020447408414756684,0.022903658837129595,,,
VitalDB,0.35,MCAR,weak,reference_20pct_recalibration,full_heldout,reference_sample_n,300,65.0,0.0,65.0,65.0,,,
VitalDB,0.35,MCAR,weak,reference_20pct_recalibration,full_heldout,evaluation_n,300,259.0,0.0,259.0,259.0,,,
VitalDB,0.35,MCAR,weak,reference_30pct_recalibration,full_heldout,event_rate,300,0.1429646017699115,0.013063433454856166,0.11714601769911505,0.16371681415929204,,,
VitalDB,0.35,MCAR,weak,reference_30pct_recalibration,full_heldout,oe,300,1.093479210451726,0.3716218751168039,0.5792302571376421,1.8661877642446187,1.0,0.09347921045172591,0.3825974883936421
VitalDB,0.35,MCAR,weak,reference_30pct_recalibration,full_heldout,brier,300,0.1133451820805613,0.009674606216608707,0.09935518407959454,0.13312032322350134,,,
VitalDB,0.35,MCAR,weak,reference_30pct_recalibration,full_heldout,auc,300,0.7023117134753651,0.04736920908229929,0.6490497700701716,0.757533946343689,,,
VitalDB,0.35,MCAR,weak,reference_30pct_recalibration,full_heldout,calibration_intercept,300,0.4790573173218899,3.0762855060718346,-1.1837425441480163,4.652571793455415,0.0,0.4790573173218899,3.108292669579941
VitalDB,0.35,MCAR,weak,reference_30pct_recalibration,full_heldout,calibration_slope,300,1.2493792017081067,1.604504367118833,0.3983854327044424,3.3482537129223666,1.0,0.24937920170810668,1.621123931968487
VitalDB,0.35,MCAR,weak,reference_30pct_recalibration,full_heldout,outcome_observed_fraction,300,0.3541460905349794,0.022896624511736702,0.30864197530864196,0.3950617283950617,,,
VitalDB,0.35,MCAR,weak,reference_30pct_recalibration,full_heldout,reconstructed_sensitivity,300,0.36681159420289855,0.06083094947994336,0.24945652173913044,0.4782608695652174,,,
VitalDB,0.35,MCAR,weak,reference_30pct_recalibration,full_heldout,ess,300,226.0,0.0,226.0,226.0,,,
VitalDB,0.35,MCAR,weak,reference_30pct_recalibration,full_heldout,event_rate_se,300,0.023250602984576187,0.0008993296560441017,0.021390908145789166,0.024613258075699584,,,
VitalDB,0.35,MCAR,weak,reference_30pct_recalibration,full_heldout,reference_sample_n,300,98.0,0.0,98.0,98.0,,,
VitalDB,0.35,MCAR,weak,reference_30pct_recalibration,full_heldout,evaluation_n,300,226.0,0.0,226.0,226.0,,,
VitalDB,0.35,history_MAR,strong,AIPW_design_probability,reconstructed,event_rate,300,0.0909510902675626,0.02044290912995051,0.05316212381723107,0.12899856696706433,0.1419753086419753,-0.051024218374412705,0.054954438880186786
VitalDB,0.35,history_MAR,strong,AIPW_design_probability,reconstructed,oe,300,0.9076031461078651,0.20400028836770878,0.5305061290453055,1.287279843246362,1.4167750646420612,-0.5091719185341961,0.5483916847342983
VitalDB,0.35,history_MAR,strong,AIPW_design_probability,reconstructed,outcome_observed_fraction,300,0.30858024691358027,0.02295127339301414,0.2654320987654321,0.35802469135802467,,,
VitalDB,0.35,history_MAR,strong,AIPW_design_probability,reconstructed,reconstructed_sensitivity,300,0.4317391304347825,0.05875499883764707,0.3146739130434783,0.5434782608695652,,,
VitalDB,0.35,history_MAR,strong,AIPW_design_probability,reconstructed,ess,300,68.02111449894763,6.200509368743964,57.240725708643026,80.77805199713158,324.0,-255.9788855010524,256.0537208954493
VitalDB,0.35,history_MAR,strong,AIPW_design_probability,reconstructed,event_rate_se,300,0.024849649353056277,0.004020558455603191,0.018527822633753906,0.034319179422026856,0.019390267411834264,0.005459381941222013,0.006776124150826459
VitalDB,0.35,history_MAR,strong,AIPW_design_probability,reconstructed,event_rate_interval_coverage,300,0.4533333333333333,,,,,,
VitalDB,0.35,history_MAR,strong,Gamma2_prediction_sensitivity_region,full,event_rate,300,0.12412942116704481,0.00801173047361449,0.10905499143491872,0.13997309389623208,0.1419753086419753,-0.01784588747493049,0.019556317790740966
VitalDB,0.35,history_MAR,strong,Gamma2_prediction_sensitivity_region,full,outcome_observed_fraction,300,0.30858024691358027,0.02295127339301414,0.2654320987654321,0.35802469135802467,,,
VitalDB,0.35,history_MAR,strong,Gamma2_prediction_sensitivity_region,full,reconstructed_sensitivity,300,0.4317391304347825,0.05875499883764707,0.3146739130434783,0.5434782608695652,,,
VitalDB,0.35,history_MAR,strong,Gamma2_prediction_sensitivity_region,full,MNAR_event_rate_coverage,300,0.9633333333333334,,,,,,
VitalDB,0.35,history_MAR,strong,IPAW_design_probability_truncated99,reconstructed,event_rate,300,0.09102718727870235,0.01907365301795071,0.05811863895414652,0.13097672495334134,0.1419753086419753,-0.05094812136327295,0.054390280649191415
VitalDB,0.35,history_MAR,strong,IPAW_design_probability_truncated99,reconstructed,oe,300,0.9232935082664188,0.19504535136303036,0.5760636719855178,1.3367382752925998,1.4167750646420612,-0.4934815563756424,0.5305091201926943
VitalDB,0.35,history_MAR,strong,IPAW_design_probability_truncated99,reconstructed,brier,300,0.07477348399633943,0.015721190609560107,0.0479379322750079,0.10645004367113228,0.11053590028892503,-0.0357624162925856,0.03905486397986434
VitalDB,0.35,history_MAR,strong,IPAW_design_probability_truncated99,reconstructed,auc,300,0.7131151464982304,0.06283873462143844,0.5928005551475418,0.8467519192127865,0.7044103847356897,0.008704761762540647,0.06333495946897529
VitalDB,0.35,history_MAR,strong,IPAW_design_probability_truncated99,reconstructed,calibration_intercept,300,-0.6863132430916999,0.3414482396477812,-1.273101281173305,-0.010011182980798413,-0.22511057884817762,-0.4612026642435223,0.5735034218404426
VitalDB,0.35,history_MAR,strong,IPAW_design_probability_truncated99,reconstructed,calibration_slope,300,0.7175065240785322,0.1868698757886759,0.40050896572574696,1.1220686024609623,0.6581631632744903,0.0593433608040419,0.1957692105018975
VitalDB,0.35,history_MAR,strong,IPAW_design_probability_truncated99,reconstructed,outcome_observed_fraction,300,0.30858024691358027,0.02295127339301414,0.2654320987654321,0.35802469135802467,,,
VitalDB,0.35,history_MAR,strong,IPAW_design_probability_truncated99,reconstructed,reconstructed_sensitivity,300,0.4317391304347825,0.05875499883764707,0.3146739130434783,0.5434782608695652,,,
VitalDB,0.35,history_MAR,strong,IPAW_design_probability_truncated99,reconstructed,ess,300,69.09025600696785,6.11328927482044,58.552773867772856,82.1239809167369,324.0,-254.90974399303215,254.9827941528571
VitalDB,0.35,history_MAR,strong,IPAW_design_probability_truncated99,reconstructed,event_rate_se,300,0.023241895409592327,0.004383621294326837,0.015947593372094015,0.032670104231829346,0.019390267411834264,0.0038516279977580635,0.005829847347888501
VitalDB,0.35,history_MAR,strong,IPAW_design_probability_truncated99,reconstructed,weight_p99,300,10.359323157930218,1.310881716146739,8.119328698917961,13.36963432046873,,,
VitalDB,0.35,history_MAR,strong,IPAW_design_probability_truncated99,reconstructed,weight_max,300,10.430804781085008,1.3073405806190965,8.159091398947613,13.418340819513547,,,
VitalDB,0.35,history_MAR,strong,IPAW_design_probability_truncated99,reconstructed,event_rate_interval_coverage,300,0.38666666666666666,,,,,,
VitalDB,0.35,history_MAR,strong,IPAW_design_probability_untruncated,reconstructed,event_rate,300,0.09055216399163521,0.01904917874129825,0.057952985207569536,0.1304657656831291,0.1419753086419753,-0.05142314465034009,0.05482701383210047
VitalDB,0.35,history_MAR,strong,IPAW_design_probability_untruncated,reconstructed,oe,300,0.9183968468707883,0.19539701165108217,0.5644594282260972,1.3327938186449964,1.4167750646420612,-0.4983782177712729,0.5351948929787194
VitalDB,0.35,history_MAR,strong,IPAW_design_probability_untruncated,reconstructed,brier,300,0.07446056337667831,0.015662465727759752,0.04792205076337159,0.10548927287395042,0.11053590028892503,-0.03607533691224672,0.03931825347803633
VitalDB,0.35,history_MAR,strong,IPAW_design_probability_untruncated,reconstructed,auc,300,0.7124142793206435,0.06282786661628978,0.5922230619033954,0.8455111128423446,0.7044103847356897,0.008003894584953763,0.0632316799502921
VitalDB,0.35,history_MAR,strong,IPAW_design_probability_untruncated,reconstructed,calibration_intercept,300,-0.6925576671079847,0.34184118505351985,-1.2996713065114622,-0.011891371876885246,-0.22511057884817762,-0.4674470882598071,0.5787682248839949
VitalDB,0.35,history_MAR,strong,IPAW_design_probability_untruncated,reconstructed,calibration_slope,300,0.7179483872259284,0.18700355172713554,0.3986904988194028,1.1208405184872559,0.6581631632744903,0.05978522395143804,0.19603069555631297
VitalDB,0.35,history_MAR,strong,IPAW_design_probability_untruncated,reconstructed,outcome_observed_fraction,300,0.30858024691358027,0.02295127339301414,0.2654320987654321,0.35802469135802467,,,
VitalDB,0.35,history_MAR,strong,IPAW_design_probability_untruncated,reconstructed,reconstructed_sensitivity,300,0.4317391304347825,0.05875499883764707,0.3146739130434783,0.5434782608695652,,,
VitalDB,0.35,history_MAR,strong,IPAW_design_probability_untruncated,reconstructed,ess,300,68.02111449894763,6.200509368743964,57.240725708643026,80.77805199713158,324.0,-255.9788855010524,256.0537208954493
VitalDB,0.35,history_MAR,strong,IPAW_design_probability_untruncated,reconstructed,event_rate_se,300,0.02316935353044779,0.004377718677192315,0.015909267160093585,0.03258448804050652,0.019390267411834264,0.003779086118613526,0.005777718520818901
VitalDB,0.35,history_MAR,strong,IPAW_design_probability_untruncated,reconstructed,weight_p99,300,10.430804781085008,1.3073405806190965,8.159091398947613,13.418340819513547,,,
VitalDB,0.35,history_MAR,strong,IPAW_design_probability_untruncated,reconstructed,weight_max,300,12.240535713687738,2.3924291541030853,9.286232368999952,18.247576146450534,,,
VitalDB,0.35,history_MAR,strong,IPAW_design_probability_untruncated,reconstructed,event_rate_interval_coverage,300,0.38333333333333336,,,,,,
VitalDB,0.35,history_MAR,strong,full_reference,full,event_rate,300,0.1419753086419753,0.0,0.1419753086419753,0.1419753086419753,0.1419753086419753,0.0,0.0
VitalDB,0.35,history_MAR,strong,full_reference,full,oe,300,1.4167750646420616,4.448312140598118e-16,1.4167750646420612,1.4167750646420612,1.4167750646420612,4.440892098500626e-16,0.0
VitalDB,0.35,history_MAR,strong,full_reference,full,brier,300,0.11053590028892503,0.0,0.11053590028892503,0.11053590028892503,0.11053590028892503,0.0,0.0
VitalDB,0.35,history_MAR,strong,full_reference,full,auc,300,0.7044103847356897,0.0,0.7044103847356897,0.7044103847356897,0.7044103847356897,0.0,0.0
VitalDB,0.35,history_MAR,strong,full_reference,full,calibration_intercept,300,-0.2251105788481776,2.7801950878738235e-17,-0.22511057884817762,-0.22511057884817762,-0.22511057884817762,2.7755575615628914e-17,0.0
VitalDB,0.35,history_MAR,strong,full_reference,full,calibration_slope,300,0.6581631632744902,1.1120780351495294e-16,0.6581631632744903,0.6581631632744903,0.6581631632744903,-1.1102230246251565e-16,0.0
VitalDB,0.35,history_MAR,strong,full_reference,full,outcome_observed_fraction,300,0.30858024691358027,0.02295127339301414,0.2654320987654321,0.35802469135802467,,,
VitalDB,0.35,history_MAR,strong,full_reference,full,reconstructed_sensitivity,300,0.4317391304347825,0.05875499883764707,0.3146739130434783,0.5434782608695652,,,
VitalDB,0.35,history_MAR,strong,full_reference,full,ess,300,324.0,0.0,324.0,324.0,324.0,0.0,0.0
VitalDB,0.35,history_MAR,strong,full_reference,full,event_rate_se,300,0.01939026741183426,3.475243859842279e-18,0.019390267411834264,0.019390267411834264,0.019390267411834264,-3.469446951953614e-18,0.0
VitalDB,0.35,history_MAR,strong,full_reference,full,event_rate_interval_coverage,300,1.0,,,,,,
VitalDB,0.35,history_MAR,strong,naive,reconstructed,event_rate,300,0.20226642525250077,0.027014413263754825,0.15384615384615385,0.2555789213260762,0.1419753086419753,0.06029111661052547,0.0660481996049019
VitalDB,0.35,history_MAR,strong,naive,reconstructed,oe,300,1.354816181714674,0.17990895294763984,1.0311759073591358,1.7426849164397185,1.4167750646420612,-0.06195888292738716,0.18999537824156854
VitalDB,0.35,history_MAR,strong,naive,reconstructed,brier,300,0.1405360918956112,0.020415273468133027,0.10411108603316037,0.17884051846184573,0.11053590028892503,0.03000019160668617,0.03626852091342129
VitalDB,0.35,history_MAR,strong,naive,reconstructed,auc,300,0.7198611271074156,0.04789869710249978,0.6343857758620689,0.8155429409947482,0.7044103847356897,0.015450742371725834,0.05025299002720212
VitalDB,0.35,history_MAR,strong,naive,reconstructed,calibration_intercept,300,-0.15085836001586017,0.259972894348461,-0.6474355796660686,0.4135273220017919,-0.22511057884817762,0.07425221883231745,0.26995186875586796
VitalDB,0.35,history_MAR,strong,naive,reconstructed,calibration_slope,300,0.6263891924067644,0.14354553299337489,0.4006857819918832,0.9170645272692587,0.6581631632744903,-0.03177397086772593,0.14678631021629368
VitalDB,0.35,history_MAR,strong,naive,reconstructed,outcome_observed_fraction,300,0.30858024691358027,0.02295127339301414,0.2654320987654321,0.35802469135802467,,,
VitalDB,0.35,history_MAR,strong,naive,reconstructed,reconstructed_sensitivity,300,0.4317391304347825,0.05875499883764707,0.3146739130434783,0.5434782608695652,,,
VitalDB,0.35,history_MAR,strong,naive,reconstructed,ess,300,99.98,7.436212579336582,86.0,116.0,324.0,-224.01999999999998,224.14297520407223
VitalDB,0.35,history_MAR,strong,naive,reconstructed,event_rate_se,300,0.04013267013548043,0.0027562430063431524,0.0351382452387429,0.046009052286767216,0.019390267411834264,0.020742402723646164,0.020924120610949767
VitalDB,0.35,history_MAR,strong,naive,reconstructed,event_rate_interval_coverage,300,0.78,,,,,,
VitalDB,0.35,history_MAR,strong,recalibration_intercept_apparent,reconstructed,event_rate,300,0.20226642525250077,0.027014413263754825,0.15384615384615385,0.2555789213260762,,,
VitalDB,0.35,history_MAR,strong,recalibration_intercept_apparent,reconstructed,oe,300,0.9994578813864463,0.042006298407707546,0.9103170834547806,1.1073906724707114,1.0,-0.0005421186135536882,0.04193973336613078
VitalDB,0.35,history_MAR,strong,recalibration_intercept_apparent,reconstructed,brier,300,0.14529189019713382,0.020952421125085635,0.10687819670964564,0.1883100957684079,,,
VitalDB,0.35,history_MAR,strong,recalibration_intercept_apparent,reconstructed,auc,300,0.7005866741454717,0.054802328136565485,0.5905932011352492,0.7907075671105473,,,
VitalDB,0.35,history_MAR,strong,recalibration_intercept_apparent,reconstructed,calibration_intercept,300,-0.5311624316933437,0.20325085861713088,-0.9445958755504044,-0.17830311613297373,0.0,-0.5311624316933437,0.568600683549148
VitalDB,0.35,history_MAR,strong,recalibration_intercept_apparent,reconstructed,calibration_slope,300,0.5638376413285385,0.15307275138433335,0.2948226416163073,0.8339425503162256,1.0,-0.43616235867146147,0.4621588104906884
VitalDB,0.35,history_MAR,strong,recalibration_intercept_apparent,reconstructed,outcome_observed_fraction,300,0.30858024691358027,0.02295127339301414,0.2654320987654321,0.35802469135802467,,,
VitalDB,0.35,history_MAR,strong,recalibration_intercept_apparent,reconstructed,reconstructed_sensitivity,300,0.4317391304347825,0.05875499883764707,0.3146739130434783,0.5434782608695652,,,
VitalDB,0.35,history_MAR,strong,recalibration_intercept_apparent,reconstructed,ess,300,99.98,7.436212579336582,86.0,116.0,,,
VitalDB,0.35,history_MAR,strong,recalibration_intercept_apparent,reconstructed,event_rate_se,300,0.04013267013548043,0.0027562430063431524,0.0351382452387429,0.046009052286767216,,,
VitalDB,0.35,history_MAR,strong,recalibration_intercept_slope_apparent,reconstructed,event_rate,300,0.20226642525250077,0.027014413263754825,0.15384615384615385,0.2555789213260762,,,
VitalDB,0.35,history_MAR,strong,recalibration_intercept_slope_apparent,reconstructed,oe,300,1.0112357309789937,0.0699262896674582,0.9005387782782965,1.1963779422332483,1.0,0.011235730978993663,0.07070805246929611
VitalDB,0.35,history_MAR,strong,recalibration_intercept_slope_apparent,reconstructed,brier,300,0.14620979292224662,0.021049050055999777,0.1095329570636559,0.18708573790279884,,,
VitalDB,0.35,history_MAR,strong,recalibration_intercept_slope_apparent,reconstructed,auc,300,0.6768328535376498,0.07255541560531416,0.520365560842365,0.787572143602452,,,
VitalDB,0.35,history_MAR,strong,recalibration_intercept_slope_apparent,reconstructed,calibration_intercept,300,-0.4272620017947567,0.43656503521950946,-1.3570325746620333,0.024748396830619773,0.0,-0.4272620017947567,0.6103331478686758
VitalDB,0.35,history_MAR,strong,recalibration_intercept_slope_apparent,reconstructed,calibration_slope,300,0.668929732930246,0.29521976439854286,0.03022103795099243,1.003249897060884,1.0,-0.33107026706975395,0.4432513004284714
VitalDB,0.35,history_MAR,strong,recalibration_intercept_slope_apparent,reconstructed,outcome_observed_fraction,300,0.30858024691358027,0.02295127339301414,0.2654320987654321,0.35802469135802467,,,
VitalDB,0.35,history_MAR,strong,recalibration_intercept_slope_apparent,reconstructed,reconstructed_sensitivity,300,0.4317391304347825,0.05875499883764707,0.3146739130434783,0.5434782608695652,,,
VitalDB,0.35,history_MAR,strong,recalibration_intercept_slope_apparent,reconstructed,ess,300,99.98,7.436212579336582,86.0,116.0,,,
VitalDB,0.35,history_MAR,strong,recalibration_intercept_slope_apparent,reconstructed,event_rate_se,300,0.04013267013548043,0.0027562430063431524,0.0351382452387429,0.046009052286767216,,,
VitalDB,0.35,history_MAR,strong,recalibration_intercept_slope_truth,full,event_rate,300,0.1419753086419753,0.0,0.1419753086419753,0.1419753086419753,,,
VitalDB,0.35,history_MAR,strong,recalibration_intercept_slope_truth,full,oe,300,0.9119185934587677,0.16508230637032023,0.6490249422391913,1.2857066942606303,1.0,-0.08808140654123231,0.18686803229883275
VitalDB,0.35,history_MAR,strong,recalibration_intercept_slope_truth,full,brier,300,0.11467719925182379,0.005720842718462652,0.10874299610126827,0.12946063226635768,,,
VitalDB,0.35,history_MAR,strong,recalibration_intercept_slope_truth,full,auc,300,0.6745381086435199,0.038165586981008824,0.5809782608695652,0.7112214576165155,,,
VitalDB,0.35,history_MAR,strong,recalibration_intercept_slope_truth,full,calibration_intercept,300,-0.4615240455178107,0.45105848252647396,-1.4214370468752577,0.3803364194176509,0.0,-0.4615240455178107,0.6448100651106607
VitalDB,0.35,history_MAR,strong,recalibration_intercept_slope_truth,full,calibration_slope,300,0.8025182286918707,0.3177416621052417,0.20790642996328948,1.4201840994438768,1.0,-0.19748177130812927,0.37366064990880854
VitalDB,0.35,history_MAR,strong,recalibration_intercept_slope_truth,full,outcome_observed_fraction,300,0.30858024691358027,0.02295127339301414,0.2654320987654321,0.35802469135802467,,,
VitalDB,0.35,history_MAR,strong,recalibration_intercept_slope_truth,full,reconstructed_sensitivity,300,0.4317391304347825,0.05875499883764707,0.3146739130434783,0.5434782608695652,,,
VitalDB,0.35,history_MAR,strong,recalibration_intercept_slope_truth,full,ess,300,324.0,0.0,324.0,324.0,,,
VitalDB,0.35,history_MAR,strong,recalibration_intercept_slope_truth,full,event_rate_se,300,0.01939026741183426,3.475243859842279e-18,0.019390267411834264,0.019390267411834264,,,
VitalDB,0.35,history_MAR,strong,recalibration_intercept_truth,full,event_rate,300,0.1419753086419753,0.0,0.1419753086419753,0.1419753086419753,,,
VitalDB,0.35,history_MAR,strong,recalibration_intercept_truth,full,oe,300,1.0050263032856521,0.1666162002857081,0.739004391388083,1.37221038314472,1.0,0.005026303285652123,0.1664141982976244
VitalDB,0.35,history_MAR,strong,recalibration_intercept_truth,full,brier,300,0.11324828936072905,0.003534626920455433,0.10958408470857774,0.12424552742857058,,,
VitalDB,0.35,history_MAR,strong,recalibration_intercept_truth,full,auc,300,0.6917477322489834,0.017912989336201317,0.6399221926806381,0.7092625899280575,,,
VitalDB,0.35,history_MAR,strong,recalibration_intercept_truth,full,calibration_intercept,300,-0.6406593241644519,0.1730660962034498,-1.0523746910298153,-0.3267692498062674,0.0,-0.6406593241644519,0.6635483431635586
VitalDB,0.35,history_MAR,strong,recalibration_intercept_truth,full,calibration_slope,300,0.6065361685846866,0.06575428802663669,0.41396308045229513,0.6636328120097329,1.0,-0.3934638314153134,0.3989022448394197
VitalDB,0.35,history_MAR,strong,recalibration_intercept_truth,full,outcome_observed_fraction,300,0.30858024691358027,0.02295127339301414,0.2654320987654321,0.35802469135802467,,,
VitalDB,0.35,history_MAR,strong,recalibration_intercept_truth,full,reconstructed_sensitivity,300,0.4317391304347825,0.05875499883764707,0.3146739130434783,0.5434782608695652,,,
VitalDB,0.35,history_MAR,strong,recalibration_intercept_truth,full,ess,300,324.0,0.0,324.0,324.0,,,
VitalDB,0.35,history_MAR,strong,recalibration_intercept_truth,full,event_rate_se,300,0.01939026741183426,3.475243859842279e-18,0.019390267411834264,0.019390267411834264,,,
VitalDB,0.35,history_MAR,strong,reference_05pct_recalibration,full_heldout,event_rate,297,0.1417577131862846,0.005914403897616264,0.1292517006802721,0.15306122448979592,,,
VitalDB,0.35,history_MAR,strong,reference_05pct_recalibration,full_heldout,oe,297,1.3615629165708512,1.7826732873923903,0.5294334470095958,3.884533302706273,1.0,0.36156291657085116,1.8160263520242725
VitalDB,0.35,history_MAR,strong,reference_05pct_recalibration,full_heldout,brier,297,0.12117751425367823,0.014472393596352696,0.106830386503366,0.15595941163788066,,,
VitalDB,0.35,history_MAR,strong,reference_05pct_recalibration,full_heldout,auc,297,0.6565733620779597,0.13028803284605223,0.2636419429302755,0.7235693083772934,,,
VitalDB,0.35,history_MAR,strong,reference_05pct_recalibration,full_heldout,calibration_intercept,297,1.022239257873167,22.380277687095578,-9.750466925279817,11.298681320765803,0.0,1.022239257873167,22.36594170789517
VitalDB,0.35,history_MAR,strong,reference_05pct_recalibration,full_heldout,calibration_slope,297,1.8292744328507642,16.049549727814604,-4.417382951209542,7.022051924483953,1.0,0.8292744328507642,16.04395346324665
VitalDB,0.35,history_MAR,strong,reference_05pct_recalibration,full_heldout,outcome_observed_fraction,297,0.30883942303695394,0.02291745273091881,0.2654320987654321,0.35802469135802467,,,
VitalDB,0.35,history_MAR,strong,reference_05pct_recalibration,full_heldout,reconstructed_sensitivity,297,0.43244034548382376,0.0584873598398484,0.32608695652173914,0.5434782608695652,,,
VitalDB,0.35,history_MAR,strong,reference_05pct_recalibration,full_heldout,ess,297,294.0,0.0,294.0,294.0,,,
VitalDB,0.35,history_MAR,strong,reference_05pct_recalibration,full_heldout,event_rate_se,297,0.020336493161265217,0.0003560867983137695,0.01956549254362358,0.020998338616454712,,,
VitalDB,0.35,history_MAR,strong,reference_05pct_recalibration,full_heldout,reference_sample_n,297,30.0,0.0,30.0,30.0,,,
VitalDB,0.35,history_MAR,strong,reference_05pct_recalibration,full_heldout,evaluation_n,297,294.0,0.0,294.0,294.0,,,
VitalDB,0.35,history_MAR,strong,reference_10pct_recalibration,full_heldout,event_rate,298,0.14174681150395532,0.006189885658170863,0.13058419243986255,0.15120274914089346,,,
VitalDB,0.35,history_MAR,strong,reference_10pct_recalibration,full_heldout,oe,298,1.2890930738053923,1.2691537761494862,0.5277643288186946,3.563681410386434,1.0,0.2890930738053923,1.2995848979989093
VitalDB,0.35,history_MAR,strong,reference_10pct_recalibration,full_heldout,brier,298,0.119826304392409,0.013699768949340168,0.10661546826217236,0.15442375423471089,,,
VitalDB,0.35,history_MAR,strong,reference_10pct_recalibration,full_heldout,auc,298,0.6662646101845439,0.11864521206162673,0.26597342337965213,0.7267190487135706,,,
VitalDB,0.35,history_MAR,strong,reference_10pct_recalibration,full_heldout,calibration_intercept,298,-1.127738343556495,19.277234781954807,-7.425536385215353,8.418687140444293,0.0,-1.127738343556495,19.277877352326637
VitalDB,0.35,history_MAR,strong,reference_10pct_recalibration,full_heldout,calibration_slope,298,0.22876681599191132,12.855438950331006,-2.647520307580848,5.693825362354701,1.0,-0.7712331840080887,12.857003527949395
VitalDB,0.35,history_MAR,strong,reference_10pct_recalibration,full_heldout,outcome_observed_fraction,298,0.3087351893280305,0.02294948643301982,0.2654320987654321,0.35802469135802467,,,
VitalDB,0.35,history_MAR,strong,reference_10pct_recalibration,full_heldout,reconstructed_sensitivity,298,0.4323023052232273,0.05843741897550595,0.32608695652173914,0.5434782608695652,,,
VitalDB,0.35,history_MAR,strong,reference_10pct_recalibration,full_heldout,ess,298,291.0,0.0,291.0,291.0,,,
VitalDB,0.35,history_MAR,strong,reference_10pct_recalibration,full_heldout,event_rate_se,298,0.020439826524022365,0.0003741178512676517,0.019752068152595607,0.02100077545558355,,,
VitalDB,0.35,history_MAR,strong,reference_10pct_recalibration,full_heldout,reference_sample_n,298,33.0,0.0,33.0,33.0,,,
VitalDB,0.35,history_MAR,strong,reference_10pct_recalibration,full_heldout,evaluation_n,298,291.0,0.0,291.0,291.0,,,
VitalDB,0.35,history_MAR,strong,reference_20pct_recalibration,full_heldout,event_rate,300,0.14208494208494207,0.010553735999407243,0.11969111969111969,0.1583011583011583,,,
VitalDB,0.35,history_MAR,strong,reference_20pct_recalibration,full_heldout,oe,300,1.1178213182740464,0.44262791925520134,0.5351699384967946,2.2193037739511072,1.0,0.1178213182740464,0.4573273149809399
VitalDB,0.35,history_MAR,strong,reference_20pct_recalibration,full_heldout,brier,300,0.11491903084828695,0.009233832212794736,0.10377229527015507,0.13862745072271074,,,
VitalDB,0.35,history_MAR,strong,reference_20pct_recalibration,full_heldout,auc,300,0.6934300900192292,0.06550500029613283,0.6560969387755102,0.7428339653433581,,,
VitalDB,0.35,history_MAR,strong,reference_20pct_recalibration,full_heldout,calibration_intercept,300,0.17706455297134766,9.924141373930368,-1.3619912173411197,7.870844473404347,0.0,0.17706455297134766,9.909169419901431
VitalDB,0.35,history_MAR,strong,reference_20pct_recalibration,full_heldout,calibration_slope,300,1.0510446412678398,4.627712965246101,0.2648759072254752,5.437543200284827,1.0,0.05104464126783981,4.620275650486666
VitalDB,0.35,history_MAR,strong,reference_20pct_recalibration,full_heldout,outcome_observed_fraction,300,0.30858024691358027,0.02295127339301414,0.2654320987654321,0.35802469135802467,,,
VitalDB,0.35,history_MAR,strong,reference_20pct_recalibration,full_heldout,reconstructed_sensitivity,300,0.4317391304347825,0.05875499883764707,0.3146739130434783,0.5434782608695652,,,
VitalDB,0.35,history_MAR,strong,reference_20pct_recalibration,full_heldout,ess,300,259.0,0.0,259.0,259.0,,,
VitalDB,0.35,history_MAR,strong,reference_20pct_recalibration,full_heldout,event_rate_se,300,0.021673708292298064,0.0006836487420053106,0.020169662179260833,0.02268143506161645,,,
VitalDB,0.35,history_MAR,strong,reference_20pct_recalibration,full_heldout,reference_sample_n,300,65.0,0.0,65.0,65.0,,,
VitalDB,0.35,history_MAR,strong,reference_20pct_recalibration,full_heldout,evaluation_n,300,259.0,0.0,259.0,259.0,,,
VitalDB,0.35,history_MAR,strong,reference_30pct_recalibration,full_heldout,event_rate,300,0.1425811209439528,0.013384955242619019,0.11714601769911505,0.168141592920354,,,
VitalDB,0.35,history_MAR,strong,reference_30pct_recalibration,full_heldout,oe,300,1.0860527295342144,0.36257358994333766,0.6150172225003714,1.9413486721166648,1.0,0.08605272953421439,0.3720570946655099
VitalDB,0.35,history_MAR,strong,reference_30pct_recalibration,full_heldout,brier,300,0.11331360591652008,0.010209528969390091,0.09848913579616513,0.13817303580659224,,,
VitalDB,0.35,history_MAR,strong,reference_30pct_recalibration,full_heldout,auc,300,0.7009187617660448,0.039378355293578596,0.6457527451892667,0.7587046440912092,,,
VitalDB,0.35,history_MAR,strong,reference_30pct_recalibration,full_heldout,calibration_intercept,300,0.2402386048132498,1.4431057203053566,-1.1042431149538678,3.1231134283947695,0.0,0.2402386048132498,1.460591270737322
VitalDB,0.35,history_MAR,strong,reference_30pct_recalibration,full_heldout,calibration_slope,300,1.128981562988535,0.8092580397252634,0.36970809495183593,2.9069963529082234,1.0,0.12898156298853491,0.8181392443841136
VitalDB,0.35,history_MAR,strong,reference_30pct_recalibration,full_heldout,outcome_observed_fraction,300,0.30858024691358027,0.02295127339301414,0.2654320987654321,0.35802469135802467,,,
VitalDB,0.35,history_MAR,strong,reference_30pct_recalibration,full_heldout,reconstructed_sensitivity,300,0.4317391304347825,0.05875499883764707,0.3146739130434783,0.5434782608695652,,,
VitalDB,0.35,history_MAR,strong,reference_30pct_recalibration,full_heldout,ess,300,226.0,0.0,226.0,226.0,,,
VitalDB,0.35,history_MAR,strong,reference_30pct_recalibration,full_heldout,event_rate_se,300,0.023223050181308883,0.0009162834708509,0.021390908145789166,0.024877576146280455,,,
VitalDB,0.35,history_MAR,strong,reference_30pct_recalibration,full_heldout,reference_sample_n,300,98.0,0.0,98.0,98.0,,,
VitalDB,0.35,history_MAR,strong,reference_30pct_recalibration,full_heldout,evaluation_n,300,226.0,0.0,226.0,226.0,,,
VitalDB,0.35,history_MAR,weak,AIPW_design_probability,reconstructed,event_rate,300,0.09529547196332167,0.021405494054106237,0.05702360182066614,0.1422154889450465,0.1419753086419753,-0.046679836678653636,0.05133882556889883
VitalDB,0.35,history_MAR,weak,AIPW_design_probability,reconstructed,oe,300,0.9509558369152515,0.21360594678246358,0.5690399121394254,1.4191718297392057,1.4167750646420612,-0.4658192277268096,0.5123113913944309
VitalDB,0.35,history_MAR,weak,AIPW_design_probability,reconstructed,outcome_observed_fraction,300,0.33382716049382716,0.02436162425350982,0.2839506172839506,0.3765432098765432,,,
VitalDB,0.35,history_MAR,weak,AIPW_design_probability,reconstructed,reconstructed_sensitivity,300,0.4176086956521739,0.061843437049815556,0.30434782608695654,0.5434782608695652,,,
VitalDB,0.35,history_MAR,weak,AIPW_design_probability,reconstructed,ess,300,81.89734775333262,6.849237000475054,67.80977812236014,94.15120544379639,324.0,-242.1026522466674,242.19919467014708
VitalDB,0.35,history_MAR,weak,AIPW_design_probability,reconstructed,event_rate_se,300,0.024758782117575134,0.003563844157784517,0.01813699155253002,0.032155277390136495,0.019390267411834264,0.00536851470574087,0.00644046572147239
VitalDB,0.35,history_MAR,weak,AIPW_design_probability,reconstructed,event_rate_interval_coverage,300,0.5233333333333333,,,,,,
VitalDB,0.35,history_MAR,weak,Gamma2_prediction_sensitivity_region,full,event_rate,300,0.11895140918649284,0.008403224923448424,0.10357428411925818,0.13583233813598003,0.1419753086419753,-0.023023899455482458,0.024504668016927907
VitalDB,0.35,history_MAR,weak,Gamma2_prediction_sensitivity_region,full,outcome_observed_fraction,300,0.33382716049382716,0.02436162425350982,0.2839506172839506,0.3765432098765432,,,
VitalDB,0.35,history_MAR,weak,Gamma2_prediction_sensitivity_region,full,reconstructed_sensitivity,300,0.4176086956521739,0.061843437049815556,0.30434782608695654,0.5434782608695652,,,
VitalDB,0.35,history_MAR,weak,Gamma2_prediction_sensitivity_region,full,MNAR_event_rate_coverage,300,0.7966666666666666,,,,,,
VitalDB,0.35,history_MAR,weak,IPAW_design_probability_truncated99,reconstructed,event_rate,300,0.09596956769241673,0.02080585997574772,0.0591965462250356,0.13768012672810526,0.1419753086419753,-0.046005740949558574,0.05047741141953705
VitalDB,0.35,history_MAR,weak,IPAW_design_probability_truncated99,reconstructed,oe,300,0.9636272301546501,0.2125957447854643,0.5948949253740642,1.4182299698880412,1.4167750646420612,-0.453147834487411,0.5003891026982703
VitalDB,0.35,history_MAR,weak,IPAW_design_probability_truncated99,reconstructed,brier,300,0.07851791610843933,0.016657479186184262,0.04777413718295016,0.1150455610715951,0.11053590028892503,-0.032017984180485695,0.03607905234958184
VitalDB,0.35,history_MAR,weak,IPAW_design_probability_truncated99,reconstructed,auc,300,0.7086063489830449,0.061899164105428235,0.5876082879332812,0.8521478319247036,0.7044103847356897,0.004195964247355133,0.061938202625891406
VitalDB,0.35,history_MAR,weak,IPAW_design_probability_truncated99,reconstructed,calibration_intercept,300,-0.6650441936942709,0.3809550283505915,-1.3600277295952672,0.2327350012069965,-0.22511057884817762,-0.4399336148460933,0.5815363817667806
VitalDB,0.35,history_MAR,weak,IPAW_design_probability_truncated99,reconstructed,calibration_slope,300,0.6998963741296446,0.19489579444793298,0.39443698084019113,1.1183697004673139,0.6581631632744903,0.041733210855154246,0.19899602260546168
VitalDB,0.35,history_MAR,weak,IPAW_design_probability_truncated99,reconstructed,outcome_observed_fraction,300,0.33382716049382716,0.02436162425350982,0.2839506172839506,0.3765432098765432,,,
VitalDB,0.35,history_MAR,weak,IPAW_design_probability_truncated99,reconstructed,reconstructed_sensitivity,300,0.4176086956521739,0.061843437049815556,0.30434782608695654,0.5434782608695652,,,
VitalDB,0.35,history_MAR,weak,IPAW_design_probability_truncated99,reconstructed,ess,300,82.56155717023105,6.965110370526988,68.24653809549974,94.65017748194998,324.0,-241.43844282976895,241.53855329807908
VitalDB,0.35,history_MAR,weak,IPAW_design_probability_truncated99,reconstructed,event_rate_se,300,0.02407204292924291,0.004221190286476153,0.016457314258772643,0.03249126047388098,0.019390267411834264,0.004681775517408646,0.006299053468995599
VitalDB,0.35,history_MAR,weak,IPAW_design_probability_truncated99,reconstructed,weight_p99,300,8.125499706308183,0.9644588752606947,6.20307738201716,9.687314105418395,,,
VitalDB,0.35,history_MAR,weak,IPAW_design_probability_truncated99,reconstructed,weight_max,300,8.175020880658026,0.9723072716229498,6.207849119579665,9.777050165898308,,,
VitalDB,0.35,history_MAR,weak,IPAW_design_probability_truncated99,reconstructed,event_rate_interval_coverage,300,0.49,,,,,,
VitalDB,0.35,history_MAR,weak,IPAW_design_probability_untruncated,reconstructed,event_rate,300,0.09564036471941362,0.020705430115369676,0.05910409284639493,0.13730554169338316,0.1419753086419753,-0.04633494392256168,0.05073670086944149
VitalDB,0.35,history_MAR,weak,IPAW_design_probability_untruncated,reconstructed,oe,300,0.960558734960487,0.21237210175345414,0.5921157272662252,1.417748356090912,1.4167750646420612,-0.4562163296815741,0.5030754509739358
VitalDB,0.35,history_MAR,weak,IPAW_design_probability_untruncated,reconstructed,brier,300,0.07830143845650053,0.01657132102600209,0.04773072109984228,0.11467639637340381,0.11053590028892503,-0.032234461832424496,0.03623194513001423
VitalDB,0.35,history_MAR,weak,IPAW_design_probability_untruncated,reconstructed,auc,300,0.7083846187460223,0.061910303232064604,0.5872985002580059,0.8515702214965288,0.7044103847356897,0.003974234010332589,0.061934674430140106
VitalDB,0.35,history_MAR,weak,IPAW_design_probability_untruncated,reconstructed,calibration_intercept,300,-0.6689456167447506,0.38137514984352516,-1.3673570716289938,0.23313612923757762,-0.22511057884817762,-0.44383503789657297,0.584766382782985
VitalDB,0.35,history_MAR,weak,IPAW_design_probability_untruncated,reconstructed,calibration_slope,300,0.6999736249341753,0.1948706057014077,0.38977791548474977,1.1191397913156014,0.6581631632744903,0.04181046165968494,0.19898765244961322
VitalDB,0.35,history_MAR,weak,IPAW_design_probability_untruncated,reconstructed,outcome_observed_fraction,300,0.33382716049382716,0.02436162425350982,0.2839506172839506,0.3765432098765432,,,
VitalDB,0.35,history_MAR,weak,IPAW_design_probability_untruncated,reconstructed,reconstructed_sensitivity,300,0.4176086956521739,0.061843437049815556,0.30434782608695654,0.5434782608695652,,,
VitalDB,0.35,history_MAR,weak,IPAW_design_probability_untruncated,reconstructed,ess,300,81.89734775333262,6.849237000475054,67.80977812236014,94.15120544379639,324.0,-242.1026522466674,242.19919467014708
VitalDB,0.35,history_MAR,weak,IPAW_design_probability_untruncated,reconstructed,event_rate_se,300,0.02401807045899874,0.004212027071835077,0.016443520233384697,0.03237971479199405,0.019390267411834264,0.004627803047164477,0.006252887001780603
VitalDB,0.35,history_MAR,weak,IPAW_design_probability_untruncated,reconstructed,weight_p99,300,8.175020880658026,0.9723072716229498,6.207849119579665,9.777050165898308,,,
VitalDB,0.35,history_MAR,weak,IPAW_design_probability_untruncated,reconstructed,weight_max,300,9.237135812576037,1.0313582588647385,6.939446316627009,10.971500150593602,,,
VitalDB,0.35,history_MAR,weak,IPAW_design_probability_untruncated,reconstructed,event_rate_interval_coverage,300,0.48333333333333334,,,,,,
VitalDB,0.35,history_MAR,weak,full_reference,full,event_rate,300,0.1419753086419753,0.0,0.1419753086419753,0.1419753086419753,0.1419753086419753,0.0,0.0
VitalDB,0.35,history_MAR,weak,full_reference,full,oe,300,1.4167750646420616,4.448312140598118e-16,1.4167750646420612,1.4167750646420612,1.4167750646420612,4.440892098500626e-16,0.0
VitalDB,0.35,history_MAR,weak,full_reference,full,brier,300,0.11053590028892503,0.0,0.11053590028892503,0.11053590028892503,0.11053590028892503,0.0,0.0
VitalDB,0.35,history_MAR,weak,full_reference,full,auc,300,0.7044103847356897,0.0,0.7044103847356897,0.7044103847356897,0.7044103847356897,0.0,0.0
VitalDB,0.35,history_MAR,weak,full_reference,full,calibration_intercept,300,-0.2251105788481776,2.7801950878738235e-17,-0.22511057884817762,-0.22511057884817762,-0.22511057884817762,2.7755575615628914e-17,0.0
VitalDB,0.35,history_MAR,weak,full_reference,full,calibration_slope,300,0.6581631632744902,1.1120780351495294e-16,0.6581631632744903,0.6581631632744903,0.6581631632744903,-1.1102230246251565e-16,0.0
VitalDB,0.35,history_MAR,weak,full_reference,full,outcome_observed_fraction,300,0.33382716049382716,0.02436162425350982,0.2839506172839506,0.3765432098765432,,,
VitalDB,0.35,history_MAR,weak,full_reference,full,reconstructed_sensitivity,300,0.4176086956521739,0.061843437049815556,0.30434782608695654,0.5434782608695652,,,
VitalDB,0.35,history_MAR,weak,full_reference,full,ess,300,324.0,0.0,324.0,324.0,324.0,0.0,0.0
VitalDB,0.35,history_MAR,weak,full_reference,full,event_rate_se,300,0.01939026741183426,3.475243859842279e-18,0.019390267411834264,0.019390267411834264,0.019390267411834264,-3.469446951953614e-18,0.0
VitalDB,0.35,history_MAR,weak,full_reference,full,event_rate_interval_coverage,300,1.0,,,,,,
VitalDB,0.35,history_MAR,weak,naive,reconstructed,event_rate,300,0.1804439329488915,0.026546329411729408,0.1315883080729972,0.23353331780055914,0.1419753086419753,0.038468624306916194,0.046713955473198024
VitalDB,0.35,history_MAR,weak,naive,reconstructed,oe,300,1.2358241277735904,0.17631962871639775,0.9129544271593608,1.5850653924475324,1.4167750646420612,-0.18095093686847075,0.2524444975026459
VitalDB,0.35,history_MAR,weak,naive,reconstructed,brier,300,0.12664987486239268,0.01895485807823673,0.09210499663538772,0.16804878366996356,0.11053590028892503,0.01611397457346765,0.02485456093298046
VitalDB,0.35,history_MAR,weak,naive,reconstructed,auc,300,0.7260572118884348,0.04743389009731166,0.636888269148414,0.8338891129032258,0.7044103847356897,0.02164682715274502,0.05206783212738406
VitalDB,0.35,history_MAR,weak,naive,reconstructed,calibration_intercept,300,-0.24179234802641134,0.29550520260720203,-0.8078404040042703,0.36360361663110435,-0.22511057884817762,-0.01668176917823372,0.29548355020476685
VitalDB,0.35,history_MAR,weak,naive,reconstructed,calibration_slope,300,0.6587640383905118,0.15347625827965783,0.3998002647763556,0.9882008989131924,0.6581631632744903,0.0006008751160214709,0.15322142920267673
VitalDB,0.35,history_MAR,weak,naive,reconstructed,outcome_observed_fraction,300,0.33382716049382716,0.02436162425350982,0.2839506172839506,0.3765432098765432,,,
VitalDB,0.35,history_MAR,weak,naive,reconstructed,reconstructed_sensitivity,300,0.4176086956521739,0.061843437049815556,0.30434782608695654,0.5434782608695652,,,
VitalDB,0.35,history_MAR,weak,naive,reconstructed,ess,300,108.16,7.893166258137182,92.0,122.0,324.0,-215.84,215.9837956884729
VitalDB,0.35,history_MAR,weak,naive,reconstructed,event_rate_se,300,0.0369157335268212,0.0027575211056461275,0.031873316186476174,0.04168317331250726,0.019390267411834264,0.017525466114986933,0.01774036467457228
VitalDB,0.35,history_MAR,weak,naive,reconstructed,event_rate_interval_coverage,300,0.9266666666666666,,,,,,
VitalDB,0.35,history_MAR,weak,recalibration_intercept_apparent,reconstructed,event_rate,300,0.1804439329488915,0.026546329411729408,0.1315883080729972,0.23353331780055914,,,
VitalDB,0.35,history_MAR,weak,recalibration_intercept_apparent,reconstructed,oe,300,1.0008438629882082,0.04725228718040393,0.9087599188707315,1.1137560701924483,1.0,0.000843862988208155,0.04718101475215395
VitalDB,0.35,history_MAR,weak,recalibration_intercept_apparent,reconstructed,brier,300,0.1321254253190557,0.020882523125078364,0.09626553085121083,0.17638718747366333,,,
VitalDB,0.35,history_MAR,weak,recalibration_intercept_apparent,reconstructed,auc,300,0.7041812347732506,0.05559209733034401,0.5972348842786476,0.8160828754578754,,,
VitalDB,0.35,history_MAR,weak,recalibration_intercept_apparent,reconstructed,calibration_intercept,300,-0.5580575446153774,0.2513612056743619,-1.007024064983071,-0.10558327461155355,0.0,-0.5580575446153774,0.6118823993501413
VitalDB,0.35,history_MAR,weak,recalibration_intercept_apparent,reconstructed,calibration_slope,300,0.5829333333241632,0.16626055229370787,0.29095270616840324,0.9273590567036203,1.0,-0.4170666666758368,0.4488819820364134
VitalDB,0.35,history_MAR,weak,recalibration_intercept_apparent,reconstructed,outcome_observed_fraction,300,0.33382716049382716,0.02436162425350982,0.2839506172839506,0.3765432098765432,,,
VitalDB,0.35,history_MAR,weak,recalibration_intercept_apparent,reconstructed,reconstructed_sensitivity,300,0.4176086956521739,0.061843437049815556,0.30434782608695654,0.5434782608695652,,,
VitalDB,0.35,history_MAR,weak,recalibration_intercept_apparent,reconstructed,ess,300,108.16,7.893166258137182,92.0,122.0,,,
VitalDB,0.35,history_MAR,weak,recalibration_intercept_apparent,reconstructed,event_rate_se,300,0.0369157335268212,0.0027575211056461275,0.031873316186476174,0.04168317331250726,,,
VitalDB,0.35,history_MAR,weak,recalibration_intercept_slope_apparent,reconstructed,event_rate,300,0.1804439329488915,0.026546329411729408,0.1315883080729972,0.23353331780055914,,,
VitalDB,0.35,history_MAR,weak,recalibration_intercept_slope_apparent,reconstructed,oe,300,1.0066415941624307,0.06514774956525811,0.8764933978481497,1.1645612584024059,1.0,0.0066415941624307084,0.06537730963816596
VitalDB,0.35,history_MAR,weak,recalibration_intercept_slope_apparent,reconstructed,brier,300,0.1326584016204085,0.020154529422263392,0.09457689868798913,0.17287885867269148,,,
VitalDB,0.35,history_MAR,weak,recalibration_intercept_slope_apparent,reconstructed,auc,300,0.6837043587658803,0.07305484980111643,0.5241128506897466,0.8127181754236733,,,
VitalDB,0.35,history_MAR,weak,recalibration_intercept_slope_apparent,reconstructed,calibration_intercept,300,-0.44914435294784466,0.45639926970035277,-1.4719417951601361,0.03138348783411359,0.0,-0.44914435294784466,0.6397941925781107
VitalDB,0.35,history_MAR,weak,recalibration_intercept_slope_apparent,reconstructed,calibration_slope,300,0.6823497846447454,0.28435389855616067,-0.0633969996878847,1.0015483062877817,1.0,-0.3176502153552546,0.42601558086598185
VitalDB,0.35,history_MAR,weak,recalibration_intercept_slope_apparent,reconstructed,outcome_observed_fraction,300,0.33382716049382716,0.02436162425350982,0.2839506172839506,0.3765432098765432,,,
VitalDB,0.35,history_MAR,weak,recalibration_intercept_slope_apparent,reconstructed,reconstructed_sensitivity,300,0.4176086956521739,0.061843437049815556,0.30434782608695654,0.5434782608695652,,,
VitalDB,0.35,history_MAR,weak,recalibration_intercept_slope_apparent,reconstructed,ess,300,108.16,7.893166258137182,92.0,122.0,,,
VitalDB,0.35,history_MAR,weak,recalibration_intercept_slope_apparent,reconstructed,event_rate_se,300,0.0369157335268212,0.0027575211056461275,0.031873316186476174,0.04168317331250726,,,
VitalDB,0.35,history_MAR,weak,recalibration_intercept_slope_truth,full,event_rate,300,0.1419753086419753,0.0,0.1419753086419753,0.1419753086419753,,,
VitalDB,0.35,history_MAR,weak,recalibration_intercept_slope_truth,full,oe,300,1.026280830640682,0.1947303716047382,0.7238049493488885,1.4776942291848385,1.0,0.026280830640682096,0.19617390233939355
VitalDB,0.35,history_MAR,weak,recalibration_intercept_slope_truth,full,brier,300,0.11366768256785295,0.004480028749162991,0.10853210402616086,0.124284252568938,,,
VitalDB,0.35,history_MAR,weak,recalibration_intercept_slope_truth,full,auc,300,0.6754876967990824,0.03660628700109698,0.5925203315608383,0.7120366750078199,,,
VitalDB,0.35,history_MAR,weak,recalibration_intercept_slope_truth,full,calibration_intercept,300,-0.3677657904296953,0.45115281455389816,-1.1979270305155958,0.48714826563872426,0.0,-0.3677657904296953,0.58147405429364
VitalDB,0.35,history_MAR,weak,recalibration_intercept_slope_truth,full,calibration_slope,300,0.7791470680189166,0.2699667008865867,0.25892820498102254,1.3001697355780564,1.0,-0.22085293198108336,0.34844669188691807
VitalDB,0.35,history_MAR,weak,recalibration_intercept_slope_truth,full,outcome_observed_fraction,300,0.33382716049382716,0.02436162425350982,0.2839506172839506,0.3765432098765432,,,
VitalDB,0.35,history_MAR,weak,recalibration_intercept_slope_truth,full,reconstructed_sensitivity,300,0.4176086956521739,0.061843437049815556,0.30434782608695654,0.5434782608695652,,,
VitalDB,0.35,history_MAR,weak,recalibration_intercept_slope_truth,full,ess,300,324.0,0.0,324.0,324.0,,,
VitalDB,0.35,history_MAR,weak,recalibration_intercept_slope_truth,full,event_rate_se,300,0.01939026741183426,3.475243859842279e-18,0.019390267411834264,0.019390267411834264,,,
VitalDB,0.35,history_MAR,weak,recalibration_intercept_truth,full,event_rate,300,0.1419753086419753,0.0,0.1419753086419753,0.1419753086419753,,,
VitalDB,0.35,history_MAR,weak,recalibration_intercept_truth,full,oe,300,1.130585193069482,0.20532000519627377,0.8132883071651299,1.5826368165037024,1.0,0.1305851930694819,0.2430396596600626
VitalDB,0.35,history_MAR,weak,recalibration_intercept_truth,full,brier,300,0.11292049451646352,0.003785549196596585,0.109500933794525,0.12333461843547075,,,
VitalDB,0.35,history_MAR,weak,recalibration_intercept_truth,full,auc,300,0.6908766030653739,0.021208981226936846,0.6425731154207069,0.7138547857366281,,,
VitalDB,0.35,history_MAR,weak,recalibration_intercept_truth,full,calibration_intercept,300,-0.5529760826047635,0.20099903059118074,-0.9975798031488383,-0.1771206740991705,0.0,-0.5529760826047635,0.5882588626876006
VitalDB,0.35,history_MAR,weak,recalibration_intercept_truth,full,calibration_slope,300,0.5983589026012335,0.07764182218158434,0.39997385606368935,0.6671260369589331,1.0,-0.4016410973987665,0.409052233212569
VitalDB,0.35,history_MAR,weak,recalibration_intercept_truth,full,outcome_observed_fraction,300,0.33382716049382716,0.02436162425350982,0.2839506172839506,0.3765432098765432,,,
VitalDB,0.35,history_MAR,weak,recalibration_intercept_truth,full,reconstructed_sensitivity,300,0.4176086956521739,0.061843437049815556,0.30434782608695654,0.5434782608695652,,,
VitalDB,0.35,history_MAR,weak,recalibration_intercept_truth,full,ess,300,324.0,0.0,324.0,324.0,,,
VitalDB,0.35,history_MAR,weak,recalibration_intercept_truth,full,event_rate_se,300,0.01939026741183426,3.475243859842279e-18,0.019390267411834264,0.019390267411834264,,,
VitalDB,0.35,history_MAR,weak,reference_05pct_recalibration,full_heldout,event_rate,299,0.14169681250426594,0.006363985217002573,0.1292517006802721,0.15306122448979592,,,
VitalDB,0.35,history_MAR,weak,reference_05pct_recalibration,full_heldout,oe,299,1.2533505870606776,0.8637911159225243,0.4808322437237655,3.349671682056092,1.0,0.2533505870606776,0.8987915090945993
VitalDB,0.35,history_MAR,weak,reference_05pct_recalibration,full_heldout,brier,299,0.12099316808915009,0.014496057370548638,0.1071234651955822,0.15903185324911792,,,
VitalDB,0.35,history_MAR,weak,reference_05pct_recalibration,full_heldout,auc,299,0.6612681492223856,0.1255898720454404,0.26731627296587923,0.727008547008547,,,
VitalDB,0.35,history_MAR,weak,reference_05pct_recalibration,full_heldout,calibration_intercept,299,-0.3530006149981785,13.151138325941082,-16.78373507701136,15.506486969418674,0.0,-0.3530006149981785,13.133872713350504
VitalDB,0.35,history_MAR,weak,reference_05pct_recalibration,full_heldout,calibration_slope,299,0.6291501952070966,9.343912959284099,-6.419466336515631,8.460725083066347,1.0,-0.3708498047929034,9.335643341294062
VitalDB,0.35,history_MAR,weak,reference_05pct_recalibration,full_heldout,outcome_observed_fraction,299,0.33383913456377223,0.024401580919353603,0.2839506172839506,0.3765432098765432,,,
VitalDB,0.35,history_MAR,weak,reference_05pct_recalibration,full_heldout,reconstructed_sensitivity,299,0.41769667005961897,0.06192830798512225,0.30434782608695654,0.5434782608695652,,,
VitalDB,0.35,history_MAR,weak,reference_05pct_recalibration,full_heldout,ess,299,294.0,0.0,294.0,294.0,,,
VitalDB,0.35,history_MAR,weak,reference_05pct_recalibration,full_heldout,event_rate_se,299,0.02033181530110688,0.0003872574277227442,0.019565492543623577,0.020998338616454712,,,
VitalDB,0.35,history_MAR,weak,reference_05pct_recalibration,full_heldout,reference_sample_n,299,30.0,0.0,30.0,30.0,,,
VitalDB,0.35,history_MAR,weak,reference_05pct_recalibration,full_heldout,evaluation_n,299,294.0,0.0,294.0,294.0,,,
VitalDB,0.35,history_MAR,weak,reference_10pct_recalibration,full_heldout,event_rate,300,0.14174112256586482,0.006808612265204453,0.12714776632302405,0.1530068728522336,,,
VitalDB,0.35,history_MAR,weak,reference_10pct_recalibration,full_heldout,oe,300,1.2463461290778028,0.85261575561262,0.47228065516077783,3.3985024953911656,1.0,0.24634612907780284,0.8861246319083828
VitalDB,0.35,history_MAR,weak,reference_10pct_recalibration,full_heldout,brier,300,0.12053423650584733,0.013686495110670065,0.10687106551012945,0.1616737942410006,,,
VitalDB,0.35,history_MAR,weak,reference_10pct_recalibration,full_heldout,auc,300,0.6634558891136308,0.12417407665831436,0.26692153228297805,0.7307517178408997,,,
VitalDB,0.35,history_MAR,weak,reference_10pct_recalibration,full_heldout,calibration_intercept,300,0.13734898902766365,11.573879132836923,-12.432800377821525,12.611200804394388,0.0,0.13734898902766365,11.555389536158723
VitalDB,0.35,history_MAR,weak,reference_10pct_recalibration,full_heldout,calibration_slope,300,1.038106633267911,5.570975610372964,-4.473613586018311,6.913646231328861,1.0,0.03810663326791097,5.561813445513811
VitalDB,0.35,history_MAR,weak,reference_10pct_recalibration,full_heldout,outcome_observed_fraction,300,0.33382716049382716,0.02436162425350982,0.2839506172839506,0.3765432098765432,,,
VitalDB,0.35,history_MAR,weak,reference_10pct_recalibration,full_heldout,reconstructed_sensitivity,300,0.4176086956521739,0.061843437049815556,0.30434782608695654,0.5434782608695652,,,
VitalDB,0.35,history_MAR,weak,reference_10pct_recalibration,full_heldout,ess,300,291.0,0.0,291.0,291.0,,,
VitalDB,0.35,history_MAR,weak,reference_10pct_recalibration,full_heldout,event_rate_se,300,0.02043800458945884,0.0004159230601323142,0.019528920473301695,0.021102766556153275,,,
VitalDB,0.35,history_MAR,weak,reference_10pct_recalibration,full_heldout,reference_sample_n,300,33.0,0.0,33.0,33.0,,,
VitalDB,0.35,history_MAR,weak,reference_10pct_recalibration,full_heldout,evaluation_n,300,291.0,0.0,291.0,291.0,,,
VitalDB,0.35,history_MAR,weak,reference_20pct_recalibration,full_heldout,event_rate,300,0.14182754182754181,0.00972434028138166,0.12355212355212356,0.1583011583011583,,,
VitalDB,0.35,history_MAR,weak,reference_20pct_recalibration,full_heldout,oe,300,1.1186738841258654,0.5469925500817675,0.5941369120476865,2.18274953807393,1.0,0.11867388412586544,0.5588264528924204
VitalDB,0.35,history_MAR,weak,reference_20pct_recalibration,full_heldout,brier,300,0.11457174895394383,0.009671214791226958,0.10307826269870782,0.13734795173943537,,,
VitalDB,0.35,history_MAR,weak,reference_20pct_recalibration,full_heldout,auc,300,0.6868605496910335,0.09156942800259942,0.2591240779768177,0.7469053706235737,,,
VitalDB,0.35,history_MAR,weak,reference_20pct_recalibration,full_heldout,calibration_intercept,300,-1.7595334335198876,26.557000814032367,-11.05527831918265,6.933230880690687,0.0,-1.7595334335198876,26.571024365513935
VitalDB,0.35,history_MAR,weak,reference_20pct_recalibration,full_heldout,calibration_slope,300,0.2918833533307284,11.094012958512986,-4.117994854341677,4.595401201729792,1.0,-0.7081166466692717,11.098121265805847
VitalDB,0.35,history_MAR,weak,reference_20pct_recalibration,full_heldout,outcome_observed_fraction,300,0.33382716049382716,0.02436162425350982,0.2839506172839506,0.3765432098765432,,,
VitalDB,0.35,history_MAR,weak,reference_20pct_recalibration,full_heldout,reconstructed_sensitivity,300,0.4176086956521739,0.061843437049815556,0.30434782608695654,0.5434782608695652,,,
VitalDB,0.35,history_MAR,weak,reference_20pct_recalibration,full_heldout,ess,300,259.0,0.0,259.0,259.0,,,
VitalDB,0.35,history_MAR,weak,reference_20pct_recalibration,full_heldout,event_rate_se,300,0.021660598435787534,0.0006231163475738145,0.020447408414756684,0.022681435061616448,,,
VitalDB,0.35,history_MAR,weak,reference_20pct_recalibration,full_heldout,reference_sample_n,300,65.0,0.0,65.0,65.0,,,
VitalDB,0.35,history_MAR,weak,reference_20pct_recalibration,full_heldout,evaluation_n,300,259.0,0.0,259.0,259.0,,,
VitalDB,0.35,history_MAR,weak,reference_30pct_recalibration,full_heldout,event_rate,300,0.14159292035398227,0.0132866627193855,0.11504424778761062,0.168141592920354,,,
VitalDB,0.35,history_MAR,weak,reference_30pct_recalibration,full_heldout,oe,300,1.0592579859588687,0.35169479978180374,0.5724061910900399,2.039547236758781,1.0,0.059257985958868664,0.35607364919749296
VitalDB,0.35,history_MAR,weak,reference_30pct_recalibration,full_heldout,brier,300,0.11224183611200289,0.009144745651452586,0.09878255609795675,0.13348420114585743,,,
VitalDB,0.35,history_MAR,weak,reference_30pct_recalibration,full_heldout,auc,300,0.7064698848707038,0.02897046848775584,0.654409643933499,0.7661648870995974,,,
VitalDB,0.35,history_MAR,weak,reference_30pct_recalibration,full_heldout,calibration_intercept,300,0.43481545357210205,1.7044429831480352,-1.0882511364350185,4.171881948043861,0.0,0.43481545357210205,1.7562763474251455
VitalDB,0.35,history_MAR,weak,reference_30pct_recalibration,full_heldout,calibration_slope,300,1.2552937046730852,0.9636503720893068,0.442355152138543,3.5125169722757734,1.0,0.2552937046730852,0.9953398959525377
VitalDB,0.35,history_MAR,weak,reference_30pct_recalibration,full_heldout,outcome_observed_fraction,300,0.33382716049382716,0.02436162425350982,0.2839506172839506,0.3765432098765432,,,
VitalDB,0.35,history_MAR,weak,reference_30pct_recalibration,full_heldout,reconstructed_sensitivity,300,0.4176086956521739,0.061843437049815556,0.30434782608695654,0.5434782608695652,,,
VitalDB,0.35,history_MAR,weak,reference_30pct_recalibration,full_heldout,ess,300,226.0,0.0,226.0,226.0,,,
VitalDB,0.35,history_MAR,weak,reference_30pct_recalibration,full_heldout,event_rate_se,300,0.023155829776580598,0.0009158289937040212,0.021224575507663327,0.024877576146280455,,,
VitalDB,0.35,history_MAR,weak,reference_30pct_recalibration,full_heldout,reference_sample_n,300,98.0,0.0,98.0,98.0,,,
VitalDB,0.35,history_MAR,weak,reference_30pct_recalibration,full_heldout,evaluation_n,300,226.0,0.0,226.0,226.0,,,
VitalDB,0.35,mixed_MNAR,strong,AIPW_design_probability,reconstructed,event_rate,300,0.10536161818790125,0.02002313753133897,0.06974741622940041,0.1544589632306196,0.1419753086419753,-0.03661369045407405,0.041715128492474676
VitalDB,0.35,mixed_MNAR,strong,AIPW_design_probability,reconstructed,oe,300,1.05140615538569,0.1998113773560236,0.6960111661825276,1.5413497579881874,1.4167750646420612,-0.3653689092563712,0.4162762837551907
VitalDB,0.35,mixed_MNAR,strong,AIPW_design_probability,reconstructed,outcome_observed_fraction,300,0.3175411522633745,0.020174298089363562,0.2777777777777778,0.3549382716049383,,,
VitalDB,0.35,mixed_MNAR,strong,AIPW_design_probability,reconstructed,reconstructed_sensitivity,300,0.5468115942028985,0.06264555623007553,0.43478260869565216,0.6739130434782609,,,
VitalDB,0.35,mixed_MNAR,strong,AIPW_design_probability,reconstructed,ess,300,47.23982083083801,10.257654746593694,25.268306335565253,64.12894842535253,324.0,-276.760179169162,276.9495721662049
VitalDB,0.35,mixed_MNAR,strong,AIPW_design_probability,reconstructed,event_rate_se,300,0.024071619083685214,0.0059028458788871465,0.018242147160338323,0.0454890497867254,0.019390267411834264,0.00468135167185095,0.007526121022625379
VitalDB,0.35,mixed_MNAR,strong,AIPW_design_probability,reconstructed,event_rate_interval_coverage,300,0.6133333333333333,,,,,,
VitalDB,0.35,mixed_MNAR,strong,Gamma2_prediction_sensitivity_region,full,event_rate,300,0.1293603671505233,0.009072920252389932,0.11189678987650044,0.1465503090059709,0.1419753086419753,-0.012614941491452009,0.015529978679936985
VitalDB,0.35,mixed_MNAR,strong,Gamma2_prediction_sensitivity_region,full,outcome_observed_fraction,300,0.3175411522633745,0.020174298089363562,0.2777777777777778,0.3549382716049383,,,
VitalDB,0.35,mixed_MNAR,strong,Gamma2_prediction_sensitivity_region,full,reconstructed_sensitivity,300,0.5468115942028985,0.06264555623007553,0.43478260869565216,0.6739130434782609,,,
VitalDB,0.35,mixed_MNAR,strong,Gamma2_prediction_sensitivity_region,full,MNAR_event_rate_coverage,300,0.9433333333333334,,,,,,
VitalDB,0.35,mixed_MNAR,strong,IPAW_design_probability_truncated99,reconstructed,event_rate,300,0.10842280129733745,0.023863209473619883,0.07307228538092601,0.16469419639945665,0.1419753086419753,-0.033552507344637855,0.04115003450309487
VitalDB,0.35,mixed_MNAR,strong,IPAW_design_probability_truncated99,reconstructed,oe,300,1.0613137154762318,0.20228653512617098,0.7203461678745701,1.5841889823157485,1.4167750646420612,-0.3554613491658294,0.4088229611578001
VitalDB,0.35,mixed_MNAR,strong,IPAW_design_probability_truncated99,reconstructed,brier,300,0.0848399558465354,0.019888465065180185,0.05627280063402527,0.1332462880584297,0.11053590028892503,-0.025695944442389623,0.03247328286391401
VitalDB,0.35,mixed_MNAR,strong,IPAW_design_probability_truncated99,reconstructed,auc,300,0.7348935181569055,0.07558411273774138,0.5357132394013367,0.8549224409216949,0.7044103847356897,0.03048313342121578,0.08138265372833495
VitalDB,0.35,mixed_MNAR,strong,IPAW_design_probability_truncated99,reconstructed,calibration_intercept,300,-0.3579461767314247,0.4255384990075134,-1.7178449319957434,0.2839608533035799,-0.22511057884817762,-0.1328355978832471,0.44511200855003
VitalDB,0.35,mixed_MNAR,strong,IPAW_design_probability_truncated99,reconstructed,calibration_slope,300,0.7942648299210191,0.250688934407006,-0.009900949403605409,1.2093170700727693,0.6581631632744903,0.13610166664652878,0.2848844017468067
VitalDB,0.35,mixed_MNAR,strong,IPAW_design_probability_truncated99,reconstructed,outcome_observed_fraction,300,0.3175411522633745,0.020174298089363562,0.2777777777777778,0.3549382716049383,,,
VitalDB,0.35,mixed_MNAR,strong,IPAW_design_probability_truncated99,reconstructed,reconstructed_sensitivity,300,0.5468115942028985,0.06264555623007553,0.43478260869565216,0.6739130434782609,,,
VitalDB,0.35,mixed_MNAR,strong,IPAW_design_probability_truncated99,reconstructed,ess,300,52.48039396440064,7.501058463770842,38.06076014291782,66.67739109923627,324.0,-271.51960603559934,271.6228539480378
VitalDB,0.35,mixed_MNAR,strong,IPAW_design_probability_truncated99,reconstructed,event_rate_se,300,0.0260635782198949,0.006140887277081853,0.017934955099327386,0.04348491871555016,0.019390267411834264,0.0066733108080606375,0.009061891195310097
VitalDB,0.35,mixed_MNAR,strong,IPAW_design_probability_truncated99,reconstructed,weight_p99,300,16.139486327532172,4.359635952662267,9.604958262096096,25.909115783902788,,,
VitalDB,0.35,mixed_MNAR,strong,IPAW_design_probability_truncated99,reconstructed,weight_max,300,16.389574491502067,4.45790033776364,9.773671153061628,26.160373798124112,,,
VitalDB,0.35,mixed_MNAR,strong,IPAW_design_probability_truncated99,reconstructed,event_rate_interval_coverage,300,0.66,,,,,,
VitalDB,0.35,mixed_MNAR,strong,IPAW_design_probability_untruncated,reconstructed,event_rate,300,0.10573899786097295,0.023626688589283296,0.07064608799938688,0.16014236615351066,0.1419753086419753,-0.036236310781002354,0.04323690435264809
VitalDB,0.35,mixed_MNAR,strong,IPAW_design_probability_untruncated,reconstructed,oe,300,1.0557981630264823,0.2013414491040576,0.7161105183138413,1.557641853570577,1.4167750646420612,-0.3609769016155788,0.4131677319163256
VitalDB,0.35,mixed_MNAR,strong,IPAW_design_probability_untruncated,reconstructed,brier,300,0.08275590109273817,0.019641048345419482,0.05346717173892326,0.12572681649106526,0.11053590028892503,-0.027779999196186858,0.03400313563256911
VitalDB,0.35,mixed_MNAR,strong,IPAW_design_probability_untruncated,reconstructed,auc,300,0.7410483248697657,0.07590538862741224,0.5387050023917411,0.8585860723403321,0.7044103847356897,0.03663794013407595,0.0841710238336469
VitalDB,0.35,mixed_MNAR,strong,IPAW_design_probability_untruncated,reconstructed,calibration_intercept,300,-0.3442382375917417,0.42531247728720145,-1.6683812361244015,0.3028784264392342,-0.22511057884817762,-0.1191276587435641,0.44099788367154186
VitalDB,0.35,mixed_MNAR,strong,IPAW_design_probability_untruncated,reconstructed,calibration_slope,300,0.8058734253034746,0.24947269652001233,-0.003643741039595928,1.214081852198525,0.6581631632744903,0.1477102620289843,0.2895643147844836
VitalDB,0.35,mixed_MNAR,strong,IPAW_design_probability_untruncated,reconstructed,outcome_observed_fraction,300,0.3175411522633745,0.020174298089363562,0.2777777777777778,0.3549382716049383,,,
VitalDB,0.35,mixed_MNAR,strong,IPAW_design_probability_untruncated,reconstructed,reconstructed_sensitivity,300,0.5468115942028985,0.06264555623007553,0.43478260869565216,0.6739130434782609,,,
VitalDB,0.35,mixed_MNAR,strong,IPAW_design_probability_untruncated,reconstructed,ess,300,47.23982083083801,10.257654746593694,25.268306335565253,64.12894842535253,324.0,-276.760179169162,276.9495721662049
VitalDB,0.35,mixed_MNAR,strong,IPAW_design_probability_untruncated,reconstructed,event_rate_se,300,0.026054425762586417,0.006136946476139761,0.017737819995997765,0.04312050782926806,0.019390267411834264,0.006664158350752153,0.009052490165772099
VitalDB,0.35,mixed_MNAR,strong,IPAW_design_probability_untruncated,reconstructed,weight_p99,300,16.389574491502067,4.45790033776364,9.773671153061628,26.160373798124112,,,
VitalDB,0.35,mixed_MNAR,strong,IPAW_design_probability_untruncated,reconstructed,weight_max,300,25.098537340759954,12.906765166631203,12.01134422864779,60.16387364891232,,,
VitalDB,0.35,mixed_MNAR,strong,IPAW_design_probability_untruncated,reconstructed,event_rate_interval_coverage,300,0.6366666666666667,,,,,,
VitalDB,0.35,mixed_MNAR,strong,full_reference,full,event_rate,300,0.1419753086419753,0.0,0.1419753086419753,0.1419753086419753,0.1419753086419753,0.0,0.0
VitalDB,0.35,mixed_MNAR,strong,full_reference,full,oe,300,1.4167750646420616,4.448312140598118e-16,1.4167750646420612,1.4167750646420612,1.4167750646420612,4.440892098500626e-16,0.0
VitalDB,0.35,mixed_MNAR,strong,full_reference,full,brier,300,0.11053590028892503,0.0,0.11053590028892503,0.11053590028892503,0.11053590028892503,0.0,0.0
VitalDB,0.35,mixed_MNAR,strong,full_reference,full,auc,300,0.7044103847356897,0.0,0.7044103847356897,0.7044103847356897,0.7044103847356897,0.0,0.0
VitalDB,0.35,mixed_MNAR,strong,full_reference,full,calibration_intercept,300,-0.2251105788481776,2.7801950878738235e-17,-0.22511057884817762,-0.22511057884817762,-0.22511057884817762,2.7755575615628914e-17,0.0
VitalDB,0.35,mixed_MNAR,strong,full_reference,full,calibration_slope,300,0.6581631632744902,1.1120780351495294e-16,0.6581631632744903,0.6581631632744903,0.6581631632744903,-1.1102230246251565e-16,0.0
VitalDB,0.35,mixed_MNAR,strong,full_reference,full,outcome_observed_fraction,300,0.3175411522633745,0.020174298089363562,0.2777777777777778,0.3549382716049383,,,
VitalDB,0.35,mixed_MNAR,strong,full_reference,full,reconstructed_sensitivity,300,0.5468115942028985,0.06264555623007553,0.43478260869565216,0.6739130434782609,,,
VitalDB,0.35,mixed_MNAR,strong,full_reference,full,ess,300,324.0,0.0,324.0,324.0,324.0,0.0,0.0
VitalDB,0.35,mixed_MNAR,strong,full_reference,full,event_rate_se,300,0.01939026741183426,3.475243859842279e-18,0.019390267411834264,0.019390267411834264,0.019390267411834264,-3.469446951953614e-18,0.0
VitalDB,0.35,mixed_MNAR,strong,full_reference,full,event_rate_interval_coverage,300,1.0,,,,,,
VitalDB,0.35,mixed_MNAR,strong,naive,reconstructed,event_rate,300,0.24726011278831517,0.030493098998017366,0.1906704781704782,0.30851063829787234,0.1419753086419753,0.10528480414633987,0.10959753482787689
VitalDB,0.35,mixed_MNAR,strong,naive,reconstructed,oe,300,1.393966776047139,0.16579118154025346,1.0828848206483284,1.7087805102627889,1.4167750646420612,-0.02280828859492212,0.1670787584311288
VitalDB,0.35,mixed_MNAR,strong,naive,reconstructed,brier,300,0.16943958195424216,0.021801631257740834,0.13256409227438534,0.21449563642928068,0.11053590028892503,0.058903681665317134,0.06279626158306871
VitalDB,0.35,mixed_MNAR,strong,naive,reconstructed,auc,300,0.6916290653624625,0.04079625078933648,0.6131235704827255,0.777937595129376,0.7044103847356897,-0.01278131937322724,0.042686630496272644
VitalDB,0.35,mixed_MNAR,strong,naive,reconstructed,calibration_intercept,300,-0.047550493797568795,0.19981868409625747,-0.4231748594262105,0.39407738426023486,-0.22511057884817762,0.17756008505060883,0.26706178803557706
VitalDB,0.35,mixed_MNAR,strong,naive,reconstructed,calibration_slope,300,0.620872649230408,0.12107548486743187,0.41155938365064065,0.897774772474951,0.6581631632744903,-0.037290514044082346,0.12649502452706463
VitalDB,0.35,mixed_MNAR,strong,naive,reconstructed,outcome_observed_fraction,300,0.3175411522633745,0.020174298089363562,0.2777777777777778,0.3549382716049383,,,
VitalDB,0.35,mixed_MNAR,strong,naive,reconstructed,reconstructed_sensitivity,300,0.5468115942028985,0.06264555623007553,0.43478260869565216,0.6739130434782609,,,
VitalDB,0.35,mixed_MNAR,strong,naive,reconstructed,ess,300,102.88333333333334,6.536472580953794,90.0,115.0,324.0,-221.11666666666667,221.212936631955
VitalDB,0.35,mixed_MNAR,strong,naive,reconstructed,event_rate_se,300,0.04247467112283807,0.0025881948269893423,0.03754097615500366,0.04786779003882188,0.019390267411834264,0.023084403711003808,0.023228562546575845
VitalDB,0.35,mixed_MNAR,strong,naive,reconstructed,event_rate_interval_coverage,300,0.20666666666666667,,,,,,
VitalDB,0.35,mixed_MNAR,strong,recalibration_intercept_apparent,reconstructed,event_rate,300,0.24726011278831517,0.030493098998017366,0.1906704781704782,0.30851063829787234,,,
VitalDB,0.35,mixed_MNAR,strong,recalibration_intercept_apparent,reconstructed,oe,300,0.9975824642496108,0.036293767890045174,0.918287187501403,1.060016798957876,1.0,-0.002417535750389166,0.03631378904496236
VitalDB,0.35,mixed_MNAR,strong,recalibration_intercept_apparent,reconstructed,brier,300,0.17319589648877756,0.02153271891583772,0.13440163719546644,0.21540307747725132,,,
VitalDB,0.35,mixed_MNAR,strong,recalibration_intercept_apparent,reconstructed,auc,300,0.6738708379226866,0.046516496219677024,0.5878713603937675,0.7675809304994757,,,
VitalDB,0.35,mixed_MNAR,strong,recalibration_intercept_apparent,reconstructed,calibration_intercept,300,-0.44968995916973414,0.14168526563790468,-0.7234084082794352,-0.16622073283178787,0.0,-0.44968995916973414,0.4714115592154742
VitalDB,0.35,mixed_MNAR,strong,recalibration_intercept_apparent,reconstructed,calibration_slope,300,0.5548619026762959,0.1329637817800153,0.299632447759911,0.8159878847649571,1.0,-0.44513809732370413,0.4645087315971504
VitalDB,0.35,mixed_MNAR,strong,recalibration_intercept_apparent,reconstructed,outcome_observed_fraction,300,0.3175411522633745,0.020174298089363562,0.2777777777777778,0.3549382716049383,,,
VitalDB,0.35,mixed_MNAR,strong,recalibration_intercept_apparent,reconstructed,reconstructed_sensitivity,300,0.5468115942028985,0.06264555623007553,0.43478260869565216,0.6739130434782609,,,
VitalDB,0.35,mixed_MNAR,strong,recalibration_intercept_apparent,reconstructed,ess,300,102.88333333333334,6.536472580953794,90.0,115.0,,,
VitalDB,0.35,mixed_MNAR,strong,recalibration_intercept_apparent,reconstructed,event_rate_se,300,0.04247467112283807,0.0025881948269893423,0.03754097615500366,0.04786779003882188,,,
VitalDB,0.35,mixed_MNAR,strong,recalibration_intercept_slope_apparent,reconstructed,event_rate,300,0.24726011278831517,0.030493098998017366,0.1906704781704782,0.30851063829787234,,,
VitalDB,0.35,mixed_MNAR,strong,recalibration_intercept_slope_apparent,reconstructed,oe,300,1.0081262628897931,0.05053919616858357,0.923065944447243,1.14765474497856,1.0,0.008126262889793123,0.05110511191087159
VitalDB,0.35,mixed_MNAR,strong,recalibration_intercept_slope_apparent,reconstructed,brier,300,0.17149295304979595,0.02181126525362165,0.134100995510127,0.22122419042669092,,,
VitalDB,0.35,mixed_MNAR,strong,recalibration_intercept_slope_apparent,reconstructed,auc,300,0.6588802662374336,0.06036791314405721,0.5427227481353987,0.7620586761603374,,,
VitalDB,0.35,mixed_MNAR,strong,recalibration_intercept_slope_apparent,reconstructed,calibration_intercept,300,-0.2874459734795097,0.2942062353183657,-0.8548904744591362,0.0700982788119085,0.0,-0.2874459734795097,0.41096711815763054
VitalDB,0.35,mixed_MNAR,strong,recalibration_intercept_slope_apparent,reconstructed,calibration_slope,300,0.718693979215714,0.2586880600724888,0.14683984868886682,1.0211596263476805,1.0,-0.281306020784286,0.381876321224743
VitalDB,0.35,mixed_MNAR,strong,recalibration_intercept_slope_apparent,reconstructed,outcome_observed_fraction,300,0.3175411522633745,0.020174298089363562,0.2777777777777778,0.3549382716049383,,,
VitalDB,0.35,mixed_MNAR,strong,recalibration_intercept_slope_apparent,reconstructed,reconstructed_sensitivity,300,0.5468115942028985,0.06264555623007553,0.43478260869565216,0.6739130434782609,,,
VitalDB,0.35,mixed_MNAR,strong,recalibration_intercept_slope_apparent,reconstructed,ess,300,102.88333333333334,6.536472580953794,90.0,115.0,,,
VitalDB,0.35,mixed_MNAR,strong,recalibration_intercept_slope_apparent,reconstructed,event_rate_se,300,0.04247467112283807,0.0025881948269893423,0.03754097615500366,0.04786779003882188,,,
VitalDB,0.35,mixed_MNAR,strong,recalibration_intercept_slope_truth,full,event_rate,300,0.1419753086419753,0.0,0.1419753086419753,0.1419753086419753,,,
VitalDB,0.35,mixed_MNAR,strong,recalibration_intercept_slope_truth,full,oe,300,0.8305172312304685,0.1546230988494305,0.5784235054167621,1.1591399440924766,1.0,-0.1694827687695315,0.22924444871198357
VitalDB,0.35,mixed_MNAR,strong,recalibration_intercept_slope_truth,full,brier,300,0.11517493734655887,0.006113795605080985,0.10913847529606024,0.129469309652379,,,
VitalDB,0.35,mixed_MNAR,strong,recalibration_intercept_slope_truth,full,auc,300,0.6787550828902096,0.031225489919988567,0.6061405223647168,0.7082831560838286,,,
VitalDB,0.35,mixed_MNAR,strong,recalibration_intercept_slope_truth,full,calibration_intercept,300,-0.48246427554036936,0.3514724759372723,-1.2518779256560761,0.07053450187808095,0.0,-0.48246427554036936,0.5965676006760383
VitalDB,0.35,mixed_MNAR,strong,recalibration_intercept_slope_truth,full,calibration_slope,300,0.853717785402918,0.2462544215900895,0.3392483307939495,1.323335365405883,1.0,-0.14628221459708202,0.28607269878987185
VitalDB,0.35,mixed_MNAR,strong,recalibration_intercept_slope_truth,full,outcome_observed_fraction,300,0.3175411522633745,0.020174298089363562,0.2777777777777778,0.3549382716049383,,,
VitalDB,0.35,mixed_MNAR,strong,recalibration_intercept_slope_truth,full,reconstructed_sensitivity,300,0.5468115942028985,0.06264555623007553,0.43478260869565216,0.6739130434782609,,,
VitalDB,0.35,mixed_MNAR,strong,recalibration_intercept_slope_truth,full,ess,300,324.0,0.0,324.0,324.0,,,
VitalDB,0.35,mixed_MNAR,strong,recalibration_intercept_slope_truth,full,event_rate_se,300,0.01939026741183426,3.475243859842279e-18,0.019390267411834264,0.019390267411834264,,,
VitalDB,0.35,mixed_MNAR,strong,recalibration_intercept_truth,full,event_rate,300,0.1419753086419753,0.0,0.1419753086419753,0.1419753086419753,,,
VitalDB,0.35,mixed_MNAR,strong,recalibration_intercept_truth,full,oe,300,0.9650596399313637,0.14652327797818063,0.7323583474566585,1.3007302841862964,1.0,-0.03494036006863632,0.15039393665049217
VitalDB,0.35,mixed_MNAR,strong,recalibration_intercept_truth,full,brier,300,0.11358482176936055,0.003725272770296834,0.10991157805015647,0.12226847932002875,,,
VitalDB,0.35,mixed_MNAR,strong,recalibration_intercept_truth,full,auc,300,0.6934329058492337,0.01671906989705125,0.6490010165780419,0.7132878479824837,,,
VitalDB,0.35,mixed_MNAR,strong,recalibration_intercept_truth,full,calibration_intercept,300,-0.6651530716686903,0.1662449086913784,-0.9910914082024966,-0.35766908543858494,0.0,-0.6651530716686903,0.6855463907355548
VitalDB,0.35,mixed_MNAR,strong,recalibration_intercept_truth,full,calibration_slope,300,0.611446037802932,0.06039473800445303,0.44965296150688966,0.6663316007365359,1.0,-0.38855396219706795,0.39320420585628485
VitalDB,0.35,mixed_MNAR,strong,recalibration_intercept_truth,full,outcome_observed_fraction,300,0.3175411522633745,0.020174298089363562,0.2777777777777778,0.3549382716049383,,,
VitalDB,0.35,mixed_MNAR,strong,recalibration_intercept_truth,full,reconstructed_sensitivity,300,0.5468115942028985,0.06264555623007553,0.43478260869565216,0.6739130434782609,,,
VitalDB,0.35,mixed_MNAR,strong,recalibration_intercept_truth,full,ess,300,324.0,0.0,324.0,324.0,,,
VitalDB,0.35,mixed_MNAR,strong,recalibration_intercept_truth,full,event_rate_se,300,0.01939026741183426,3.475243859842279e-18,0.019390267411834264,0.019390267411834264,,,
VitalDB,0.35,mixed_MNAR,strong,reference_05pct_recalibration,full_heldout,event_rate,298,0.14189837008628955,0.00642677893273471,0.1292517006802721,0.15306122448979592,,,
VitalDB,0.35,mixed_MNAR,strong,reference_05pct_recalibration,full_heldout,oe,298,1.3150737807349755,0.8580612232103834,0.47282456981776555,4.053854976697556,1.0,0.3150737807349755,0.9127266011961012
VitalDB,0.35,mixed_MNAR,strong,reference_05pct_recalibration,full_heldout,brier,298,0.12136648374332065,0.012385750880576654,0.10739049610334774,0.15012175290508292,,,
VitalDB,0.35,mixed_MNAR,strong,reference_05pct_recalibration,full_heldout,auc,298,0.650346222086143,0.14017539295037607,0.2674881867877328,0.7288373208156673,,,
VitalDB,0.35,mixed_MNAR,strong,reference_05pct_recalibration,full_heldout,calibration_intercept,298,-1.6115581915701198,29.622266642031487,-18.57728134036363,10.713644433159343,0.0,-1.6115581915701198,29.616401562042853
VitalDB,0.35,mixed_MNAR,strong,reference_05pct_recalibration,full_heldout,calibration_slope,298,0.6564307155805349,16.122157915006177,-10.392645922918204,6.620999072366876,1.0,-0.3435692844194651,16.098751118728412
VitalDB,0.35,mixed_MNAR,strong,reference_05pct_recalibration,full_heldout,outcome_observed_fraction,298,0.31738337890463175,0.020117097817346642,0.2777777777777778,0.3549382716049383,,,
VitalDB,0.35,mixed_MNAR,strong,reference_05pct_recalibration,full_heldout,reconstructed_sensitivity,298,0.5469798657718121,0.0627968874410611,0.43478260869565216,0.6739130434782609,,,
VitalDB,0.35,mixed_MNAR,strong,reference_05pct_recalibration,full_heldout,ess,298,294.0,0.0,294.0,294.0,,,
VitalDB,0.35,mixed_MNAR,strong,reference_05pct_recalibration,full_heldout,event_rate_se,298,0.02034381139356186,0.0003878756161541065,0.019565492543623577,0.020998338616454712,,,
VitalDB,0.35,mixed_MNAR,strong,reference_05pct_recalibration,full_heldout,reference_sample_n,298,30.0,0.0,30.0,30.0,,,
VitalDB,0.35,mixed_MNAR,strong,reference_05pct_recalibration,full_heldout,evaluation_n,298,294.0,0.0,294.0,294.0,,,
VitalDB,0.35,mixed_MNAR,strong,reference_10pct_recalibration,full_heldout,event_rate,299,0.14212322863152088,0.006705653901984726,0.12869415807560136,0.15463917525773196,,,
VitalDB,0.35,mixed_MNAR,strong,reference_10pct_recalibration,full_heldout,oe,299,1.313662060453447,0.8623396445585985,0.49404083057469605,4.093772106552989,1.0,0.313662060453447,0.9162567844319996
VitalDB,0.35,mixed_MNAR,strong,reference_10pct_recalibration,full_heldout,brier,299,0.12034654799374811,0.011661829046830314,0.10704154599714838,0.1493366415604456,,,
VitalDB,0.35,mixed_MNAR,strong,reference_10pct_recalibration,full_heldout,auc,299,0.6621920694665625,0.1268841434790666,0.26438366406713787,0.7297061752988049,,,
VitalDB,0.35,mixed_MNAR,strong,reference_10pct_recalibration,full_heldout,calibration_intercept,299,3.3604132323435465,27.52600134123485,-9.428517113127356,29.248619297778855,0.0,3.3604132323435465,27.684636129073677
VitalDB,0.35,mixed_MNAR,strong,reference_10pct_recalibration,full_heldout,calibration_slope,299,2.725101257848607,16.151407535096798,-3.3160374684715057,15.780228967503465,1.0,1.725101257848607,16.216395148214186
VitalDB,0.35,mixed_MNAR,strong,reference_10pct_recalibration,full_heldout,outcome_observed_fraction,299,0.31741607828564355,0.020091273839123073,0.2777777777777778,0.3549382716049383,,,
VitalDB,0.35,mixed_MNAR,strong,reference_10pct_recalibration,full_heldout,reconstructed_sensitivity,299,0.5469681547186273,0.06269176205203042,0.43478260869565216,0.6739130434782609,,,
VitalDB,0.35,mixed_MNAR,strong,reference_10pct_recalibration,full_heldout,ess,299,291.0,0.0,291.0,291.0,,,
VitalDB,0.35,mixed_MNAR,strong,reference_10pct_recalibration,full_heldout,event_rate_se,299,0.020461297374765364,0.0004067186466749325,0.019629336928983956,0.021195044218573513,,,
VitalDB,0.35,mixed_MNAR,strong,reference_10pct_recalibration,full_heldout,reference_sample_n,299,33.0,0.0,33.0,33.0,,,
VitalDB,0.35,mixed_MNAR,strong,reference_10pct_recalibration,full_heldout,evaluation_n,299,291.0,0.0,291.0,291.0,,,
VitalDB,0.35,mixed_MNAR,strong,reference_20pct_recalibration,full_heldout,event_rate,300,0.14265122265122263,0.009873117661360476,0.12355212355212356,0.16216216216216217,,,
VitalDB,0.35,mixed_MNAR,strong,reference_20pct_recalibration,full_heldout,oe,300,1.1385629989318704,0.43237069926728844,0.576238356105256,2.2129147485406686,1.0,0.1385629989318704,0.4533442160058159
VitalDB,0.35,mixed_MNAR,strong,reference_20pct_recalibration,full_heldout,brier,300,0.11472822877233296,0.008459197073180191,0.10318235919666072,0.1345926302818015,,,
VitalDB,0.35,mixed_MNAR,strong,reference_20pct_recalibration,full_heldout,auc,300,0.6940573516400463,0.07128254594034615,0.6449834852210811,0.7461251229856442,,,
VitalDB,0.35,mixed_MNAR,strong,reference_20pct_recalibration,full_heldout,calibration_intercept,300,0.9497026973607698,15.901490500878682,-1.312210369121936,9.039274142511735,0.0,0.9497026973607698,15.903347992243983
VitalDB,0.35,mixed_MNAR,strong,reference_20pct_recalibration,full_heldout,calibration_slope,300,1.4690528544036405,8.051726751968067,0.2587650598290091,5.8966449646021335,1.0,0.46905285440364053,8.051969526537462
VitalDB,0.35,mixed_MNAR,strong,reference_20pct_recalibration,full_heldout,outcome_observed_fraction,300,0.3175411522633745,0.020174298089363562,0.2777777777777778,0.3549382716049383,,,
VitalDB,0.35,mixed_MNAR,strong,reference_20pct_recalibration,full_heldout,reconstructed_sensitivity,300,0.5468115942028985,0.06264555623007553,0.43478260869565216,0.6739130434782609,,,
VitalDB,0.35,mixed_MNAR,strong,reference_20pct_recalibration,full_heldout,ess,300,259.0,0.0,259.0,259.0,,,
VitalDB,0.35,mixed_MNAR,strong,reference_20pct_recalibration,full_heldout,event_rate_se,300,0.021712534171101954,0.0006324581122317794,0.020447408414756684,0.022903658837129595,,,
VitalDB,0.35,mixed_MNAR,strong,reference_20pct_recalibration,full_heldout,reference_sample_n,300,65.0,0.0,65.0,65.0,,,
VitalDB,0.35,mixed_MNAR,strong,reference_20pct_recalibration,full_heldout,evaluation_n,300,259.0,0.0,259.0,259.0,,,
VitalDB,0.35,mixed_MNAR,strong,reference_30pct_recalibration,full_heldout,event_rate,300,0.1421386430678466,0.012667114839390592,0.11946902654867257,0.16371681415929204,,,
VitalDB,0.35,mixed_MNAR,strong,reference_30pct_recalibration,full_heldout,oe,300,1.0695320139052436,0.32695340399662504,0.6066344398656248,1.8178136606036135,1.0,0.06953201390524355,0.33373177989929187
VitalDB,0.35,mixed_MNAR,strong,reference_30pct_recalibration,full_heldout,brier,300,0.11237090099556137,0.009246281818927173,0.097739072693901,0.13305924443125,,,
VitalDB,0.35,mixed_MNAR,strong,reference_30pct_recalibration,full_heldout,auc,300,0.7049853818459635,0.028958449841418016,0.6445953153988868,0.7571091161835969,,,
VitalDB,0.35,mixed_MNAR,strong,reference_30pct_recalibration,full_heldout,calibration_intercept,300,0.3306945781426822,1.2313161883425578,-0.9802095764616537,3.9946450672861795,0.0,0.3306945781426822,1.2729668735550415
VitalDB,0.35,mixed_MNAR,strong,reference_30pct_recalibration,full_heldout,calibration_slope,300,1.1743312267328903,0.6573240528238182,0.4061556330015614,2.9496729965032653,1.0,0.17433122673289025,0.6789889817467746
VitalDB,0.35,mixed_MNAR,strong,reference_30pct_recalibration,full_heldout,outcome_observed_fraction,300,0.3175411522633745,0.020174298089363562,0.2777777777777778,0.3549382716049383,,,
VitalDB,0.35,mixed_MNAR,strong,reference_30pct_recalibration,full_heldout,reconstructed_sensitivity,300,0.5468115942028985,0.06264555623007553,0.43478260869565216,0.6739130434782609,,,
VitalDB,0.35,mixed_MNAR,strong,reference_30pct_recalibration,full_heldout,ess,300,226.0,0.0,226.0,226.0,,,
VitalDB,0.35,mixed_MNAR,strong,reference_30pct_recalibration,full_heldout,event_rate_se,300,0.02319629514888888,0.0008736829619364075,0.021574749482665082,0.024613258075699584,,,
VitalDB,0.35,mixed_MNAR,strong,reference_30pct_recalibration,full_heldout,reference_sample_n,300,98.0,0.0,98.0,98.0,,,
VitalDB,0.35,mixed_MNAR,strong,reference_30pct_recalibration,full_heldout,evaluation_n,300,226.0,0.0,226.0,226.0,,,
VitalDB,0.35,mixed_MNAR,weak,AIPW_design_probability,reconstructed,event_rate,300,0.10383878375401893,0.0194622361500719,0.06560466113472685,0.1414321690783236,0.1419753086419753,-0.038136524887956366,0.042800824420070195
VitalDB,0.35,mixed_MNAR,weak,AIPW_design_probability,reconstructed,oe,300,1.0362097534610182,0.19421412880411928,0.6546705121406805,1.4113550617009667,1.4167750646420612,-0.380565311181043,0.42711046987328316
VitalDB,0.35,mixed_MNAR,weak,AIPW_design_probability,reconstructed,outcome_observed_fraction,300,0.3361008230452675,0.024512516483173416,0.29012345679012347,0.3812499999999999,,,
VitalDB,0.35,mixed_MNAR,weak,AIPW_design_probability,reconstructed,reconstructed_sensitivity,300,0.4755072463768116,0.060151599193848736,0.34782608695652173,0.5869565217391305,,,
VitalDB,0.35,mixed_MNAR,weak,AIPW_design_probability,reconstructed,ess,300,71.7864376428355,7.343476743880815,56.4287308591657,85.52079783901097,324.0,-252.2135623571645,252.32009022683258
VitalDB,0.35,mixed_MNAR,weak,AIPW_design_probability,reconstructed,event_rate_se,300,0.024569386436926684,0.0038755528822007517,0.017607575919650325,0.031795678474400034,0.019390267411834264,0.005179119025092421,0.006464759674703025
VitalDB,0.35,mixed_MNAR,weak,AIPW_design_probability,reconstructed,event_rate_interval_coverage,300,0.6566666666666666,,,,,,
VitalDB,0.35,mixed_MNAR,weak,Gamma2_prediction_sensitivity_region,full,event_rate,300,0.12104230505865317,0.00806831493482931,0.1059532846714461,0.13575238668351008,0.1419753086419753,-0.020933003583322132,0.02242925216216556
VitalDB,0.35,mixed_MNAR,weak,Gamma2_prediction_sensitivity_region,full,outcome_observed_fraction,300,0.3361008230452675,0.024512516483173416,0.29012345679012347,0.3812499999999999,,,
VitalDB,0.35,mixed_MNAR,weak,Gamma2_prediction_sensitivity_region,full,reconstructed_sensitivity,300,0.4755072463768116,0.060151599193848736,0.34782608695652173,0.5869565217391305,,,
VitalDB,0.35,mixed_MNAR,weak,Gamma2_prediction_sensitivity_region,full,MNAR_event_rate_coverage,300,0.8233333333333334,,,,,,
VitalDB,0.35,mixed_MNAR,weak,IPAW_design_probability_truncated99,reconstructed,event_rate,300,0.1052667394714106,0.020481734500452365,0.06933576370107032,0.14447832055297213,0.1419753086419753,-0.0367085691705647,0.04201930699733949
VitalDB,0.35,mixed_MNAR,weak,IPAW_design_probability_truncated99,reconstructed,oe,300,1.0413629834742664,0.19720940953252555,0.6826889829644651,1.434708461119128,1.4167750646420612,-0.3754120811677948,0.4239058190103966
VitalDB,0.35,mixed_MNAR,weak,IPAW_design_probability_truncated99,reconstructed,brier,300,0.08368226939277285,0.017401068405897908,0.05408258170007867,0.1187552358049231,0.11053590028892503,-0.026853630896152184,0.03198289152085264
VitalDB,0.35,mixed_MNAR,weak,IPAW_design_probability_truncated99,reconstructed,auc,300,0.7240591254501989,0.06976269228099988,0.5952222906819836,0.8513765877075895,0.7044103847356897,0.019648740714509172,0.07236493258831826
VitalDB,0.35,mixed_MNAR,weak,IPAW_design_probability_truncated99,reconstructed,calibration_intercept,300,-0.4684496671942056,0.36406033051007514,-1.328481679426754,0.24272767791516428,-0.22511057884817762,-0.243339088346028,0.43739231408505275
VitalDB,0.35,mixed_MNAR,weak,IPAW_design_probability_truncated99,reconstructed,calibration_slope,300,0.7478939318824973,0.21705501264294633,0.3028489766110162,1.148046085075069,0.6581631632744903,0.089730768608007,0.23453666327471104
VitalDB,0.35,mixed_MNAR,weak,IPAW_design_probability_truncated99,reconstructed,outcome_observed_fraction,300,0.3361008230452675,0.024512516483173416,0.29012345679012347,0.3812499999999999,,,
VitalDB,0.35,mixed_MNAR,weak,IPAW_design_probability_truncated99,reconstructed,reconstructed_sensitivity,300,0.4755072463768116,0.060151599193848736,0.34782608695652173,0.5869565217391305,,,
VitalDB,0.35,mixed_MNAR,weak,IPAW_design_probability_truncated99,reconstructed,ess,300,74.07143742785718,7.190607903749383,59.58740340186802,87.4750268674835,324.0,-249.92856257214282,250.0316357622162
VitalDB,0.35,mixed_MNAR,weak,IPAW_design_probability_truncated99,reconstructed,event_rate_se,300,0.0253496814241244,0.004264536225750346,0.017565720799349722,0.03324238336650528,0.019390267411834264,0.005959414012290137,0.0073239513715763135
VitalDB,0.35,mixed_MNAR,weak,IPAW_design_probability_truncated99,reconstructed,weight_p99,300,9.548306210423442,1.9412374866466056,7.198825105757527,13.375282602767355,,,
VitalDB,0.35,mixed_MNAR,weak,IPAW_design_probability_truncated99,reconstructed,weight_max,300,9.656114811957757,2.0110190583731984,7.217523369283264,13.42923177698878,,,
VitalDB,0.35,mixed_MNAR,weak,IPAW_design_probability_truncated99,reconstructed,event_rate_interval_coverage,300,0.68,,,,,,
VitalDB,0.35,mixed_MNAR,weak,IPAW_design_probability_untruncated,reconstructed,event_rate,300,0.10427201895850771,0.020276445119466587,0.06874249851229014,0.14379452671517098,0.1419753086419753,-0.03770328968346759,0.042793712531351356
VitalDB,0.35,mixed_MNAR,weak,IPAW_design_probability_untruncated,reconstructed,oe,300,1.0393105277851251,0.19675107924146829,0.6811518925619914,1.4336658425116244,1.4167750646420612,-0.37746453685693604,0.42551313392580675
VitalDB,0.35,mixed_MNAR,weak,IPAW_design_probability_untruncated,reconstructed,brier,300,0.0829002993280714,0.017244425130008793,0.05323861870384555,0.11837941311957627,0.11053590028892503,-0.02763560096085363,0.0325592598892921
VitalDB,0.35,mixed_MNAR,weak,IPAW_design_probability_untruncated,reconstructed,auc,300,0.726298156337301,0.0696898064662797,0.5975040708240361,0.8519404295622423,0.7044103847356897,0.02188777160161126,0.0729352779792294
VitalDB,0.35,mixed_MNAR,weak,IPAW_design_probability_untruncated,reconstructed,calibration_intercept,300,-0.46373952836778404,0.36431422838408123,-1.324762135380853,0.24412955559684024,-0.22511057884817762,-0.23862894951960642,0.4350013981148901
VitalDB,0.35,mixed_MNAR,weak,IPAW_design_probability_untruncated,reconstructed,calibration_slope,300,0.7521903573140185,0.21642505706440124,0.3044442699828384,1.1510317080360288,0.6581631632744903,0.0940271940395282,0.2356369789737143
VitalDB,0.35,mixed_MNAR,weak,IPAW_design_probability_untruncated,reconstructed,outcome_observed_fraction,300,0.3361008230452675,0.024512516483173416,0.29012345679012347,0.3812499999999999,,,
VitalDB,0.35,mixed_MNAR,weak,IPAW_design_probability_untruncated,reconstructed,reconstructed_sensitivity,300,0.4755072463768116,0.060151599193848736,0.34782608695652173,0.5869565217391305,,,
VitalDB,0.35,mixed_MNAR,weak,IPAW_design_probability_untruncated,reconstructed,ess,300,71.7864376428355,7.343476743880815,56.4287308591657,85.52079783901097,324.0,-252.2135623571645,252.32009022683258
VitalDB,0.35,mixed_MNAR,weak,IPAW_design_probability_untruncated,reconstructed,event_rate_se,300,0.025234410296044996,0.004258075003231512,0.017450686996463287,0.033167778647311165,0.019390267411834264,0.0058441428842107325,0.007226670840834813
VitalDB,0.35,mixed_MNAR,weak,IPAW_design_probability_untruncated,reconstructed,weight_p99,300,9.656114811957757,2.0110190583731984,7.217523369283264,13.42923177698878,,,
VitalDB,0.35,mixed_MNAR,weak,IPAW_design_probability_untruncated,reconstructed,weight_max,300,12.63906181563238,3.3375408658004497,7.707407804317659,21.714269259336064,,,
VitalDB,0.35,mixed_MNAR,weak,IPAW_design_probability_untruncated,reconstructed,event_rate_interval_coverage,300,0.6633333333333333,,,,,,
VitalDB,0.35,mixed_MNAR,weak,full_reference,full,event_rate,300,0.1419753086419753,0.0,0.1419753086419753,0.1419753086419753,0.1419753086419753,0.0,0.0
VitalDB,0.35,mixed_MNAR,weak,full_reference,full,oe,300,1.4167750646420616,4.448312140598118e-16,1.4167750646420612,1.4167750646420612,1.4167750646420612,4.440892098500626e-16,0.0
VitalDB,0.35,mixed_MNAR,weak,full_reference,full,brier,300,0.11053590028892503,0.0,0.11053590028892503,0.11053590028892503,0.11053590028892503,0.0,0.0
VitalDB,0.35,mixed_MNAR,weak,full_reference,full,auc,300,0.7044103847356897,0.0,0.7044103847356897,0.7044103847356897,0.7044103847356897,0.0,0.0
VitalDB,0.35,mixed_MNAR,weak,full_reference,full,calibration_intercept,300,-0.2251105788481776,2.7801950878738235e-17,-0.22511057884817762,-0.22511057884817762,-0.22511057884817762,2.7755575615628914e-17,0.0
VitalDB,0.35,mixed_MNAR,weak,full_reference,full,calibration_slope,300,0.6581631632744902,1.1120780351495294e-16,0.6581631632744903,0.6581631632744903,0.6581631632744903,-1.1102230246251565e-16,0.0
VitalDB,0.35,mixed_MNAR,weak,full_reference,full,outcome_observed_fraction,300,0.3361008230452675,0.024512516483173416,0.29012345679012347,0.3812499999999999,,,
VitalDB,0.35,mixed_MNAR,weak,full_reference,full,reconstructed_sensitivity,300,0.4755072463768116,0.060151599193848736,0.34782608695652173,0.5869565217391305,,,
VitalDB,0.35,mixed_MNAR,weak,full_reference,full,ess,300,324.0,0.0,324.0,324.0,324.0,0.0,0.0
VitalDB,0.35,mixed_MNAR,weak,full_reference,full,event_rate_se,300,0.01939026741183426,3.475243859842279e-18,0.019390267411834264,0.019390267411834264,0.019390267411834264,-3.469446951953614e-18,0.0
VitalDB,0.35,mixed_MNAR,weak,full_reference,full,event_rate_interval_coverage,300,1.0,,,,,,
VitalDB,0.35,mixed_MNAR,weak,naive,reconstructed,event_rate,300,0.20294243228218217,0.024873896829357964,0.1592920353982301,0.24877577319587624,0.1419753086419753,0.06096712364020687,0.06583037702529805
VitalDB,0.35,mixed_MNAR,weak,naive,reconstructed,oe,300,1.2543879849309878,0.1519558817032727,0.9730280627062083,1.5401454766525762,1.4167750646420612,-0.16238707971107336,0.22222327737667083
VitalDB,0.35,mixed_MNAR,weak,naive,reconstructed,brier,300,0.13919385582541993,0.018174547499107924,0.10741528803406966,0.17530918081697344,0.11053590028892503,0.028657955536494903,0.03391889657805892
VitalDB,0.35,mixed_MNAR,weak,naive,reconstructed,auc,300,0.7242186136153183,0.04434994458100069,0.6361955687057834,0.8064656986531986,0.7044103847356897,0.01980822887962852,0.04850491855201686
VitalDB,0.35,mixed_MNAR,weak,naive,reconstructed,calibration_intercept,300,-0.12153984685896115,0.2309582362914911,-0.56195216009876,0.32737116664792076,-0.22511057884817762,0.10357073198921647,0.25276629076274276
VitalDB,0.35,mixed_MNAR,weak,naive,reconstructed,calibration_slope,300,0.6950091924885203,0.13197119104437088,0.44185193103096165,0.955768689890011,0.6581631632744903,0.03684602921403002,0.13680632472084547
VitalDB,0.35,mixed_MNAR,weak,naive,reconstructed,outcome_observed_fraction,300,0.3361008230452675,0.024512516483173416,0.29012345679012347,0.3812499999999999,,,
VitalDB,0.35,mixed_MNAR,weak,naive,reconstructed,reconstructed_sensitivity,300,0.4755072463768116,0.060151599193848736,0.34782608695652173,0.5869565217391305,,,
VitalDB,0.35,mixed_MNAR,weak,naive,reconstructed,ess,300,108.89666666666666,7.942055340548189,94.0,123.52499999999998,324.0,-215.10333333333335,215.24941347190705
VitalDB,0.35,mixed_MNAR,weak,naive,reconstructed,event_rate_se,300,0.03851697561562626,0.0025403746301381654,0.03387915811361816,0.042952673978220696,0.019390267411834264,0.019126708203791996,0.019294117194028744
VitalDB,0.35,mixed_MNAR,weak,naive,reconstructed,event_rate_interval_coverage,300,0.76,,,,,,
VitalDB,0.35,mixed_MNAR,weak,recalibration_intercept_apparent,reconstructed,event_rate,300,0.20294243228218217,0.024873896829357964,0.1592920353982301,0.24877577319587624,,,
VitalDB,0.35,mixed_MNAR,weak,recalibration_intercept_apparent,reconstructed,oe,300,0.9955893862582885,0.035795287489278495,0.9076792868842282,1.0526673000089872,1.0,-0.004410613741711478,0.03600673702698616
VitalDB,0.35,mixed_MNAR,weak,recalibration_intercept_apparent,reconstructed,brier,300,0.14351306998842892,0.020009715039716623,0.10881533496167446,0.18650217274079914,,,
VitalDB,0.35,mixed_MNAR,weak,recalibration_intercept_apparent,reconstructed,auc,300,0.7084673091103452,0.04872039643296212,0.6156769169318389,0.8019615088858509,,,
VitalDB,0.35,mixed_MNAR,weak,recalibration_intercept_apparent,reconstructed,calibration_intercept,300,-0.44425284387975067,0.18282299305220234,-0.8095702621627353,-0.11161200767756357,0.0,-0.44425284387975067,0.48028473005900346
VitalDB,0.35,mixed_MNAR,weak,recalibration_intercept_apparent,reconstructed,calibration_slope,300,0.6330634104191474,0.14500874901346844,0.32195456425835206,0.9008618366042397,1.0,-0.3669365895808526,0.39446153966224645
VitalDB,0.35,mixed_MNAR,weak,recalibration_intercept_apparent,reconstructed,outcome_observed_fraction,300,0.3361008230452675,0.024512516483173416,0.29012345679012347,0.3812499999999999,,,
VitalDB,0.35,mixed_MNAR,weak,recalibration_intercept_apparent,reconstructed,reconstructed_sensitivity,300,0.4755072463768116,0.060151599193848736,0.34782608695652173,0.5869565217391305,,,
VitalDB,0.35,mixed_MNAR,weak,recalibration_intercept_apparent,reconstructed,ess,300,108.89666666666666,7.942055340548189,94.0,123.52499999999998,,,
VitalDB,0.35,mixed_MNAR,weak,recalibration_intercept_apparent,reconstructed,event_rate_se,300,0.03851697561562626,0.0025403746301381654,0.03387915811361816,0.042952673978220696,,,
VitalDB,0.35,mixed_MNAR,weak,recalibration_intercept_slope_apparent,reconstructed,event_rate,300,0.20294243228218217,0.024873896829357964,0.1592920353982301,0.24877577319587624,,,
VitalDB,0.35,mixed_MNAR,weak,recalibration_intercept_slope_apparent,reconstructed,oe,300,1.011550599719635,0.060707657801330396,0.8982689654830786,1.146013076172539,1.0,0.011550599719635013,0.061697255508012014
VitalDB,0.35,mixed_MNAR,weak,recalibration_intercept_slope_apparent,reconstructed,brier,300,0.14550046050733545,0.019665431682448404,0.11206273960603359,0.18617754410114165,,,
VitalDB,0.35,mixed_MNAR,weak,recalibration_intercept_slope_apparent,reconstructed,auc,300,0.6863308612785788,0.06457809618587862,0.5607462458529772,0.7939680292533553,,,
VitalDB,0.35,mixed_MNAR,weak,recalibration_intercept_slope_apparent,reconstructed,calibration_intercept,300,-0.3494584773381202,0.35764468860974613,-1.1412442047702194,0.10457986003510554,0.0,-0.3494584773381202,0.4996044284530885
VitalDB,0.35,mixed_MNAR,weak,recalibration_intercept_slope_apparent,reconstructed,calibration_slope,300,0.7200248975894984,0.2577936485607777,0.10215265881944492,1.0258393956673093,1.0,-0.2799751024105016,0.3802921219149664
VitalDB,0.35,mixed_MNAR,weak,recalibration_intercept_slope_apparent,reconstructed,outcome_observed_fraction,300,0.3361008230452675,0.024512516483173416,0.29012345679012347,0.3812499999999999,,,
VitalDB,0.35,mixed_MNAR,weak,recalibration_intercept_slope_apparent,reconstructed,reconstructed_sensitivity,300,0.4755072463768116,0.060151599193848736,0.34782608695652173,0.5869565217391305,,,
VitalDB,0.35,mixed_MNAR,weak,recalibration_intercept_slope_apparent,reconstructed,ess,300,108.89666666666666,7.942055340548189,94.0,123.52499999999998,,,
VitalDB,0.35,mixed_MNAR,weak,recalibration_intercept_slope_apparent,reconstructed,event_rate_se,300,0.03851697561562626,0.0025403746301381654,0.03387915811361816,0.042952673978220696,,,
VitalDB,0.35,mixed_MNAR,weak,recalibration_intercept_slope_truth,full,event_rate,300,0.1419753086419753,0.0,0.1419753086419753,0.1419753086419753,,,
VitalDB,0.35,mixed_MNAR,weak,recalibration_intercept_slope_truth,full,oe,300,0.9936247340658764,0.17719895849682654,0.7157453247556751,1.3798066586263722,1.0,-0.006375265934123631,0.17701821941573226
VitalDB,0.35,mixed_MNAR,weak,recalibration_intercept_slope_truth,full,brier,300,0.11374404853306729,0.004846062640302317,0.10871121513169432,0.12705366713016458,,,
VitalDB,0.35,mixed_MNAR,weak,recalibration_intercept_slope_truth,full,auc,300,0.6776600458763423,0.033331147471051786,0.595040272130122,0.7103534563653424,,,
VitalDB,0.35,mixed_MNAR,weak,recalibration_intercept_slope_truth,full,calibration_intercept,300,-0.45474370116899177,0.38408361986764583,-1.3820529440357725,0.2571434853751182,0.0,-0.45474370116899177,0.5948279807753992
VitalDB,0.35,mixed_MNAR,weak,recalibration_intercept_slope_truth,full,calibration_slope,300,0.7448546620689904,0.2422528137971613,0.19861552069030228,1.2438472746504872,1.0,-0.2551453379310096,0.35155362015098396
VitalDB,0.35,mixed_MNAR,weak,recalibration_intercept_slope_truth,full,outcome_observed_fraction,300,0.3361008230452675,0.024512516483173416,0.29012345679012347,0.3812499999999999,,,
VitalDB,0.35,mixed_MNAR,weak,recalibration_intercept_slope_truth,full,reconstructed_sensitivity,300,0.4755072463768116,0.060151599193848736,0.34782608695652173,0.5869565217391305,,,
VitalDB,0.35,mixed_MNAR,weak,recalibration_intercept_slope_truth,full,ess,300,324.0,0.0,324.0,324.0,,,
VitalDB,0.35,mixed_MNAR,weak,recalibration_intercept_slope_truth,full,event_rate_se,300,0.01939026741183426,3.475243859842279e-18,0.019390267411834264,0.019390267411834264,,,
VitalDB,0.35,mixed_MNAR,weak,recalibration_intercept_truth,full,event_rate,300,0.1419753086419753,0.0,0.1419753086419753,0.1419753086419753,,,
VitalDB,0.35,mixed_MNAR,weak,recalibration_intercept_truth,full,oe,300,1.0975190537705846,0.17608687325491593,0.8443606471860697,1.4480559401163295,1.0,0.09751905377058456,0.20103033972817963
VitalDB,0.35,mixed_MNAR,weak,recalibration_intercept_truth,full,brier,300,0.11228279136130391,0.0028527474261172718,0.10966272453533042,0.11955132178505702,,,
VitalDB,0.35,mixed_MNAR,weak,recalibration_intercept_truth,full,auc,300,0.6939623084141382,0.01556307659858316,0.65162456990929,0.7107600875821083,,,
VitalDB,0.35,mixed_MNAR,weak,recalibration_intercept_truth,full,calibration_intercept,300,-0.5476994119321227,0.17363367669161273,-0.9211325124274768,-0.24686810296610814,0.0,-0.5476994119321227,0.5744761126452248
VitalDB,0.35,mixed_MNAR,weak,recalibration_intercept_truth,full,calibration_slope,300,0.6133216832217979,0.05909334593416748,0.4579781745037975,0.6676914508746559,1.0,-0.3866783167782021,0.39115278871775044
VitalDB,0.35,mixed_MNAR,weak,recalibration_intercept_truth,full,outcome_observed_fraction,300,0.3361008230452675,0.024512516483173416,0.29012345679012347,0.3812499999999999,,,
VitalDB,0.35,mixed_MNAR,weak,recalibration_intercept_truth,full,reconstructed_sensitivity,300,0.4755072463768116,0.060151599193848736,0.34782608695652173,0.5869565217391305,,,
VitalDB,0.35,mixed_MNAR,weak,recalibration_intercept_truth,full,ess,300,324.0,0.0,324.0,324.0,,,
VitalDB,0.35,mixed_MNAR,weak,recalibration_intercept_truth,full,event_rate_se,300,0.01939026741183426,3.475243859842279e-18,0.019390267411834264,0.019390267411834264,,,
VitalDB,0.35,mixed_MNAR,weak,reference_05pct_recalibration,full_heldout,event_rate,300,0.14143990929705214,0.00637677678785558,0.1292517006802721,0.14965986394557823,,,
VitalDB,0.35,mixed_MNAR,weak,reference_05pct_recalibration,full_heldout,oe,300,1.4265324868648728,2.526579733625123,0.47850249346331925,3.940635634711591,1.0,0.4265324868648728,2.558174432848898
VitalDB,0.35,mixed_MNAR,weak,reference_05pct_recalibration,full_heldout,brier,300,0.12114863493759923,0.012698485954371109,0.10778527575803373,0.15221785177139932,,,
VitalDB,0.35,mixed_MNAR,weak,reference_05pct_recalibration,full_heldout,auc,300,0.6534255520252129,0.13534436278274178,0.2704045007158196,0.7279970472440944,,,
VitalDB,0.35,mixed_MNAR,weak,reference_05pct_recalibration,full_heldout,calibration_intercept,300,-0.48930193092487856,13.32630021679774,-18.09311912231764,15.204408278756631,0.0,-0.48930193092487856,13.313065997593101
VitalDB,0.35,mixed_MNAR,weak,reference_05pct_recalibration,full_heldout,calibration_slope,300,0.8257486642127604,6.51584871341458,-6.758093918068174,7.1938562867890266,1.0,-0.17425133578723961,6.507313350065681
VitalDB,0.35,mixed_MNAR,weak,reference_05pct_recalibration,full_heldout,outcome_observed_fraction,300,0.3361008230452675,0.024512516483173416,0.29012345679012347,0.3812499999999999,,,
VitalDB,0.35,mixed_MNAR,weak,reference_05pct_recalibration,full_heldout,reconstructed_sensitivity,300,0.4755072463768116,0.060151599193848736,0.34782608695652173,0.5869565217391305,,,
VitalDB,0.35,mixed_MNAR,weak,reference_05pct_recalibration,full_heldout,ess,300,294.0,0.0,294.0,294.0,,,
VitalDB,0.35,mixed_MNAR,weak,reference_05pct_recalibration,full_heldout,event_rate_se,300,0.020316381362260886,0.00038777048356234946,0.019565492543623577,0.020805365368748184,,,
VitalDB,0.35,mixed_MNAR,weak,reference_05pct_recalibration,full_heldout,reference_sample_n,300,30.0,0.0,30.0,30.0,,,
VitalDB,0.35,mixed_MNAR,weak,reference_05pct_recalibration,full_heldout,evaluation_n,300,294.0,0.0,294.0,294.0,,,
VitalDB,0.35,mixed_MNAR,weak,reference_10pct_recalibration,full_heldout,event_rate,300,0.14144329896907212,0.006495642225183125,0.12714776632302405,0.15120274914089346,,,
VitalDB,0.35,mixed_MNAR,weak,reference_10pct_recalibration,full_heldout,oe,300,1.3730882102992927,2.470928810865656,0.5033451573554231,2.673196865511945,1.0,0.37308821029929273,2.494861192612208
VitalDB,0.35,mixed_MNAR,weak,reference_10pct_recalibration,full_heldout,brier,300,0.11961860486583947,0.011742435797954975,0.10756730576634506,0.15258688144216195,,,
VitalDB,0.35,mixed_MNAR,weak,reference_10pct_recalibration,full_heldout,auc,300,0.6597321201716848,0.1287352063714131,0.2706155177343287,0.7313492912236813,,,
VitalDB,0.35,mixed_MNAR,weak,reference_10pct_recalibration,full_heldout,calibration_intercept,300,-1.6726554947623675,18.885134282108954,-17.974602213127426,10.289657211570638,0.0,-1.6726554947623675,18.927684633923615
VitalDB,0.35,mixed_MNAR,weak,reference_10pct_recalibration,full_heldout,calibration_slope,300,0.43645153327697744,7.292016910388773,-6.301289786978512,8.17864763515519,1.0,-0.5635484667230226,7.301633547387668
VitalDB,0.35,mixed_MNAR,weak,reference_10pct_recalibration,full_heldout,outcome_observed_fraction,300,0.3361008230452675,0.024512516483173416,0.29012345679012347,0.3812499999999999,,,
VitalDB,0.35,mixed_MNAR,weak,reference_10pct_recalibration,full_heldout,reconstructed_sensitivity,300,0.4755072463768116,0.060151599193848736,0.34782608695652173,0.5869565217391305,,,
VitalDB,0.35,mixed_MNAR,weak,reference_10pct_recalibration,full_heldout,ess,300,291.0,0.0,291.0,291.0,,,
VitalDB,0.35,mixed_MNAR,weak,reference_10pct_recalibration,full_heldout,event_rate_se,300,0.020420789889727183,0.00039616582825084294,0.019528920473301695,0.02100077545558355,,,
VitalDB,0.35,mixed_MNAR,weak,reference_10pct_recalibration,full_heldout,reference_sample_n,300,33.0,0.0,33.0,33.0,,,
VitalDB,0.35,mixed_MNAR,weak,reference_10pct_recalibration,full_heldout,evaluation_n,300,291.0,0.0,291.0,291.0,,,
VitalDB,0.35,mixed_MNAR,weak,reference_20pct_recalibration,full_heldout,event_rate,300,0.14159588159588157,0.010222541905991483,0.12152509652509652,0.1583011583011583,,,
VitalDB,0.35,mixed_MNAR,weak,reference_20pct_recalibration,full_heldout,oe,300,1.12271127102904,0.46677847726256627,0.5632047808790649,2.4209251859074548,1.0,0.12271127102903989,0.4818858049894575
VitalDB,0.35,mixed_MNAR,weak,reference_20pct_recalibration,full_heldout,brier,300,0.11461289109618898,0.00933204948314258,0.10261436168268125,0.13757073270732761,,,
VitalDB,0.35,mixed_MNAR,weak,reference_20pct_recalibration,full_heldout,auc,300,0.685227187085113,0.08737759477163655,0.26274263978031104,0.7458434800682386,,,
VitalDB,0.35,mixed_MNAR,weak,reference_20pct_recalibration,full_heldout,calibration_intercept,300,-0.7157507421735559,19.404926030905244,-10.616279552345937,6.765526290123541,0.0,-0.7157507421735559,19.385775271461537
VitalDB,0.35,mixed_MNAR,weak,reference_20pct_recalibration,full_heldout,calibration_slope,300,0.6158752995578711,10.924248334732091,-4.02716850760468,4.299962685344238,1.0,-0.3841247004421289,10.912788650269782
VitalDB,0.35,mixed_MNAR,weak,reference_20pct_recalibration,full_heldout,outcome_observed_fraction,300,0.3361008230452675,0.024512516483173416,0.29012345679012347,0.3812499999999999,,,
VitalDB,0.35,mixed_MNAR,weak,reference_20pct_recalibration,full_heldout,reconstructed_sensitivity,300,0.4755072463768116,0.060151599193848736,0.34782608695652173,0.5869565217391305,,,
VitalDB,0.35,mixed_MNAR,weak,reference_20pct_recalibration,full_heldout,ess,300,259.0,0.0,259.0,259.0,,,
VitalDB,0.35,mixed_MNAR,weak,reference_20pct_recalibration,full_heldout,event_rate_se,300,0.02164388517440429,0.0006580316413072773,0.020301591641121365,0.02268143506161645,,,
VitalDB,0.35,mixed_MNAR,weak,reference_20pct_recalibration,full_heldout,reference_sample_n,300,65.0,0.0,65.0,65.0,,,
VitalDB,0.35,mixed_MNAR,weak,reference_20pct_recalibration,full_heldout,evaluation_n,300,259.0,0.0,259.0,259.0,,,
VitalDB,0.35,mixed_MNAR,weak,reference_30pct_recalibration,full_heldout,event_rate,300,0.14156342182890855,0.013732550515433246,0.11504424778761062,0.168141592920354,,,
VitalDB,0.35,mixed_MNAR,weak,reference_30pct_recalibration,full_heldout,oe,300,1.078235344403961,0.3705017886988709,0.5814188594341557,2.067411567644913,1.0,0.07823534440396096,0.3780671535917558
VitalDB,0.35,mixed_MNAR,weak,reference_30pct_recalibration,full_heldout,brier,300,0.11300959679064808,0.01018137443782328,0.09764182753826048,0.1391954981827046,,,
VitalDB,0.35,mixed_MNAR,weak,reference_30pct_recalibration,full_heldout,auc,300,0.6982569491679645,0.056655368671265346,0.6376111195410382,0.7588938965981985,,,
VitalDB,0.35,mixed_MNAR,weak,reference_30pct_recalibration,full_heldout,calibration_intercept,300,0.2202243329812406,4.873399668983548,-1.1909211248209508,6.717963671628076,0.0,0.2202243329812406,4.8702521847135545
VitalDB,0.35,mixed_MNAR,weak,reference_30pct_recalibration,full_heldout,calibration_slope,300,1.1324803095740952,2.21402766843394,0.35991665027676467,4.512029242494153,1.0,0.13248030957409518,2.214301203681929
VitalDB,0.35,mixed_MNAR,weak,reference_30pct_recalibration,full_heldout,outcome_observed_fraction,300,0.3361008230452675,0.024512516483173416,0.29012345679012347,0.3812499999999999,,,
VitalDB,0.35,mixed_MNAR,weak,reference_30pct_recalibration,full_heldout,reconstructed_sensitivity,300,0.4755072463768116,0.060151599193848736,0.34782608695652173,0.5869565217391305,,,
VitalDB,0.35,mixed_MNAR,weak,reference_30pct_recalibration,full_heldout,ess,300,226.0,0.0,226.0,226.0,,,
VitalDB,0.35,mixed_MNAR,weak,reference_30pct_recalibration,full_heldout,event_rate_se,300,0.023151245126289268,0.0009510879512195456,0.021224575507663327,0.024877576146280455,,,
VitalDB,0.35,mixed_MNAR,weak,reference_30pct_recalibration,full_heldout,reference_sample_n,300,98.0,0.0,98.0,98.0,,,
VitalDB,0.35,mixed_MNAR,weak,reference_30pct_recalibration,full_heldout,evaluation_n,300,226.0,0.0,226.0,226.0,,,
VitalDB,0.35,outcome_MNAR,strong,AIPW_design_probability,reconstructed,event_rate,300,0.13375550753667026,0.01490918395103064,0.105269587559054,0.16539582120459262,0.1419753086419753,-0.008219801105305041,0.017003174715608003
VitalDB,0.35,outcome_MNAR,strong,AIPW_design_probability,reconstructed,oe,300,1.334749469109245,0.14877910995952415,1.0504877794977887,1.65048893022363,1.4167750646420612,-0.08202559553281619,0.1696750948263382
VitalDB,0.35,outcome_MNAR,strong,AIPW_design_probability,reconstructed,outcome_observed_fraction,300,0.2869135802469136,0.01917900818944583,0.25146604938271605,0.32260802469135796,,,
VitalDB,0.35,outcome_MNAR,strong,AIPW_design_probability,reconstructed,reconstructed_sensitivity,300,0.8461594202898551,0.05062089073890489,0.7494565217391305,0.9347826086956522,,,
VitalDB,0.35,outcome_MNAR,strong,AIPW_design_probability,reconstructed,ess,300,49.867105067893625,5.408222446011675,38.61379158461289,60.023554268508505,324.0,-274.13289493210635,274.1860599258274
VitalDB,0.35,outcome_MNAR,strong,AIPW_design_probability,reconstructed,event_rate_se,300,0.024051059349745683,0.0019751417401535623,0.02113927756380265,0.028968042190069602,0.019390267411834264,0.00466079193791142,0.005060747220771978
VitalDB,0.35,outcome_MNAR,strong,AIPW_design_probability,reconstructed,event_rate_interval_coverage,300,0.9966666666666667,,,,,,
VitalDB,0.35,outcome_MNAR,strong,Gamma2_prediction_sensitivity_region,full,event_rate,300,0.18251642584803296,0.007412166521898829,0.16899482680299036,0.19547258051481967,0.1419753086419753,0.04054111720605766,0.041210911938730915
VitalDB,0.35,outcome_MNAR,strong,Gamma2_prediction_sensitivity_region,full,outcome_observed_fraction,300,0.2869135802469136,0.01917900818944583,0.25146604938271605,0.32260802469135796,,,
VitalDB,0.35,outcome_MNAR,strong,Gamma2_prediction_sensitivity_region,full,reconstructed_sensitivity,300,0.8461594202898551,0.05062089073890489,0.7494565217391305,0.9347826086956522,,,
VitalDB,0.35,outcome_MNAR,strong,Gamma2_prediction_sensitivity_region,full,MNAR_event_rate_coverage,300,0.11333333333333333,,,,,,
VitalDB,0.35,outcome_MNAR,strong,IPAW_design_probability_truncated99,reconstructed,event_rate,300,0.1362123136554104,0.01994372701323943,0.10171341374514462,0.179531206634236,0.1419753086419753,-0.005762994986564907,0.020727723405378106
VitalDB,0.35,outcome_MNAR,strong,IPAW_design_probability_truncated99,reconstructed,oe,300,1.3634840968564623,0.18970172161946372,1.056461965149799,1.8300392725385424,1.4167750646420612,-0.05329096778559883,0.1967402211605352
VitalDB,0.35,outcome_MNAR,strong,IPAW_design_probability_truncated99,reconstructed,brier,300,0.10636834010233902,0.01523937935404498,0.08059922963977337,0.1399117669593984,0.11053590028892503,-0.004167560186586011,0.01577444490502453
VitalDB,0.35,outcome_MNAR,strong,IPAW_design_probability_truncated99,reconstructed,auc,300,0.7059473188760744,0.03978155065364325,0.6239503484055247,0.7815350894268408,0.7044103847356897,0.0015369341403846937,0.039744920426626876
VitalDB,0.35,outcome_MNAR,strong,IPAW_design_probability_truncated99,reconstructed,calibration_intercept,300,-0.23680694749255787,0.3287747499697965,-0.7800707461736106,0.5012952394628567,-0.22511057884817762,-0.011696368644380256,0.3284346690029973
VitalDB,0.35,outcome_MNAR,strong,IPAW_design_probability_truncated99,reconstructed,calibration_slope,300,0.6773128699240685,0.12547726068324588,0.4623109507114378,0.9462060966140384,0.6581631632744903,0.019149706649578158,0.1267232117786934
VitalDB,0.35,outcome_MNAR,strong,IPAW_design_probability_truncated99,reconstructed,outcome_observed_fraction,300,0.2869135802469136,0.01917900818944583,0.25146604938271605,0.32260802469135796,,,
VitalDB,0.35,outcome_MNAR,strong,IPAW_design_probability_truncated99,reconstructed,reconstructed_sensitivity,300,0.8461594202898551,0.05062089073890489,0.7494565217391305,0.9347826086956522,,,
VitalDB,0.35,outcome_MNAR,strong,IPAW_design_probability_truncated99,reconstructed,ess,300,51.12050232195673,5.209692661594151,40.062780402276324,61.668415071081036,324.0,-272.87949767804326,272.92905796376965
VitalDB,0.35,outcome_MNAR,strong,IPAW_design_probability_truncated99,reconstructed,event_rate_se,300,0.026891777841676033,0.0038689761435146824,0.019996752478467883,0.035147767784206606,0.019390267411834264,0.007501510429841769,0.008437519691243019
VitalDB,0.35,outcome_MNAR,strong,IPAW_design_probability_truncated99,reconstructed,weight_p99,300,12.950298666778792,2.402509421565653,9.561361589726468,17.990622654028886,,,
VitalDB,0.35,outcome_MNAR,strong,IPAW_design_probability_truncated99,reconstructed,weight_max,300,13.196600038997172,2.3972208774424124,9.695566131642838,18.001201443224854,,,
VitalDB,0.35,outcome_MNAR,strong,IPAW_design_probability_truncated99,reconstructed,event_rate_interval_coverage,300,0.9666666666666667,,,,,,
VitalDB,0.35,outcome_MNAR,strong,IPAW_design_probability_untruncated,reconstructed,event_rate,300,0.13498674891144466,0.01967823089993237,0.10140273202290111,0.17832980188721068,0.1419753086419753,-0.006988559730530641,0.02085142591176306
VitalDB,0.35,outcome_MNAR,strong,IPAW_design_probability_untruncated,reconstructed,oe,300,1.3521624129393024,0.1902551503171085,1.0435403575919018,1.8112368306193143,1.4167750646420612,-0.06461265170275876,0.2006269180382008
VitalDB,0.35,outcome_MNAR,strong,IPAW_design_probability_untruncated,reconstructed,brier,300,0.1055463032756358,0.015024504069543495,0.08029302329772388,0.13854153855298695,0.11053590028892503,-0.004989597013289229,0.015807572504413874
VitalDB,0.35,outcome_MNAR,strong,IPAW_design_probability_untruncated,reconstructed,auc,300,0.7052387974295806,0.03993635181994016,0.6233044406355113,0.7814418297786895,0.7044103847356897,0.0008284126938908898,0.03987834111756009
VitalDB,0.35,outcome_MNAR,strong,IPAW_design_probability_untruncated,reconstructed,calibration_intercept,300,-0.24860023269130144,0.33205215826320555,-0.8157565417387805,0.5004662264788527,-0.22511057884817762,-0.02348965384312382,0.33232946131647506
VitalDB,0.35,outcome_MNAR,strong,IPAW_design_probability_untruncated,reconstructed,calibration_slope,300,0.6770981325700802,0.1259738035530281,0.4668551472640198,0.9555542238662603,0.6581631632744903,0.01893496929558991,0.12718110805685642
VitalDB,0.35,outcome_MNAR,strong,IPAW_design_probability_untruncated,reconstructed,outcome_observed_fraction,300,0.2869135802469136,0.01917900818944583,0.25146604938271605,0.32260802469135796,,,
VitalDB,0.35,outcome_MNAR,strong,IPAW_design_probability_untruncated,reconstructed,reconstructed_sensitivity,300,0.8461594202898551,0.05062089073890489,0.7494565217391305,0.9347826086956522,,,
VitalDB,0.35,outcome_MNAR,strong,IPAW_design_probability_untruncated,reconstructed,ess,300,49.867105067893625,5.408222446011675,38.61379158461289,60.023554268508505,324.0,-274.13289493210635,274.1860599258274
VitalDB,0.35,outcome_MNAR,strong,IPAW_design_probability_untruncated,reconstructed,event_rate_se,300,0.026853581250903768,0.0038769953337840723,0.01994895901365284,0.035115777684623664,0.019390267411834264,0.007463313839069504,0.008407261304128865
VitalDB,0.35,outcome_MNAR,strong,IPAW_design_probability_untruncated,reconstructed,weight_p99,300,13.196600038997172,2.3972208774424124,9.695566131642838,18.001201443224854,,,
VitalDB,0.35,outcome_MNAR,strong,IPAW_design_probability_untruncated,reconstructed,weight_max,300,16.066980800445506,3.7218199029567236,10.280095635733517,24.65163874331499,,,
VitalDB,0.35,outcome_MNAR,strong,IPAW_design_probability_untruncated,reconstructed,event_rate_interval_coverage,300,0.9633333333333334,,,,,,
VitalDB,0.35,outcome_MNAR,strong,full_reference,full,event_rate,300,0.1419753086419753,0.0,0.1419753086419753,0.1419753086419753,0.1419753086419753,0.0,0.0
VitalDB,0.35,outcome_MNAR,strong,full_reference,full,oe,300,1.4167750646420616,4.448312140598118e-16,1.4167750646420612,1.4167750646420612,1.4167750646420612,4.440892098500626e-16,0.0
VitalDB,0.35,outcome_MNAR,strong,full_reference,full,brier,300,0.11053590028892503,0.0,0.11053590028892503,0.11053590028892503,0.11053590028892503,0.0,0.0
VitalDB,0.35,outcome_MNAR,strong,full_reference,full,auc,300,0.7044103847356897,0.0,0.7044103847356897,0.7044103847356897,0.7044103847356897,0.0,0.0
VitalDB,0.35,outcome_MNAR,strong,full_reference,full,calibration_intercept,300,-0.2251105788481776,2.7801950878738235e-17,-0.22511057884817762,-0.22511057884817762,-0.22511057884817762,2.7755575615628914e-17,0.0
VitalDB,0.35,outcome_MNAR,strong,full_reference,full,calibration_slope,300,0.6581631632744902,1.1120780351495294e-16,0.6581631632744903,0.6581631632744903,0.6581631632744903,-1.1102230246251565e-16,0.0
VitalDB,0.35,outcome_MNAR,strong,full_reference,full,outcome_observed_fraction,300,0.2869135802469136,0.01917900818944583,0.25146604938271605,0.32260802469135796,,,
VitalDB,0.35,outcome_MNAR,strong,full_reference,full,reconstructed_sensitivity,300,0.8461594202898551,0.05062089073890489,0.7494565217391305,0.9347826086956522,,,
VitalDB,0.35,outcome_MNAR,strong,full_reference,full,ess,300,324.0,0.0,324.0,324.0,324.0,0.0,0.0
VitalDB,0.35,outcome_MNAR,strong,full_reference,full,event_rate_se,300,0.01939026741183426,3.475243859842279e-18,0.019390267411834264,0.019390267411834264,0.019390267411834264,-3.469446951953614e-18,0.0
VitalDB,0.35,outcome_MNAR,strong,full_reference,full,event_rate_interval_coverage,300,1.0,,,,,,
VitalDB,0.35,outcome_MNAR,strong,naive,reconstructed,event_rate,300,0.42171257061694895,0.033473008400378555,0.3577597808324522,0.48507957559681686,0.1419753086419753,0.2797372619749736,0.28172618483376544
VitalDB,0.35,outcome_MNAR,strong,naive,reconstructed,oe,300,2.6222646585440317,0.20726714415435274,2.239578860150196,3.0201367316745173,1.4167750646420612,1.2054895939019705,1.223119630761856
VitalDB,0.35,outcome_MNAR,strong,naive,reconstructed,brier,300,0.296666229524112,0.0239939054647445,0.2514969975916423,0.33744203324714156,0.11053590028892503,0.18613032923518696,0.18766536157653604
VitalDB,0.35,outcome_MNAR,strong,naive,reconstructed,auc,300,0.6580196505586936,0.037142996730965834,0.5845474045474046,0.7282850332850331,0.7044103847356897,-0.04639073417699613,0.0593894245604109
VitalDB,0.35,outcome_MNAR,strong,naive,reconstructed,calibration_intercept,300,0.5989858349906376,0.25436799598155757,0.16258187737314475,1.0959229667626458,-0.22511057884817762,0.8240964138388153,0.8623353754526545
VitalDB,0.35,outcome_MNAR,strong,naive,reconstructed,calibration_slope,300,0.4239010117060173,0.09847703924921931,0.26383349120541405,0.6348614314387129,0.6581631632744903,-0.23426215156847302,0.2540554214325125
VitalDB,0.35,outcome_MNAR,strong,naive,reconstructed,outcome_observed_fraction,300,0.2869135802469136,0.01917900818944583,0.25146604938271605,0.32260802469135796,,,
VitalDB,0.35,outcome_MNAR,strong,naive,reconstructed,reconstructed_sensitivity,300,0.8461594202898551,0.05062089073890489,0.7494565217391305,0.9347826086956522,,,
VitalDB,0.35,outcome_MNAR,strong,naive,reconstructed,ess,300,92.96,6.21399865338045,81.475,104.52499999999998,324.0,-231.04000000000002,231.1232715817831
VitalDB,0.35,outcome_MNAR,strong,naive,reconstructed,event_rate_se,300,0.05119598638075447,0.0021198221047466787,0.04714625057391982,0.05525381300044098,0.019390267411834264,0.031805718968920205,0.03187604784264381
VitalDB,0.35,outcome_MNAR,strong,naive,reconstructed,event_rate_interval_coverage,300,0.0,,,,,,
VitalDB,0.35,outcome_MNAR,strong,recalibration_intercept_apparent,reconstructed,event_rate,300,0.42171257061694895,0.033473008400378555,0.3577597808324522,0.48507957559681686,,,
VitalDB,0.35,outcome_MNAR,strong,recalibration_intercept_apparent,reconstructed,oe,300,1.001771928202302,0.02559496694738556,0.9511623925693339,1.0533154406153402,1.0,0.0017719282023020977,0.025613636761467787
VitalDB,0.35,outcome_MNAR,strong,recalibration_intercept_apparent,reconstructed,brier,300,0.24465504472012758,0.02006685418722248,0.21140872797782717,0.28239741171822463,,,
VitalDB,0.35,outcome_MNAR,strong,recalibration_intercept_apparent,reconstructed,auc,300,0.6434426072963036,0.04154188883116582,0.5644063180827886,0.7209088365024858,,,
VitalDB,0.35,outcome_MNAR,strong,recalibration_intercept_apparent,reconstructed,calibration_intercept,300,-0.19504883617314314,0.07980410105803735,-0.35495301398554835,-0.037469336634920365,0.0,-0.19504883617314314,0.21069293784168502
VitalDB,0.35,outcome_MNAR,strong,recalibration_intercept_apparent,reconstructed,calibration_slope,300,0.3813739236592116,0.10809150967862644,0.19950276321479232,0.6008056691190065,1.0,-0.6186260763407885,0.6279673963499391
VitalDB,0.35,outcome_MNAR,strong,recalibration_intercept_apparent,reconstructed,outcome_observed_fraction,300,0.2869135802469136,0.01917900818944583,0.25146604938271605,0.32260802469135796,,,
VitalDB,0.35,outcome_MNAR,strong,recalibration_intercept_apparent,reconstructed,reconstructed_sensitivity,300,0.8461594202898551,0.05062089073890489,0.7494565217391305,0.9347826086956522,,,
VitalDB,0.35,outcome_MNAR,strong,recalibration_intercept_apparent,reconstructed,ess,300,92.96,6.21399865338045,81.475,104.52499999999998,,,
VitalDB,0.35,outcome_MNAR,strong,recalibration_intercept_apparent,reconstructed,event_rate_se,300,0.05119598638075447,0.0021198221047466787,0.04714625057391982,0.05525381300044098,,,
VitalDB,0.35,outcome_MNAR,strong,recalibration_intercept_slope_apparent,reconstructed,event_rate,300,0.42171257061694895,0.033473008400378555,0.3577597808324522,0.48507957559681686,,,
VitalDB,0.35,outcome_MNAR,strong,recalibration_intercept_slope_apparent,reconstructed,oe,300,1.0048864400998434,0.03488957709293558,0.952376798735561,1.0749276365135259,1.0,0.004886440099843403,0.035172464769203216
VitalDB,0.35,outcome_MNAR,strong,recalibration_intercept_slope_apparent,reconstructed,brier,300,0.23664908605785095,0.01885649687773347,0.20652482991671622,0.2855151452445448,,,
VitalDB,0.35,outcome_MNAR,strong,recalibration_intercept_slope_apparent,reconstructed,auc,300,0.6180363482946709,0.06281455467123605,0.46703041848089016,0.7112984234234232,,,
VitalDB,0.35,outcome_MNAR,strong,recalibration_intercept_slope_apparent,reconstructed,calibration_intercept,300,-0.1297545460446943,0.13507649935390464,-0.4752177793210101,0.020601619123440225,0.0,-0.1297545460446943,0.18713921029021258
VitalDB,0.35,outcome_MNAR,strong,recalibration_intercept_slope_apparent,reconstructed,calibration_slope,300,0.5895253987427158,0.33282911797211584,-0.18488244938508913,1.0094899853727728,1.0,-0.4104746012572842,0.5281054528294414
VitalDB,0.35,outcome_MNAR,strong,recalibration_intercept_slope_apparent,reconstructed,outcome_observed_fraction,300,0.2869135802469136,0.01917900818944583,0.25146604938271605,0.32260802469135796,,,
VitalDB,0.35,outcome_MNAR,strong,recalibration_intercept_slope_apparent,reconstructed,reconstructed_sensitivity,300,0.8461594202898551,0.05062089073890489,0.7494565217391305,0.9347826086956522,,,
VitalDB,0.35,outcome_MNAR,strong,recalibration_intercept_slope_apparent,reconstructed,ess,300,92.96,6.21399865338045,81.475,104.52499999999998,,,
VitalDB,0.35,outcome_MNAR,strong,recalibration_intercept_slope_apparent,reconstructed,event_rate_se,300,0.05119598638075447,0.0021198221047466787,0.04714625057391982,0.05525381300044098,,,
VitalDB,0.35,outcome_MNAR,strong,recalibration_intercept_slope_truth,full,event_rate,300,0.1419753086419753,0.0,0.1419753086419753,0.1419753086419753,,,
VitalDB,0.35,outcome_MNAR,strong,recalibration_intercept_slope_truth,full,oe,300,0.38478522230990825,0.037925136046097915,0.3223008394321152,0.4664633608457312,1.0,-0.6152147776900918,0.6163787344205701
VitalDB,0.35,outcome_MNAR,strong,recalibration_intercept_slope_truth,full,brier,300,0.17264820506383952,0.01861240108848263,0.14347162578740455,0.21647222446742714,,,
VitalDB,0.35,outcome_MNAR,strong,recalibration_intercept_slope_truth,full,auc,300,0.6693475654259202,0.0432356200787862,0.5622810447294339,0.707538317172349,,,
VitalDB,0.35,outcome_MNAR,strong,recalibration_intercept_slope_truth,full,calibration_intercept,300,-1.330534169117622,0.2430597578489872,-1.7656663200096048,-0.8434378778352762,0.0,-1.330534169117622,1.3524800531821202
VitalDB,0.35,outcome_MNAR,strong,recalibration_intercept_slope_truth,full,calibration_slope,300,1.1143618310909518,0.4656811598767647,0.2493557760355173,2.032512120164704,1.0,0.11436183109095177,0.478763728714311
VitalDB,0.35,outcome_MNAR,strong,recalibration_intercept_slope_truth,full,outcome_observed_fraction,300,0.2869135802469136,0.01917900818944583,0.25146604938271605,0.32260802469135796,,,
VitalDB,0.35,outcome_MNAR,strong,recalibration_intercept_slope_truth,full,reconstructed_sensitivity,300,0.8461594202898551,0.05062089073890489,0.7494565217391305,0.9347826086956522,,,
VitalDB,0.35,outcome_MNAR,strong,recalibration_intercept_slope_truth,full,ess,300,324.0,0.0,324.0,324.0,,,
VitalDB,0.35,outcome_MNAR,strong,recalibration_intercept_slope_truth,full,event_rate_se,300,0.01939026741183426,3.475243859842279e-18,0.019390267411834264,0.019390267411834264,,,
VitalDB,0.35,outcome_MNAR,strong,recalibration_intercept_truth,full,event_rate,300,0.1419753086419753,0.0,0.1419753086419753,0.1419753086419753,,,
VitalDB,0.35,outcome_MNAR,strong,recalibration_intercept_truth,full,oe,300,0.4358136003526848,0.04356631274427154,0.35650725558853064,0.5245452333839924,1.0,-0.5641863996473152,0.5658603983384753
VitalDB,0.35,outcome_MNAR,strong,recalibration_intercept_truth,full,brier,300,0.16240606094780333,0.015577237699832984,0.13721830263640428,0.19672226992574932,,,
VitalDB,0.35,outcome_MNAR,strong,recalibration_intercept_truth,full,auc,300,0.6921869460952976,0.016977571239139438,0.6404031122927745,0.7071512355333125,,,
VitalDB,0.35,outcome_MNAR,strong,recalibration_intercept_truth,full,calibration_intercept,300,-1.4580004457658908,0.11669764750183106,-1.6914936042842563,-1.2324599897536452,0.0,-1.4580004457658908,1.4626476835917195
VitalDB,0.35,outcome_MNAR,strong,recalibration_intercept_truth,full,calibration_slope,300,0.6113946825914061,0.06005812562557369,0.4520015857137992,0.6623403306034804,1.0,-0.38860531740859394,0.3932035705717575
VitalDB,0.35,outcome_MNAR,strong,recalibration_intercept_truth,full,outcome_observed_fraction,300,0.2869135802469136,0.01917900818944583,0.25146604938271605,0.32260802469135796,,,
VitalDB,0.35,outcome_MNAR,strong,recalibration_intercept_truth,full,reconstructed_sensitivity,300,0.8461594202898551,0.05062089073890489,0.7494565217391305,0.9347826086956522,,,
VitalDB,0.35,outcome_MNAR,strong,recalibration_intercept_truth,full,ess,300,324.0,0.0,324.0,324.0,,,
VitalDB,0.35,outcome_MNAR,strong,recalibration_intercept_truth,full,event_rate_se,300,0.01939026741183426,3.475243859842279e-18,0.019390267411834264,0.019390267411834264,,,
VitalDB,0.35,outcome_MNAR,strong,reference_05pct_recalibration,full_heldout,event_rate,298,0.14226361685613842,0.005811195720479242,0.1292517006802721,0.14965986394557823,,,
VitalDB,0.35,outcome_MNAR,strong,reference_05pct_recalibration,full_heldout,oe,298,1.3430648274752537,1.4052998343858227,0.5478225143311628,3.3996821344996184,1.0,0.3430648274752537,1.444276298985041
VitalDB,0.35,outcome_MNAR,strong,reference_05pct_recalibration,full_heldout,brier,298,0.12142085722654565,0.015314319042186775,0.107352721261655,0.15746177445334916,,,
VitalDB,0.35,outcome_MNAR,strong,reference_05pct_recalibration,full_heldout,auc,298,0.6549013778394569,0.13106909595417296,0.2669292640503271,0.7250852157102157,,,
VitalDB,0.35,outcome_MNAR,strong,reference_05pct_recalibration,full_heldout,calibration_intercept,298,-0.4700563675086014,10.01184788917452,-13.283060335612582,11.00757966057158,0.0,-0.4700563675086014,10.006082402389517
VitalDB,0.35,outcome_MNAR,strong,reference_05pct_recalibration,full_heldout,calibration_slope,298,0.7015447752855798,4.7522376296345215,-6.471219604973294,6.076474560271523,1.0,-0.2984552247144202,4.753635826585031
VitalDB,0.35,outcome_MNAR,strong,reference_05pct_recalibration,full_heldout,outcome_observed_fraction,298,0.2869334659043831,0.01921524055468443,0.2513117283950617,0.3227623456790123,,,
VitalDB,0.35,outcome_MNAR,strong,reference_05pct_recalibration,full_heldout,reconstructed_sensitivity,298,0.8460023344032682,0.05072311128520511,0.7483695652173913,0.9347826086956522,,,
VitalDB,0.35,outcome_MNAR,strong,reference_05pct_recalibration,full_heldout,ess,298,294.0,0.0,294.0,294.0,,,
VitalDB,0.35,outcome_MNAR,strong,reference_05pct_recalibration,full_heldout,event_rate_se,298,0.020366963659821657,0.0003502241668855609,0.01956549254362358,0.020805365368748184,,,
VitalDB,0.35,outcome_MNAR,strong,reference_05pct_recalibration,full_heldout,reference_sample_n,298,30.0,0.0,30.0,30.0,,,
VitalDB,0.35,outcome_MNAR,strong,reference_05pct_recalibration,full_heldout,evaluation_n,298,294.0,0.0,294.0,294.0,,,
VitalDB,0.35,outcome_MNAR,strong,reference_10pct_recalibration,full_heldout,event_rate,300,0.14232531500572734,0.006255902671142047,0.13058419243986255,0.15120274914089346,,,
VitalDB,0.35,outcome_MNAR,strong,reference_10pct_recalibration,full_heldout,oe,300,1.2934805419576525,0.8024896119164315,0.5383198058584331,3.4899302620492194,1.0,0.2934805419576525,0.8532137913896081
VitalDB,0.35,outcome_MNAR,strong,reference_10pct_recalibration,full_heldout,brier,300,0.12093276504102417,0.01506098015249262,0.10695131520368395,0.15393314034064012,,,
VitalDB,0.35,outcome_MNAR,strong,reference_10pct_recalibration,full_heldout,auc,300,0.6583727160481084,0.1275137608130647,0.26474850597609567,0.7263929066343321,,,
VitalDB,0.35,outcome_MNAR,strong,reference_10pct_recalibration,full_heldout,calibration_intercept,300,2.0579181486788443,34.485528595471735,-13.914285982358269,17.01150589816731,0.0,2.0579181486788443,34.48945545149605
VitalDB,0.35,outcome_MNAR,strong,reference_10pct_recalibration,full_heldout,calibration_slope,300,1.8587372871799228,15.096587844656064,-5.71620001786675,9.39257268081511,1.0,0.8587372871799228,15.095850568880586
VitalDB,0.35,outcome_MNAR,strong,reference_10pct_recalibration,full_heldout,outcome_observed_fraction,300,0.2869135802469136,0.01917900818944583,0.25146604938271605,0.32260802469135796,,,
VitalDB,0.35,outcome_MNAR,strong,reference_10pct_recalibration,full_heldout,reconstructed_sensitivity,300,0.8461594202898551,0.05062089073890489,0.7494565217391305,0.9347826086956522,,,
VitalDB,0.35,outcome_MNAR,strong,reference_10pct_recalibration,full_heldout,ess,300,291.0,0.0,291.0,291.0,,,
VitalDB,0.35,outcome_MNAR,strong,reference_10pct_recalibration,full_heldout,event_rate_se,300,0.020474471848438435,0.0003780453282718166,0.019752068152595607,0.02100077545558355,,,
VitalDB,0.35,outcome_MNAR,strong,reference_10pct_recalibration,full_heldout,reference_sample_n,300,33.0,0.0,33.0,33.0,,,
VitalDB,0.35,outcome_MNAR,strong,reference_10pct_recalibration,full_heldout,evaluation_n,300,291.0,0.0,291.0,291.0,,,
VitalDB,0.35,outcome_MNAR,strong,reference_20pct_recalibration,full_heldout,event_rate,300,0.14194337194337195,0.010021104205503869,0.12152509652509652,0.1583011583011583,,,
VitalDB,0.35,outcome_MNAR,strong,reference_20pct_recalibration,full_heldout,oe,300,1.1219077870381833,0.4423426033935439,0.5492580918874108,2.0517033940053135,1.0,0.12190778703818328,0.4581225426181681
VitalDB,0.35,outcome_MNAR,strong,reference_20pct_recalibration,full_heldout,brier,300,0.11541447087811008,0.010057077329952972,0.10352501296402512,0.14123430452409613,,,
VitalDB,0.35,outcome_MNAR,strong,reference_20pct_recalibration,full_heldout,auc,300,0.6833946759071536,0.09350628761903505,0.2679353679227065,0.7412811044289476,,,
VitalDB,0.35,outcome_MNAR,strong,reference_20pct_recalibration,full_heldout,calibration_intercept,300,0.822913049041444,19.443217126257338,-13.444720274259838,11.212858151939372,0.0,0.822913049041444,19.428220431398408
VitalDB,0.35,outcome_MNAR,strong,reference_20pct_recalibration,full_heldout,calibration_slope,300,1.5588868083326797,11.72095517164262,-6.022324885277312,6.533610901244525,1.0,0.5588868083326797,11.714743216693458
VitalDB,0.35,outcome_MNAR,strong,reference_20pct_recalibration,full_heldout,outcome_observed_fraction,300,0.2869135802469136,0.01917900818944583,0.25146604938271605,0.32260802469135796,,,
VitalDB,0.35,outcome_MNAR,strong,reference_20pct_recalibration,full_heldout,reconstructed_sensitivity,300,0.8461594202898551,0.05062089073890489,0.7494565217391305,0.9347826086956522,,,
VitalDB,0.35,outcome_MNAR,strong,reference_20pct_recalibration,full_heldout,ess,300,259.0,0.0,259.0,259.0,,,
VitalDB,0.35,outcome_MNAR,strong,reference_20pct_recalibration,full_heldout,event_rate_se,300,0.021666716739481933,0.0006488889636579785,0.02030159164112136,0.022681435061616448,,,
VitalDB,0.35,outcome_MNAR,strong,reference_20pct_recalibration,full_heldout,reference_sample_n,300,65.0,0.0,65.0,65.0,,,
VitalDB,0.35,outcome_MNAR,strong,reference_20pct_recalibration,full_heldout,evaluation_n,300,259.0,0.0,259.0,259.0,,,
VitalDB,0.35,outcome_MNAR,strong,reference_30pct_recalibration,full_heldout,event_rate,300,0.14140117994100293,0.013531890058633195,0.11504424778761062,0.16603982300884945,,,
VitalDB,0.35,outcome_MNAR,strong,reference_30pct_recalibration,full_heldout,oe,300,1.0606419099938396,0.34863345484539654,0.569169216760829,1.9199490732345261,1.0,0.06064190999383956,0.3532953100910719
VitalDB,0.35,outcome_MNAR,strong,reference_30pct_recalibration,full_heldout,brier,300,0.11295566870068376,0.009784308941145023,0.09757633392309778,0.1329572914887733,,,
VitalDB,0.35,outcome_MNAR,strong,reference_30pct_recalibration,full_heldout,auc,300,0.703038210314628,0.04007453204100683,0.643945810470714,0.7671392527961188,,,
VitalDB,0.35,outcome_MNAR,strong,reference_30pct_recalibration,full_heldout,calibration_intercept,300,3.612850857327457,41.12719800896414,-1.1095591884289413,7.37862356382325,0.0,3.612850857327457,41.21724096377155
VitalDB,0.35,outcome_MNAR,strong,reference_30pct_recalibration,full_heldout,calibration_slope,300,2.9660378632229496,21.291800826519054,0.361735727664725,4.980503621387905,1.0,1.9660378632229496,21.34701270375623
VitalDB,0.35,outcome_MNAR,strong,reference_30pct_recalibration,full_heldout,outcome_observed_fraction,300,0.2869135802469136,0.01917900818944583,0.25146604938271605,0.32260802469135796,,,
VitalDB,0.35,outcome_MNAR,strong,reference_30pct_recalibration,full_heldout,reconstructed_sensitivity,300,0.8461594202898551,0.05062089073890489,0.7494565217391305,0.9347826086956522,,,
VitalDB,0.35,outcome_MNAR,strong,reference_30pct_recalibration,full_heldout,ess,300,226.0,0.0,226.0,226.0,,,
VitalDB,0.35,outcome_MNAR,strong,reference_30pct_recalibration,full_heldout,event_rate_se,300,0.023141352380711303,0.0009337013365303514,0.02122457550766333,0.024752025062754535,,,
VitalDB,0.35,outcome_MNAR,strong,reference_30pct_recalibration,full_heldout,reference_sample_n,300,98.0,0.0,98.0,98.0,,,
VitalDB,0.35,outcome_MNAR,strong,reference_30pct_recalibration,full_heldout,evaluation_n,300,226.0,0.0,226.0,226.0,,,
VitalDB,0.35,outcome_MNAR,weak,AIPW_design_probability,reconstructed,event_rate,300,0.12103795871998035,0.017630322626956713,0.0894407398992289,0.15454547239331554,0.1419753086419753,-0.020937349921994947,0.027352601401576807
VitalDB,0.35,outcome_MNAR,weak,AIPW_design_probability,reconstructed,oe,300,1.2078407395618354,0.17593341911624577,0.8925313229775191,1.5422130350308156,1.4167750646420612,-0.2089343250802258,0.2729522759240564
VitalDB,0.35,outcome_MNAR,weak,AIPW_design_probability,reconstructed,outcome_observed_fraction,300,0.321440329218107,0.021070818229941706,0.2808641975308642,0.36126543209876527,,,
VitalDB,0.35,outcome_MNAR,weak,AIPW_design_probability,reconstructed,reconstructed_sensitivity,300,0.65,0.06603625325123459,0.5217391304347826,0.782608695652174,,,
VitalDB,0.35,outcome_MNAR,weak,AIPW_design_probability,reconstructed,ess,300,70.1400095586154,6.315447612224875,58.36091347181498,83.99859101421603,324.0,-253.85999044138458,253.93827335761637
VitalDB,0.35,outcome_MNAR,weak,AIPW_design_probability,reconstructed,event_rate_se,300,0.02376467590021166,0.0017824754927201003,0.020314266631994662,0.027352476722119393,0.019390267411834264,0.004374408488377397,0.004722507572860927
VitalDB,0.35,outcome_MNAR,weak,AIPW_design_probability,reconstructed,event_rate_interval_coverage,300,0.89,,,,,,
VitalDB,0.35,outcome_MNAR,weak,Gamma2_prediction_sensitivity_region,full,event_rate,300,0.15101147261209089,0.009264124009047064,0.13354356980228313,0.169304696395962,0.1419753086419753,0.009036163970115585,0.012930203902915341
VitalDB,0.35,outcome_MNAR,weak,Gamma2_prediction_sensitivity_region,full,outcome_observed_fraction,300,0.321440329218107,0.021070818229941706,0.2808641975308642,0.36126543209876527,,,
VitalDB,0.35,outcome_MNAR,weak,Gamma2_prediction_sensitivity_region,full,reconstructed_sensitivity,300,0.65,0.06603625325123459,0.5217391304347826,0.782608695652174,,,
VitalDB,0.35,outcome_MNAR,weak,Gamma2_prediction_sensitivity_region,full,MNAR_event_rate_coverage,300,0.99,,,,,,
VitalDB,0.35,outcome_MNAR,weak,IPAW_design_probability_truncated99,reconstructed,event_rate,300,0.12350541735869834,0.019386828314773803,0.0894375282350164,0.16201482073888146,0.1419753086419753,-0.01846989128327696,0.026753189823811606
VitalDB,0.35,outcome_MNAR,weak,IPAW_design_probability_truncated99,reconstructed,oe,300,1.2242417759932243,0.1920479904486244,0.895663687904882,1.6151268505898273,1.4167750646420612,-0.1925332886488369,0.27171410791094386
VitalDB,0.35,outcome_MNAR,weak,IPAW_design_probability_truncated99,reconstructed,brier,300,0.09768446124016514,0.015092337841338087,0.07010221386513105,0.12851400217250555,0.11053590028892503,-0.012851439048759891,0.01980350688479238
VitalDB,0.35,outcome_MNAR,weak,IPAW_design_probability_truncated99,reconstructed,auc,300,0.7063906343830413,0.045906065656729125,0.622308157418569,0.797691577497772,0.7044103847356897,0.0019802496473515507,0.04587225410345737
VitalDB,0.35,outcome_MNAR,weak,IPAW_design_probability_truncated99,reconstructed,calibration_intercept,300,-0.4001787807207279,0.29673569720556187,-0.8791962326128063,0.23819733695793047,-0.22511057884817762,-0.17506820187255026,0.3441038250145422
VitalDB,0.35,outcome_MNAR,weak,IPAW_design_probability_truncated99,reconstructed,calibration_slope,300,0.6678086146975175,0.13106977084980995,0.446789230140464,0.9253887550240371,0.6581631632744903,0.009645451423027196,0.13120615565211463
VitalDB,0.35,outcome_MNAR,weak,IPAW_design_probability_truncated99,reconstructed,outcome_observed_fraction,300,0.321440329218107,0.021070818229941706,0.2808641975308642,0.36126543209876527,,,
VitalDB,0.35,outcome_MNAR,weak,IPAW_design_probability_truncated99,reconstructed,reconstructed_sensitivity,300,0.65,0.06603625325123459,0.5217391304347826,0.782608695652174,,,
VitalDB,0.35,outcome_MNAR,weak,IPAW_design_probability_truncated99,reconstructed,ess,300,71.08762471713548,6.384351462786462,59.138808244447006,84.38545432567139,324.0,-252.9123752828645,252.992675088316
VitalDB,0.35,outcome_MNAR,weak,IPAW_design_probability_truncated99,reconstructed,event_rate_se,300,0.025088854462335063,0.003172724736386526,0.019387751261064956,0.03143979452382314,0.019390267411834264,0.0056985870505007995,0.006519702653048787
VitalDB,0.35,outcome_MNAR,weak,IPAW_design_probability_truncated99,reconstructed,weight_p99,300,9.635164478043013,1.767865153084052,6.611592649852484,12.00461882808425,,,
VitalDB,0.35,outcome_MNAR,weak,IPAW_design_probability_truncated99,reconstructed,weight_max,300,9.712655100937079,1.7724287824869596,6.630673670002101,12.029625598635645,,,
VitalDB,0.35,outcome_MNAR,weak,IPAW_design_probability_truncated99,reconstructed,event_rate_interval_coverage,300,0.9066666666666666,,,,,,
VitalDB,0.35,outcome_MNAR,weak,IPAW_design_probability_untruncated,reconstructed,event_rate,300,0.12286830141845802,0.019214680522526124,0.08900836833246294,0.16036495151979907,0.1419753086419753,-0.019107007223517283,0.02707491445595
VitalDB,0.35,outcome_MNAR,weak,IPAW_design_probability_untruncated,reconstructed,oe,300,1.219117760271471,0.19178146733928814,0.894406148422427,1.6143857387878655,1.4167750646420612,-0.19765730437059026,0.275183467433049
VitalDB,0.35,outcome_MNAR,weak,IPAW_design_probability_untruncated,reconstructed,brier,300,0.09724940809587926,0.014970781115061015,0.069827444913389,0.1271732774979861,0.11053590028892503,-0.01328649219304577,0.019997701893808117
VitalDB,0.35,outcome_MNAR,weak,IPAW_design_probability_untruncated,reconstructed,auc,300,0.7062792258432494,0.045991013156770656,0.6222545826998508,0.7986998964810303,0.7044103847356897,0.0018688411075596933,0.04595231529133509
VitalDB,0.35,outcome_MNAR,weak,IPAW_design_probability_untruncated,reconstructed,calibration_intercept,300,-0.40508995895045785,0.29761987764226716,-0.8830995108545495,0.2397826571452765,-0.22511057884817762,-0.17997938010228023,0.3473829445888785
VitalDB,0.35,outcome_MNAR,weak,IPAW_design_probability_untruncated,reconstructed,calibration_slope,300,0.668190712963282,0.1311785691987467,0.4497276743552631,0.9270240464696851,0.6581631632744903,0.010027549688791715,0.13134309795240404
VitalDB,0.35,outcome_MNAR,weak,IPAW_design_probability_untruncated,reconstructed,outcome_observed_fraction,300,0.321440329218107,0.021070818229941706,0.2808641975308642,0.36126543209876527,,,
VitalDB,0.35,outcome_MNAR,weak,IPAW_design_probability_untruncated,reconstructed,reconstructed_sensitivity,300,0.65,0.06603625325123459,0.5217391304347826,0.782608695652174,,,
VitalDB,0.35,outcome_MNAR,weak,IPAW_design_probability_untruncated,reconstructed,ess,300,70.1400095586154,6.315447612224875,58.36091347181498,83.99859101421603,324.0,-253.85999044138458,253.93827335761637
VitalDB,0.35,outcome_MNAR,weak,IPAW_design_probability_untruncated,reconstructed,event_rate_se,300,0.025034147654027433,0.003168727454537442,0.019333060843281562,0.031372353717560586,0.019390267411834264,0.005643880242193169,0.006469988286214588
VitalDB,0.35,outcome_MNAR,weak,IPAW_design_probability_untruncated,reconstructed,weight_p99,300,9.712655100937079,1.7724287824869596,6.630673670002101,12.029625598635645,,,
VitalDB,0.35,outcome_MNAR,weak,IPAW_design_probability_untruncated,reconstructed,weight_max,300,11.252123587388676,1.7053664880755761,7.12543250394569,13.730877831472906,,,
VitalDB,0.35,outcome_MNAR,weak,IPAW_design_probability_untruncated,reconstructed,event_rate_interval_coverage,300,0.9033333333333333,,,,,,
VitalDB,0.35,outcome_MNAR,weak,full_reference,full,event_rate,300,0.1419753086419753,0.0,0.1419753086419753,0.1419753086419753,0.1419753086419753,0.0,0.0
VitalDB,0.35,outcome_MNAR,weak,full_reference,full,oe,300,1.4167750646420616,4.448312140598118e-16,1.4167750646420612,1.4167750646420612,1.4167750646420612,4.440892098500626e-16,0.0
VitalDB,0.35,outcome_MNAR,weak,full_reference,full,brier,300,0.11053590028892503,0.0,0.11053590028892503,0.11053590028892503,0.11053590028892503,0.0,0.0
VitalDB,0.35,outcome_MNAR,weak,full_reference,full,auc,300,0.7044103847356897,0.0,0.7044103847356897,0.7044103847356897,0.7044103847356897,0.0,0.0
VitalDB,0.35,outcome_MNAR,weak,full_reference,full,calibration_intercept,300,-0.2251105788481776,2.7801950878738235e-17,-0.22511057884817762,-0.22511057884817762,-0.22511057884817762,2.7755575615628914e-17,0.0
VitalDB,0.35,outcome_MNAR,weak,full_reference,full,calibration_slope,300,0.6581631632744902,1.1120780351495294e-16,0.6581631632744903,0.6581631632744903,0.6581631632744903,-1.1102230246251565e-16,0.0
VitalDB,0.35,outcome_MNAR,weak,full_reference,full,outcome_observed_fraction,300,0.321440329218107,0.021070818229941706,0.2808641975308642,0.36126543209876527,,,
VitalDB,0.35,outcome_MNAR,weak,full_reference,full,reconstructed_sensitivity,300,0.65,0.06603625325123459,0.5217391304347826,0.782608695652174,,,
VitalDB,0.35,outcome_MNAR,weak,full_reference,full,ess,300,324.0,0.0,324.0,324.0,324.0,0.0,0.0
VitalDB,0.35,outcome_MNAR,weak,full_reference,full,event_rate_se,300,0.01939026741183426,3.475243859842279e-18,0.019390267411834264,0.019390267411834264,0.019390267411834264,-3.469446951953614e-18,0.0
VitalDB,0.35,outcome_MNAR,weak,full_reference,full,event_rate_interval_coverage,300,1.0,,,,,,
VitalDB,0.35,outcome_MNAR,weak,naive,reconstructed,event_rate,300,0.2895154481813545,0.030668775009444073,0.22902887750349324,0.34740461401952083,0.1419753086419753,0.1475401395393792,0.15068354684573496
VitalDB,0.35,outcome_MNAR,weak,naive,reconstructed,oe,300,1.880063340206275,0.2021888219896403,1.5072166966953129,2.2861873903978487,1.4167750646420612,0.4632882755642138,0.5053514403663679
VitalDB,0.35,outcome_MNAR,weak,naive,reconstructed,brier,300,0.2014292515841385,0.022392040901297313,0.15771930875110896,0.24023175886386708,0.11053590028892503,0.09089335129521346,0.0936019949595878
VitalDB,0.35,outcome_MNAR,weak,naive,reconstructed,auc,300,0.6895421287752658,0.0390432875008934,0.6102553726192346,0.7659854230670762,0.7044103847356897,-0.01486825596042396,0.04171764702360195
VitalDB,0.35,outcome_MNAR,weak,naive,reconstructed,calibration_intercept,300,0.18979168858461232,0.24735046588046158,-0.19793108085618297,0.7938944674663088,-0.22511057884817762,0.4149022674327899,0.48282730209559827
VitalDB,0.35,outcome_MNAR,weak,naive,reconstructed,calibration_slope,300,0.5280586162273371,0.11114855950969886,0.34025359249868103,0.7541403638990068,0.6581631632744903,-0.13010454704715324,0.17099712113314183
VitalDB,0.35,outcome_MNAR,weak,naive,reconstructed,outcome_observed_fraction,300,0.321440329218107,0.021070818229941706,0.2808641975308642,0.36126543209876527,,,
VitalDB,0.35,outcome_MNAR,weak,naive,reconstructed,reconstructed_sensitivity,300,0.65,0.06603625325123459,0.5217391304347826,0.782608695652174,,,
VitalDB,0.35,outcome_MNAR,weak,naive,reconstructed,ess,300,104.14666666666666,6.826945106501112,91.0,117.04999999999995,324.0,-219.85333333333335,219.9589507158097
VitalDB,0.35,outcome_MNAR,weak,naive,reconstructed,event_rate_se,300,0.044406618467870966,0.002376913387962244,0.039694083192671925,0.04966892679988552,0.019390267411834264,0.025016351056036702,0.02512864311939458
VitalDB,0.35,outcome_MNAR,weak,naive,reconstructed,event_rate_interval_coverage,300,0.02,,,,,,
VitalDB,0.35,outcome_MNAR,weak,recalibration_intercept_apparent,reconstructed,event_rate,300,0.2895154481813545,0.030668775009444073,0.22902887750349324,0.34740461401952083,,,
VitalDB,0.35,outcome_MNAR,weak,recalibration_intercept_apparent,reconstructed,oe,300,0.9981753257806288,0.0316390979238693,0.924120630786563,1.0705197080525866,1.0,-0.0018246742193711585,0.03163898194292775
VitalDB,0.35,outcome_MNAR,weak,recalibration_intercept_apparent,reconstructed,brier,300,0.194795515157943,0.020656870005194918,0.15609463108741825,0.23299532818078686,,,
VitalDB,0.35,outcome_MNAR,weak,recalibration_intercept_apparent,reconstructed,auc,300,0.6743371274479236,0.04431265070523789,0.5839719335813085,0.7547074434717149,,,
VitalDB,0.35,outcome_MNAR,weak,recalibration_intercept_apparent,reconstructed,calibration_intercept,300,-0.4306896098997515,0.11757211942550842,-0.6800932331758354,-0.20565367088668404,0.0,-0.4306896098997515,0.4463974305454562
VitalDB,0.35,outcome_MNAR,weak,recalibration_intercept_apparent,reconstructed,calibration_slope,300,0.4787120817356445,0.1227993653300279,0.24701583767096907,0.7092528191367411,1.0,-0.5212879182643555,0.5355095818377964
VitalDB,0.35,outcome_MNAR,weak,recalibration_intercept_apparent,reconstructed,outcome_observed_fraction,300,0.321440329218107,0.021070818229941706,0.2808641975308642,0.36126543209876527,,,
VitalDB,0.35,outcome_MNAR,weak,recalibration_intercept_apparent,reconstructed,reconstructed_sensitivity,300,0.65,0.06603625325123459,0.5217391304347826,0.782608695652174,,,
VitalDB,0.35,outcome_MNAR,weak,recalibration_intercept_apparent,reconstructed,ess,300,104.14666666666666,6.826945106501112,91.0,117.04999999999995,,,
VitalDB,0.35,outcome_MNAR,weak,recalibration_intercept_apparent,reconstructed,event_rate_se,300,0.044406618467870966,0.002376913387962244,0.039694083192671925,0.04966892679988552,,,
VitalDB,0.35,outcome_MNAR,weak,recalibration_intercept_slope_apparent,reconstructed,event_rate,300,0.2895154481813545,0.030668775009444073,0.22902887750349324,0.34740461401952083,,,
VitalDB,0.35,outcome_MNAR,weak,recalibration_intercept_slope_apparent,reconstructed,oe,300,1.0056093210122705,0.04778174478290787,0.9145511331069277,1.111000797409525,1.0,0.005609321012270518,0.04803071204555107
VitalDB,0.35,outcome_MNAR,weak,recalibration_intercept_slope_apparent,reconstructed,brier,300,0.19224894252995667,0.021626076576133385,0.1548660883751154,0.23434926923304342,,,
VitalDB,0.35,outcome_MNAR,weak,recalibration_intercept_slope_apparent,reconstructed,auc,300,0.6503051853303634,0.06472639971585341,0.517312252964427,0.7489156443362368,,,
VitalDB,0.35,outcome_MNAR,weak,recalibration_intercept_slope_apparent,reconstructed,calibration_intercept,300,-0.2749736905829871,0.26032749825855617,-0.8860152974304932,0.01793965085030003,0.0,-0.2749736905829871,0.3783583427227268
VitalDB,0.35,outcome_MNAR,weak,recalibration_intercept_slope_apparent,reconstructed,calibration_slope,300,0.6750590493323546,0.2840798257317952,-0.022866136237999674,1.008273179810838,1.0,-0.3249409506676454,0.4312991587254808
VitalDB,0.35,outcome_MNAR,weak,recalibration_intercept_slope_apparent,reconstructed,outcome_observed_fraction,300,0.321440329218107,0.021070818229941706,0.2808641975308642,0.36126543209876527,,,
VitalDB,0.35,outcome_MNAR,weak,recalibration_intercept_slope_apparent,reconstructed,reconstructed_sensitivity,300,0.65,0.06603625325123459,0.5217391304347826,0.782608695652174,,,
VitalDB,0.35,outcome_MNAR,weak,recalibration_intercept_slope_apparent,reconstructed,ess,300,104.14666666666666,6.826945106501112,91.0,117.04999999999995,,,
VitalDB,0.35,outcome_MNAR,weak,recalibration_intercept_slope_apparent,reconstructed,event_rate_se,300,0.044406618467870966,0.002376913387962244,0.039694083192671925,0.04966892679988552,,,
VitalDB,0.35,outcome_MNAR,weak,recalibration_intercept_slope_truth,full,event_rate,300,0.1419753086419753,0.0,0.1419753086419753,0.1419753086419753,,,
VitalDB,0.35,outcome_MNAR,weak,recalibration_intercept_slope_truth,full,oe,300,0.5953406440491819,0.08252731083134962,0.47213852080168217,0.7579918938093749,1.0,-0.40465935595081814,0.41296155858401834
VitalDB,0.35,outcome_MNAR,weak,recalibration_intercept_slope_truth,full,brier,300,0.12644637766691777,0.009871424500697865,0.11334387166028732,0.14910019557300302,,,
VitalDB,0.35,outcome_MNAR,weak,recalibration_intercept_slope_truth,full,auc,300,0.6730682410593264,0.040205335719815154,0.59232679074132,0.7091804817015952,,,
VitalDB,0.35,outcome_MNAR,weak,recalibration_intercept_slope_truth,full,calibration_intercept,300,-0.7604226444086174,0.3550559079160353,-1.3942969173438289,-0.16101700779769743,0.0,-0.7604226444086174,0.8389797853442723
VitalDB,0.35,outcome_MNAR,weak,recalibration_intercept_slope_truth,full,calibration_slope,300,0.956162461569946,0.3415629379436957,0.35818510132595344,1.6383153624686728,1.0,-0.043837538430054,0.34379948548111533
VitalDB,0.35,outcome_MNAR,weak,recalibration_intercept_slope_truth,full,outcome_observed_fraction,300,0.321440329218107,0.021070818229941706,0.2808641975308642,0.36126543209876527,,,
VitalDB,0.35,outcome_MNAR,weak,recalibration_intercept_slope_truth,full,reconstructed_sensitivity,300,0.65,0.06603625325123459,0.5217391304347826,0.782608695652174,,,
VitalDB,0.35,outcome_MNAR,weak,recalibration_intercept_slope_truth,full,ess,300,324.0,0.0,324.0,324.0,,,
VitalDB,0.35,outcome_MNAR,weak,recalibration_intercept_slope_truth,full,event_rate_se,300,0.01939026741183426,3.475243859842279e-18,0.019390267411834264,0.019390267411834264,,,
VitalDB,0.35,outcome_MNAR,weak,recalibration_intercept_truth,full,event_rate,300,0.1419753086419753,0.0,0.1419753086419753,0.1419753086419753,,,
VitalDB,0.35,outcome_MNAR,weak,recalibration_intercept_truth,full,oe,300,0.672139928119387,0.09007189073232719,0.5242040710173593,0.8594303170065203,1.0,-0.32786007188061295,0.33996783536386205
VitalDB,0.35,outcome_MNAR,weak,recalibration_intercept_truth,full,brier,300,0.12371509208608342,0.007734136041218659,0.11285927755593811,0.14091542420160127,,,
VitalDB,0.35,outcome_MNAR,weak,recalibration_intercept_truth,full,auc,300,0.6938119069961423,0.016093630672707068,0.6526646074444792,0.7114892868314044,,,
VitalDB,0.35,outcome_MNAR,weak,recalibration_intercept_truth,full,calibration_intercept,300,-1.0005837442762122,0.14440874383700456,-1.2720717269846424,-0.7155210796240786,0.0,-1.0005837442762122,1.0109165156705064
VitalDB,0.35,outcome_MNAR,weak,recalibration_intercept_truth,full,calibration_slope,300,0.613475783081959,0.06137520781758736,0.4488011429946682,0.6660896742023785,1.0,-0.38652421691804095,0.3913506484109122
VitalDB,0.35,outcome_MNAR,weak,recalibration_intercept_truth,full,outcome_observed_fraction,300,0.321440329218107,0.021070818229941706,0.2808641975308642,0.36126543209876527,,,
VitalDB,0.35,outcome_MNAR,weak,recalibration_intercept_truth,full,reconstructed_sensitivity,300,0.65,0.06603625325123459,0.5217391304347826,0.782608695652174,,,
VitalDB,0.35,outcome_MNAR,weak,recalibration_intercept_truth,full,ess,300,324.0,0.0,324.0,324.0,,,
VitalDB,0.35,outcome_MNAR,weak,recalibration_intercept_truth,full,event_rate_se,300,0.01939026741183426,3.475243859842279e-18,0.019390267411834264,0.019390267411834264,,,
VitalDB,0.35,outcome_MNAR,weak,reference_05pct_recalibration,full_heldout,event_rate,296,0.14215618679904393,0.005489636017353119,0.1326530612244898,0.15306122448979592,,,
VitalDB,0.35,outcome_MNAR,weak,reference_05pct_recalibration,full_heldout,oe,296,1.3108627038608236,1.4783942991440489,0.5334006463542353,3.968372397914811,1.0,0.3108627038608236,1.508277617911058
VitalDB,0.35,outcome_MNAR,weak,reference_05pct_recalibration,full_heldout,brier,296,0.12022389319083904,0.013133565952534008,0.10704795199908165,0.15500608151213494,,,
VitalDB,0.35,outcome_MNAR,weak,reference_05pct_recalibration,full_heldout,auc,296,0.6608402636221957,0.12676700600102767,0.2671263586914652,0.7267848680373287,,,
VitalDB,0.35,outcome_MNAR,weak,reference_05pct_recalibration,full_heldout,calibration_intercept,296,0.789639689934321,16.296539355162967,-13.606011089004516,10.512392511030338,0.0,0.789639689934321,16.28814002705867
VitalDB,0.35,outcome_MNAR,weak,reference_05pct_recalibration,full_heldout,calibration_slope,296,1.367235438610124,7.93785822248793,-5.767506987641247,7.932439358806025,1.0,0.367235438610124,7.932943008778469
VitalDB,0.35,outcome_MNAR,weak,reference_05pct_recalibration,full_heldout,outcome_observed_fraction,296,0.321436019352686,0.02105214033820025,0.2808641975308642,0.3618827160493827,,,
VitalDB,0.35,outcome_MNAR,weak,reference_05pct_recalibration,full_heldout,reconstructed_sensitivity,296,0.6501909518213866,0.06623544823917596,0.5217391304347826,0.782608695652174,,,
VitalDB,0.35,outcome_MNAR,weak,reference_05pct_recalibration,full_heldout,ess,296,294.0,0.0,294.0,294.0,,,
VitalDB,0.35,outcome_MNAR,weak,reference_05pct_recalibration,full_heldout,event_rate_se,296,0.020361189557408843,0.00032957988955461815,0.019782510190303478,0.020998338616454712,,,
VitalDB,0.35,outcome_MNAR,weak,reference_05pct_recalibration,full_heldout,reference_sample_n,296,30.0,0.0,30.0,30.0,,,
VitalDB,0.35,outcome_MNAR,weak,reference_05pct_recalibration,full_heldout,evaluation_n,296,294.0,0.0,294.0,294.0,,,
VitalDB,0.35,outcome_MNAR,weak,reference_10pct_recalibration,full_heldout,event_rate,297,0.1424092008284448,0.0058479952749602845,0.13058419243986255,0.15326460481099644,,,
VitalDB,0.35,outcome_MNAR,weak,reference_10pct_recalibration,full_heldout,oe,297,1.3296863313265164,1.4928589577971962,0.5461254510368532,3.378720099836358,1.0,0.32968633132651637,1.526373855712923
VitalDB,0.35,outcome_MNAR,weak,reference_10pct_recalibration,full_heldout,brier,297,0.11942264751050313,0.012394793703218996,0.10703174951814746,0.1527641014157202,,,
VitalDB,0.35,outcome_MNAR,weak,reference_10pct_recalibration,full_heldout,auc,297,0.6655652457334723,0.12040112152633983,0.26554041681151996,0.7282903507919541,,,
VitalDB,0.35,outcome_MNAR,weak,reference_10pct_recalibration,full_heldout,calibration_intercept,297,-0.6891027689974492,19.21965339469602,-14.249401302815256,17.851616060895438,0.0,-0.6891027689974492,19.19964022506105
VitalDB,0.35,outcome_MNAR,weak,reference_10pct_recalibration,full_heldout,calibration_slope,297,0.7184605514294776,9.630403647716676,-6.114411041350269,12.041320962606449,1.0,-0.2815394485705224,9.618298563052575
VitalDB,0.35,outcome_MNAR,weak,reference_10pct_recalibration,full_heldout,outcome_observed_fraction,297,0.32132019786340776,0.021111122230713555,0.2808641975308642,0.36172839506172816,,,
VitalDB,0.35,outcome_MNAR,weak,reference_10pct_recalibration,full_heldout,reconstructed_sensitivity,297,0.6499048455570194,0.06630704842418149,0.5217391304347826,0.782608695652174,,,
VitalDB,0.35,outcome_MNAR,weak,reference_10pct_recalibration,full_heldout,ess,297,291.0,0.0,291.0,291.0,,,
VitalDB,0.35,outcome_MNAR,weak,reference_10pct_recalibration,full_heldout,event_rate_se,297,0.020480381834284175,0.00035202018606944526,0.01975206815259561,0.02111733671337752,,,
VitalDB,0.35,outcome_MNAR,weak,reference_10pct_recalibration,full_heldout,reference_sample_n,297,33.0,0.0,33.0,33.0,,,
VitalDB,0.35,outcome_MNAR,weak,reference_10pct_recalibration,full_heldout,evaluation_n,297,291.0,0.0,291.0,291.0,,,
VitalDB,0.35,outcome_MNAR,weak,reference_20pct_recalibration,full_heldout,event_rate,300,0.14290862290862288,0.009146474293470559,0.1274131274131274,0.1583011583011583,,,
VitalDB,0.35,outcome_MNAR,weak,reference_20pct_recalibration,full_heldout,oe,300,1.1449930383505704,0.4575035413325727,0.6345155846999603,2.289311875091578,1.0,0.14499303835057042,0.47920222578872573
VitalDB,0.35,outcome_MNAR,weak,reference_20pct_recalibration,full_heldout,brier,300,0.11518806304483659,0.009958437670996897,0.10299170451253893,0.13789024459422453,,,
VitalDB,0.35,outcome_MNAR,weak,reference_20pct_recalibration,full_heldout,auc,300,0.6924024812351821,0.0720876603793265,0.6549493446886945,0.7464727779694147,,,
VitalDB,0.35,outcome_MNAR,weak,reference_20pct_recalibration,full_heldout,calibration_intercept,300,-0.977881015697224,22.600302096950784,-1.379047255354703,10.281679081291646,0.0,-0.977881015697224,22.583784609863798
VitalDB,0.35,outcome_MNAR,weak,reference_20pct_recalibration,full_heldout,calibration_slope,300,0.5931429164000493,10.188841322810797,0.18996564951890965,7.081020550426023,1.0,-0.40685708359995065,10.179979300710173
VitalDB,0.35,outcome_MNAR,weak,reference_20pct_recalibration,full_heldout,outcome_observed_fraction,300,0.321440329218107,0.021070818229941706,0.2808641975308642,0.36126543209876527,,,
VitalDB,0.35,outcome_MNAR,weak,reference_20pct_recalibration,full_heldout,reconstructed_sensitivity,300,0.65,0.06603625325123459,0.5217391304347826,0.782608695652174,,,
VitalDB,0.35,outcome_MNAR,weak,reference_20pct_recalibration,full_heldout,ess,300,259.0,0.0,259.0,259.0,,,
VitalDB,0.35,outcome_MNAR,weak,reference_20pct_recalibration,full_heldout,event_rate_se,300,0.021731580191796395,0.0005792765071372796,0.020718654267498027,0.022681435061616448,,,
VitalDB,0.35,outcome_MNAR,weak,reference_20pct_recalibration,full_heldout,reference_sample_n,300,65.0,0.0,65.0,65.0,,,
VitalDB,0.35,outcome_MNAR,weak,reference_20pct_recalibration,full_heldout,evaluation_n,300,259.0,0.0,259.0,259.0,,,
VitalDB,0.35,outcome_MNAR,weak,reference_30pct_recalibration,full_heldout,event_rate,300,0.14234513274336286,0.012927792694208661,0.11714601769911505,0.168141592920354,,,
VitalDB,0.35,outcome_MNAR,weak,reference_30pct_recalibration,full_heldout,oe,300,1.0856344278943637,0.365126899280193,0.6151023154209687,2.045114550067798,1.0,0.08563442789436371,0.37444160511821234
VitalDB,0.35,outcome_MNAR,weak,reference_30pct_recalibration,full_heldout,brier,300,0.11311035874024211,0.010319121560030994,0.09735695115747224,0.13726935490293718,,,
VitalDB,0.35,outcome_MNAR,weak,reference_30pct_recalibration,full_heldout,auc,300,0.703170140057628,0.02902330452781437,0.6499519425993091,0.7595523811921062,,,
VitalDB,0.35,outcome_MNAR,weak,reference_30pct_recalibration,full_heldout,calibration_intercept,300,0.5858223851438084,3.0499939830621225,-1.0131961314281956,5.506936716543438,0.0,0.5858223851438084,3.100748772903358
VitalDB,0.35,outcome_MNAR,weak,reference_30pct_recalibration,full_heldout,calibration_slope,300,1.296013683810022,1.5004310844434348,0.3611361383038023,3.599348745713445,1.0,0.296013683810022,1.526896600527685
VitalDB,0.35,outcome_MNAR,weak,reference_30pct_recalibration,full_heldout,outcome_observed_fraction,300,0.321440329218107,0.021070818229941706,0.2808641975308642,0.36126543209876527,,,
VitalDB,0.35,outcome_MNAR,weak,reference_30pct_recalibration,full_heldout,reconstructed_sensitivity,300,0.65,0.06603625325123459,0.5217391304347826,0.782608695652174,,,
VitalDB,0.35,outcome_MNAR,weak,reference_30pct_recalibration,full_heldout,ess,300,226.0,0.0,226.0,226.0,,,
VitalDB,0.35,outcome_MNAR,weak,reference_30pct_recalibration,full_heldout,event_rate_se,300,0.023209274889444863,0.0008862200025743771,0.021390908145789162,0.024877576146280455,,,
VitalDB,0.35,outcome_MNAR,weak,reference_30pct_recalibration,full_heldout,reference_sample_n,300,98.0,0.0,98.0,98.0,,,
VitalDB,0.35,outcome_MNAR,weak,reference_30pct_recalibration,full_heldout,evaluation_n,300,226.0,0.0,226.0,226.0,,,
VitalDB,0.35,risk_MAR,strong,AIPW_design_probability,reconstructed,event_rate,300,0.1009174841949054,0.035903014794610714,0.05638066319564448,0.18753312705628666,0.1419753086419753,-0.0410578244470699,0.05450206110564968
VitalDB,0.35,risk_MAR,strong,AIPW_design_probability,reconstructed,oe,300,1.0070580339733788,0.35827705953259453,0.5626240119329817,1.8713976447672673,1.4167750646420612,-0.40971703066868237,0.5438773958984935
VitalDB,0.35,risk_MAR,strong,AIPW_design_probability,reconstructed,outcome_observed_fraction,300,0.2887448559670782,0.01808343045106902,0.25308641975308643,0.32407407407407407,,,
VitalDB,0.35,risk_MAR,strong,AIPW_design_probability,reconstructed,reconstructed_sensitivity,300,0.43478260869565216,0.05081975889095954,0.34782608695652173,0.5217391304347826,,,
VitalDB,0.35,risk_MAR,strong,AIPW_design_probability,reconstructed,ess,300,27.966537665763262,9.335466232520846,9.081152570245447,43.61790174104689,324.0,-296.03346233423673,296.18013310867974
VitalDB,0.35,risk_MAR,strong,AIPW_design_probability,reconstructed,event_rate_se,300,0.03119895391995782,0.019105298838859273,0.016030152151415098,0.08278921059799069,0.019390267411834264,0.011808686508123556,0.022433029501686044
VitalDB,0.35,risk_MAR,strong,AIPW_design_probability,reconstructed,event_rate_interval_coverage,300,0.45,,,,,,
VitalDB,0.35,risk_MAR,strong,Gamma2_prediction_sensitivity_region,full,event_rate,300,0.10886054485488468,0.007177909056209694,0.09427779482056116,0.12225389758472753,0.1419753086419753,-0.03311476378709062,0.03388123695842034
VitalDB,0.35,risk_MAR,strong,Gamma2_prediction_sensitivity_region,full,outcome_observed_fraction,300,0.2887448559670782,0.01808343045106902,0.25308641975308643,0.32407407407407407,,,
VitalDB,0.35,risk_MAR,strong,Gamma2_prediction_sensitivity_region,full,reconstructed_sensitivity,300,0.43478260869565216,0.05081975889095954,0.34782608695652173,0.5217391304347826,,,
VitalDB,0.35,risk_MAR,strong,Gamma2_prediction_sensitivity_region,full,MNAR_event_rate_coverage,300,0.17666666666666667,,,,,,
VitalDB,0.35,risk_MAR,strong,IPAW_design_probability_truncated99,reconstructed,event_rate,300,0.1110944712659177,0.040447683877222,0.05847853601110016,0.20702108103572348,0.1419753086419753,-0.030880837376057596,0.05083490793055588
VitalDB,0.35,risk_MAR,strong,IPAW_design_probability_truncated99,reconstructed,oe,300,1.013049263197757,0.34807697948587585,0.5893694960336199,1.741786476454712,1.4167750646420612,-0.40372580144430414,0.5326802491060622
VitalDB,0.35,risk_MAR,strong,IPAW_design_probability_truncated99,reconstructed,brier,300,0.08494187282450281,0.035237127310068096,0.04261583044079157,0.17210866707438177,0.11053590028892503,-0.025594027464422214,0.043503684124971825
VitalDB,0.35,risk_MAR,strong,IPAW_design_probability_truncated99,reconstructed,auc,300,0.7773513816393874,0.12050870244674512,0.5089891986998791,0.9251431127358951,0.7044103847356897,0.07294099690369771,0.1406923188029541
VitalDB,0.35,risk_MAR,strong,IPAW_design_probability_truncated99,reconstructed,calibration_intercept,300,-0.1478619756131498,0.35201383257941715,-0.9084449953099607,0.40498081300416466,-0.22511057884817762,0.07724860323502783,0.35981667448103144
VitalDB,0.35,risk_MAR,strong,IPAW_design_probability_truncated99,reconstructed,calibration_slope,300,0.9785765263782461,0.3613375801481132,0.2148193930302635,1.5236154957956491,0.6581631632744903,0.3204133631037558,0.48248767230537865
VitalDB,0.35,risk_MAR,strong,IPAW_design_probability_truncated99,reconstructed,outcome_observed_fraction,300,0.2887448559670782,0.01808343045106902,0.25308641975308643,0.32407407407407407,,,
VitalDB,0.35,risk_MAR,strong,IPAW_design_probability_truncated99,reconstructed,reconstructed_sensitivity,300,0.43478260869565216,0.05081975889095954,0.34782608695652173,0.5217391304347826,,,
VitalDB,0.35,risk_MAR,strong,IPAW_design_probability_truncated99,reconstructed,ess,300,33.31089499126625,8.670005140903829,16.105815611852723,51.170641042722806,324.0,-290.68910500873375,290.8179399497644
VitalDB,0.35,risk_MAR,strong,IPAW_design_probability_truncated99,reconstructed,event_rate_se,300,0.035452627962766776,0.016347191603865985,0.017729523407121618,0.07830609709885551,0.019390267411834264,0.016062360550932513,0.022898456954357164
VitalDB,0.35,risk_MAR,strong,IPAW_design_probability_truncated99,reconstructed,weight_p99,300,25.149709844488953,11.863248988190888,10.602152460750425,53.58195296854294,,,
VitalDB,0.35,risk_MAR,strong,IPAW_design_probability_truncated99,reconstructed,weight_max,300,26.210610401799727,12.235401794999122,11.326155055558086,55.48054014630692,,,
VitalDB,0.35,risk_MAR,strong,IPAW_design_probability_truncated99,reconstructed,event_rate_interval_coverage,300,0.63,,,,,,
VitalDB,0.35,risk_MAR,strong,IPAW_design_probability_untruncated,reconstructed,event_rate,300,0.1066422414531912,0.04078206786099758,0.0515687577249567,0.20747033662439965,0.1419753086419753,-0.035333067188784095,0.05390787300994244
VitalDB,0.35,risk_MAR,strong,IPAW_design_probability_untruncated,reconstructed,oe,300,1.007792272973813,0.3507014340658993,0.5880505023540114,1.7583893937769468,1.4167750646420612,-0.40898279166824825,0.53837574990315
VitalDB,0.35,risk_MAR,strong,IPAW_design_probability_untruncated,reconstructed,brier,300,0.08163972625292333,0.03543380858663407,0.037030174988701293,0.16926869230115446,0.11053590028892503,-0.0288961740360017,0.04567667328337963
VitalDB,0.35,risk_MAR,strong,IPAW_design_probability_untruncated,reconstructed,auc,300,0.7868201603424143,0.11948154496119573,0.5155601087438849,0.9291516122951565,0.7044103847356897,0.08240977560672458,0.14498146284925723
VitalDB,0.35,risk_MAR,strong,IPAW_design_probability_untruncated,reconstructed,calibration_intercept,300,-0.12756579518069175,0.35195596721051076,-0.886916417307161,0.4230938141883283,-0.22511057884817762,0.09754478366748587,0.3646574799264452
VitalDB,0.35,risk_MAR,strong,IPAW_design_probability_untruncated,reconstructed,calibration_slope,300,0.9948029823512818,0.3601747828428677,0.22428625340837127,1.5411537686619636,0.6581631632744903,0.3366398190767915,0.49256453628261626
VitalDB,0.35,risk_MAR,strong,IPAW_design_probability_untruncated,reconstructed,outcome_observed_fraction,300,0.2887448559670782,0.01808343045106902,0.25308641975308643,0.32407407407407407,,,
VitalDB,0.35,risk_MAR,strong,IPAW_design_probability_untruncated,reconstructed,reconstructed_sensitivity,300,0.43478260869565216,0.05081975889095954,0.34782608695652173,0.5217391304347826,,,
VitalDB,0.35,risk_MAR,strong,IPAW_design_probability_untruncated,reconstructed,ess,300,27.966537665763262,9.335466232520846,9.081152570245447,43.61790174104689,324.0,-296.03346233423673,296.18013310867974
VitalDB,0.35,risk_MAR,strong,IPAW_design_probability_untruncated,reconstructed,event_rate_se,300,0.0355878679022298,0.016601819078532743,0.01765403894978162,0.07819119115598458,0.019390267411834264,0.016197600490395536,0.023174639667254252
VitalDB,0.35,risk_MAR,strong,IPAW_design_probability_untruncated,reconstructed,weight_p99,300,26.210610401799727,12.235401794999122,11.326155055558086,55.48054014630692,,,
VitalDB,0.35,risk_MAR,strong,IPAW_design_probability_untruncated,reconstructed,weight_max,300,42.52645248051794,30.045974089394328,14.93242909316307,128.24770465796857,,,
VitalDB,0.35,risk_MAR,strong,IPAW_design_probability_untruncated,reconstructed,event_rate_interval_coverage,300,0.5833333333333334,,,,,,
VitalDB,0.35,risk_MAR,strong,full_reference,full,event_rate,300,0.1419753086419753,0.0,0.1419753086419753,0.1419753086419753,0.1419753086419753,0.0,0.0
VitalDB,0.35,risk_MAR,strong,full_reference,full,oe,300,1.4167750646420616,4.448312140598118e-16,1.4167750646420612,1.4167750646420612,1.4167750646420612,4.440892098500626e-16,0.0
VitalDB,0.35,risk_MAR,strong,full_reference,full,brier,300,0.11053590028892503,0.0,0.11053590028892503,0.11053590028892503,0.11053590028892503,0.0,0.0
VitalDB,0.35,risk_MAR,strong,full_reference,full,auc,300,0.7044103847356897,0.0,0.7044103847356897,0.7044103847356897,0.7044103847356897,0.0,0.0
VitalDB,0.35,risk_MAR,strong,full_reference,full,calibration_intercept,300,-0.2251105788481776,2.7801950878738235e-17,-0.22511057884817762,-0.22511057884817762,-0.22511057884817762,2.7755575615628914e-17,0.0
VitalDB,0.35,risk_MAR,strong,full_reference,full,calibration_slope,300,0.6581631632744902,1.1120780351495294e-16,0.6581631632744903,0.6581631632744903,0.6581631632744903,-1.1102230246251565e-16,0.0
VitalDB,0.35,risk_MAR,strong,full_reference,full,outcome_observed_fraction,300,0.2887448559670782,0.01808343045106902,0.25308641975308643,0.32407407407407407,,,
VitalDB,0.35,risk_MAR,strong,full_reference,full,reconstructed_sensitivity,300,0.43478260869565216,0.05081975889095954,0.34782608695652173,0.5217391304347826,,,
VitalDB,0.35,risk_MAR,strong,full_reference,full,ess,300,324.0,0.0,324.0,324.0,324.0,0.0,0.0
VitalDB,0.35,risk_MAR,strong,full_reference,full,event_rate_se,300,0.01939026741183426,3.475243859842279e-18,0.019390267411834264,0.019390267411834264,0.019390267411834264,-3.469446951953614e-18,0.0
VitalDB,0.35,risk_MAR,strong,full_reference,full,event_rate_interval_coverage,300,1.0,,,,,,
VitalDB,0.35,risk_MAR,strong,naive,reconstructed,event_rate,300,0.2156039916884686,0.025751342339986535,0.16494845360824742,0.26443135178074934,0.1419753086419753,0.07362868304649331,0.07798784623707584
VitalDB,0.35,risk_MAR,strong,naive,reconstructed,oe,300,1.0267705858754868,0.1181290063361166,0.7946019834247859,1.250645221312091,1.4167750646420612,-0.3900044787665744,0.40744501558143104
VitalDB,0.35,risk_MAR,strong,naive,reconstructed,brier,300,0.1410301285278426,0.018678543601807592,0.10658592369918277,0.17822501951675063,0.11053590028892503,0.03049422823891758,0.03574385243648959
VitalDB,0.35,risk_MAR,strong,naive,reconstructed,auc,300,0.7381325625082752,0.04984283560305065,0.6424743291738031,0.8283244181681682,0.7044103847356897,0.03372217777258546,0.06011000338664173
VitalDB,0.35,risk_MAR,strong,naive,reconstructed,calibration_intercept,300,-0.1465610096127775,0.15770096301509395,-0.48088226895665986,0.14919143946765873,-0.22511057884817762,0.07854956923540013,0.1759452469297442
VitalDB,0.35,risk_MAR,strong,naive,reconstructed,calibration_slope,300,0.8576405263697059,0.17015599245046562,0.5672731979435803,1.1979999137963087,0.6581631632744903,0.19947736309521558,0.2620071944591102
VitalDB,0.35,risk_MAR,strong,naive,reconstructed,outcome_observed_fraction,300,0.2887448559670782,0.01808343045106902,0.25308641975308643,0.32407407407407407,,,
VitalDB,0.35,risk_MAR,strong,naive,reconstructed,reconstructed_sensitivity,300,0.43478260869565216,0.05081975889095954,0.34782608695652173,0.5217391304347826,,,
VitalDB,0.35,risk_MAR,strong,naive,reconstructed,ess,300,93.55333333333333,5.859031466146363,82.0,105.0,324.0,-230.44666666666666,230.52088842445494
VitalDB,0.35,risk_MAR,strong,naive,reconstructed,event_rate_se,300,0.04247436611608407,0.0026139515483879034,0.0376829504585673,0.04805922416805967,0.019390267411834264,0.02308409870424981,0.023231133848262253
VitalDB,0.35,risk_MAR,strong,naive,reconstructed,event_rate_interval_coverage,300,0.6666666666666666,,,,,,
VitalDB,0.35,risk_MAR,strong,recalibration_intercept_apparent,reconstructed,event_rate,300,0.2156039916884686,0.025751342339986535,0.16494845360824742,0.26443135178074934,,,
VitalDB,0.35,risk_MAR,strong,recalibration_intercept_apparent,reconstructed,oe,300,1.002520898993275,0.042197540919141414,0.9151313292700033,1.1005015782479153,1.0,0.0025208989932750114,0.042202511179132846
VitalDB,0.35,risk_MAR,strong,recalibration_intercept_apparent,reconstructed,brier,300,0.14700133116720748,0.0216503177137637,0.1077526869562401,0.1891751638597038,,,
VitalDB,0.35,risk_MAR,strong,recalibration_intercept_apparent,reconstructed,auc,300,0.713856092406295,0.057732430296399774,0.5936978291316526,0.8144624444575711,,,
VitalDB,0.35,risk_MAR,strong,recalibration_intercept_apparent,reconstructed,calibration_intercept,300,-0.2832602353520139,0.22516263227890304,-0.6821338440218399,0.2104607122310828,0.0,-0.2832602353520139,0.36161523456549816
VitalDB,0.35,risk_MAR,strong,recalibration_intercept_apparent,reconstructed,calibration_slope,300,0.7473787731988294,0.19539885703592486,0.3895005906774634,1.140665831119961,1.0,-0.2526212268011706,0.3191722552432115
VitalDB,0.35,risk_MAR,strong,recalibration_intercept_apparent,reconstructed,outcome_observed_fraction,300,0.2887448559670782,0.01808343045106902,0.25308641975308643,0.32407407407407407,,,
VitalDB,0.35,risk_MAR,strong,recalibration_intercept_apparent,reconstructed,reconstructed_sensitivity,300,0.43478260869565216,0.05081975889095954,0.34782608695652173,0.5217391304347826,,,
VitalDB,0.35,risk_MAR,strong,recalibration_intercept_apparent,reconstructed,ess,300,93.55333333333333,5.859031466146363,82.0,105.0,,,
VitalDB,0.35,risk_MAR,strong,recalibration_intercept_apparent,reconstructed,event_rate_se,300,0.04247436611608407,0.0026139515483879034,0.0376829504585673,0.04805922416805967,,,
VitalDB,0.35,risk_MAR,strong,recalibration_intercept_slope_apparent,reconstructed,event_rate,300,0.2156039916884686,0.025751342339986535,0.16494845360824742,0.26443135178074934,,,
VitalDB,0.35,risk_MAR,strong,recalibration_intercept_slope_apparent,reconstructed,oe,300,1.0079146560762944,0.06324996298529481,0.9022252158296297,1.1552285577912578,1.0,0.00791465607629438,0.06363854496860935
VitalDB,0.35,risk_MAR,strong,recalibration_intercept_slope_apparent,reconstructed,brier,300,0.15029702771998033,0.021457528177820828,0.11254667411875942,0.193874829361036,,,
VitalDB,0.35,risk_MAR,strong,recalibration_intercept_slope_apparent,reconstructed,auc,300,0.703054067556896,0.06526623369797079,0.5595741774383078,0.8129254573170731,,,
VitalDB,0.35,risk_MAR,strong,recalibration_intercept_slope_apparent,reconstructed,calibration_intercept,300,-0.30929230400475916,0.2774040520126046,-1.0164530694605045,0.04037424380145273,0.0,-0.30929230400475916,0.4151604838645824
VitalDB,0.35,risk_MAR,strong,recalibration_intercept_slope_apparent,reconstructed,calibration_slope,300,0.7374504693553894,0.22282588586938712,0.21565233328519884,1.0072317954848402,1.0,-0.2625495306446106,0.34411934974725095
VitalDB,0.35,risk_MAR,strong,recalibration_intercept_slope_apparent,reconstructed,outcome_observed_fraction,300,0.2887448559670782,0.01808343045106902,0.25308641975308643,0.32407407407407407,,,
VitalDB,0.35,risk_MAR,strong,recalibration_intercept_slope_apparent,reconstructed,reconstructed_sensitivity,300,0.43478260869565216,0.05081975889095954,0.34782608695652173,0.5217391304347826,,,
VitalDB,0.35,risk_MAR,strong,recalibration_intercept_slope_apparent,reconstructed,ess,300,93.55333333333333,5.859031466146363,82.0,105.0,,,
VitalDB,0.35,risk_MAR,strong,recalibration_intercept_slope_apparent,reconstructed,event_rate_se,300,0.04247436611608407,0.0026139515483879034,0.0376829504585673,0.04805922416805967,,,
VitalDB,0.35,risk_MAR,strong,recalibration_intercept_slope_truth,full,event_rate,300,0.1419753086419753,0.0,0.1419753086419753,0.1419753086419753,,,
VitalDB,0.35,risk_MAR,strong,recalibration_intercept_slope_truth,full,oe,300,1.298117021611688,0.29264009517786094,0.8631457744452222,1.9244532452496081,1.0,0.29811702161168796,0.4174045077970674
VitalDB,0.35,risk_MAR,strong,recalibration_intercept_slope_truth,full,brier,300,0.11375060794432246,0.0047399955845246955,0.10893734191375436,0.12649335439587436,,,
VitalDB,0.35,risk_MAR,strong,recalibration_intercept_slope_truth,full,auc,300,0.6831053852570117,0.027302176928680574,0.6044729433844229,0.7136377854238348,,,
VitalDB,0.35,risk_MAR,strong,recalibration_intercept_slope_truth,full,calibration_intercept,300,-0.4155000866915706,0.3198597408651179,-1.1583612845805644,0.12931091721511515,0.0,-0.4155000866915706,0.5240320044497111
VitalDB,0.35,risk_MAR,strong,recalibration_intercept_slope_truth,full,calibration_slope,300,0.6295203658639459,0.20151752321711922,0.22777489261846967,1.0302746511263723,1.0,-0.3704796341360541,0.4215793010801978
VitalDB,0.35,risk_MAR,strong,recalibration_intercept_slope_truth,full,outcome_observed_fraction,300,0.2887448559670782,0.01808343045106902,0.25308641975308643,0.32407407407407407,,,
VitalDB,0.35,risk_MAR,strong,recalibration_intercept_slope_truth,full,reconstructed_sensitivity,300,0.43478260869565216,0.05081975889095954,0.34782608695652173,0.5217391304347826,,,
VitalDB,0.35,risk_MAR,strong,recalibration_intercept_slope_truth,full,ess,300,324.0,0.0,324.0,324.0,,,
VitalDB,0.35,risk_MAR,strong,recalibration_intercept_slope_truth,full,event_rate_se,300,0.01939026741183426,3.475243859842279e-18,0.019390267411834264,0.019390267411834264,,,
VitalDB,0.35,risk_MAR,strong,recalibration_intercept_truth,full,event_rate,300,0.1419753086419753,0.0,0.1419753086419753,0.1419753086419753,,,
VitalDB,0.35,risk_MAR,strong,recalibration_intercept_truth,full,oe,300,1.3895413706800306,0.20409885806820682,1.0678776754979726,1.849225337672789,1.0,0.3895413706800306,0.4396134311602339
VitalDB,0.35,risk_MAR,strong,recalibration_intercept_truth,full,brier,300,0.11256337733990578,0.0028820247052066574,0.10986819536033726,0.11959090540771983,,,
VitalDB,0.35,risk_MAR,strong,recalibration_intercept_truth,full,auc,300,0.6939656970076113,0.017387448796654995,0.6527643102908977,0.7109458085705349,,,
VitalDB,0.35,risk_MAR,strong,recalibration_intercept_truth,full,calibration_intercept,300,-0.3556626708261723,0.1872440877565232,-0.7438906838062235,-0.008095574227355351,0.0,-0.3556626708261723,0.4017952413742346
VitalDB,0.35,risk_MAR,strong,recalibration_intercept_truth,full,calibration_slope,300,0.6068545387848145,0.06678077778623359,0.4443951845236678,0.6701366251748688,1.0,-0.39314546121518545,0.3987582731198975
VitalDB,0.35,risk_MAR,strong,recalibration_intercept_truth,full,outcome_observed_fraction,300,0.2887448559670782,0.01808343045106902,0.25308641975308643,0.32407407407407407,,,
VitalDB,0.35,risk_MAR,strong,recalibration_intercept_truth,full,reconstructed_sensitivity,300,0.43478260869565216,0.05081975889095954,0.34782608695652173,0.5217391304347826,,,
VitalDB,0.35,risk_MAR,strong,recalibration_intercept_truth,full,ess,300,324.0,0.0,324.0,324.0,,,
VitalDB,0.35,risk_MAR,strong,recalibration_intercept_truth,full,event_rate_se,300,0.01939026741183426,3.475243859842279e-18,0.019390267411834264,0.019390267411834264,,,
VitalDB,0.35,risk_MAR,strong,reference_05pct_recalibration,full_heldout,event_rate,298,0.14173857462448067,0.006171535072458644,0.13069727891156463,0.15306122448979592,,,
VitalDB,0.35,risk_MAR,strong,reference_05pct_recalibration,full_heldout,oe,298,1.3969338208779463,1.6083495670607784,0.5234870514069283,4.587599655591316,1.0,0.39693382087794626,1.6539843682061013
VitalDB,0.35,risk_MAR,strong,reference_05pct_recalibration,full_heldout,brier,298,0.12095719565207176,0.013213539365755388,0.10702612655122973,0.15576327131346548,,,
VitalDB,0.35,risk_MAR,strong,reference_05pct_recalibration,full_heldout,auc,298,0.6639372008216209,0.1220846941443355,0.2714899347641148,0.7279317596094074,,,
VitalDB,0.35,risk_MAR,strong,reference_05pct_recalibration,full_heldout,calibration_intercept,298,-0.33080875723936665,34.04155917042237,-10.401609310066325,12.538396215000297,0.0,-0.33080875723936665,33.98600449390709
VitalDB,0.35,risk_MAR,strong,reference_05pct_recalibration,full_heldout,calibration_slope,298,0.6040988380236879,19.599778320980665,-4.186886695389788,9.058153032705135,1.0,-0.3959011619763121,19.57086992458833
VitalDB,0.35,risk_MAR,strong,reference_05pct_recalibration,full_heldout,outcome_observed_fraction,298,0.2887563178390919,0.018136597881922855,0.25308641975308643,0.32407407407407407,,,
VitalDB,0.35,risk_MAR,strong,reference_05pct_recalibration,full_heldout,reconstructed_sensitivity,298,0.43492850889991236,0.05092792218239776,0.34782608695652173,0.5217391304347826,,,
VitalDB,0.35,risk_MAR,strong,reference_05pct_recalibration,full_heldout,ess,298,294.0,0.0,294.0,294.0,,,
VitalDB,0.35,risk_MAR,strong,reference_05pct_recalibration,full_heldout,event_rate_se,298,0.020334834011764363,0.00037031383020527366,0.019657725043462537,0.020998338616454712,,,
VitalDB,0.35,risk_MAR,strong,reference_05pct_recalibration,full_heldout,reference_sample_n,298,30.0,0.0,30.0,30.0,,,
VitalDB,0.35,risk_MAR,strong,reference_05pct_recalibration,full_heldout,evaluation_n,298,294.0,0.0,294.0,294.0,,,
VitalDB,0.35,risk_MAR,strong,reference_10pct_recalibration,full_heldout,event_rate,298,0.1416199635600452,0.0063798600465832765,0.13058419243986255,0.15463917525773196,,,
VitalDB,0.35,risk_MAR,strong,reference_10pct_recalibration,full_heldout,oe,298,1.3226232197146912,1.496543444106983,0.5522119801997919,3.739974460888073,1.0,0.3226232197146912,1.528467351263194
VitalDB,0.35,risk_MAR,strong,reference_10pct_recalibration,full_heldout,brier,298,0.11947331054206224,0.012043501703939528,0.10716227256886178,0.15038498606305925,,,
VitalDB,0.35,risk_MAR,strong,reference_10pct_recalibration,full_heldout,auc,298,0.663881359031074,0.12295927730867598,0.26529048310198605,0.727039322152964,,,
VitalDB,0.35,risk_MAR,strong,reference_10pct_recalibration,full_heldout,calibration_intercept,298,-0.8530426527641615,13.792757574381962,-23.068922909108668,10.557760510237566,0.0,-0.8530426527641615,13.79599410950134
VitalDB,0.35,risk_MAR,strong,reference_10pct_recalibration,full_heldout,calibration_slope,298,0.5377045668808131,6.319865280487335,-12.279803435509645,6.642564527074443,1.0,-0.46229543311918686,6.326166694442984
VitalDB,0.35,risk_MAR,strong,reference_10pct_recalibration,full_heldout,outcome_observed_fraction,298,0.2887563178390919,0.018136597881922855,0.25308641975308643,0.32407407407407407,,,
VitalDB,0.35,risk_MAR,strong,reference_10pct_recalibration,full_heldout,reconstructed_sensitivity,298,0.43492850889991236,0.05092792218239776,0.34782608695652173,0.5217391304347826,,,
VitalDB,0.35,risk_MAR,strong,reference_10pct_recalibration,full_heldout,ess,298,291.0,0.0,291.0,291.0,,,
VitalDB,0.35,risk_MAR,strong,reference_10pct_recalibration,full_heldout,event_rate_se,298,0.020431788412664964,0.00038465593738314433,0.019752068152595607,0.021195044218573513,,,
VitalDB,0.35,risk_MAR,strong,reference_10pct_recalibration,full_heldout,reference_sample_n,298,33.0,0.0,33.0,33.0,,,
VitalDB,0.35,risk_MAR,strong,reference_10pct_recalibration,full_heldout,evaluation_n,298,291.0,0.0,291.0,291.0,,,
VitalDB,0.35,risk_MAR,strong,reference_20pct_recalibration,full_heldout,event_rate,300,0.14172458172458174,0.01015943123982237,0.11969111969111969,0.16032818532818524,,,
VitalDB,0.35,risk_MAR,strong,reference_20pct_recalibration,full_heldout,oe,300,1.1924546440902528,1.4539397875396511,0.5517624304476412,2.152058081137977,1.0,0.1924546440902528,1.4642176157036157
VitalDB,0.35,risk_MAR,strong,reference_20pct_recalibration,full_heldout,brier,300,0.11480199729856158,0.009373483581437825,0.10296613501379685,0.13852426125339345,,,
VitalDB,0.35,risk_MAR,strong,reference_20pct_recalibration,full_heldout,auc,300,0.693735087602674,0.0669714941751074,0.6454467288597053,0.7460945317028157,,,
VitalDB,0.35,risk_MAR,strong,reference_20pct_recalibration,full_heldout,calibration_intercept,300,0.7763021600039934,8.943518030448462,-1.3812003754199589,9.462942530436424,0.0,0.7763021600039934,8.962284200398566
VitalDB,0.35,risk_MAR,strong,reference_20pct_recalibration,full_heldout,calibration_slope,300,1.3726047405491932,4.342298539566263,0.2504152254441464,5.724795880865251,1.0,0.37260474054919324,4.351038846533468
VitalDB,0.35,risk_MAR,strong,reference_20pct_recalibration,full_heldout,outcome_observed_fraction,300,0.2887448559670782,0.01808343045106902,0.25308641975308643,0.32407407407407407,,,
VitalDB,0.35,risk_MAR,strong,reference_20pct_recalibration,full_heldout,reconstructed_sensitivity,300,0.43478260869565216,0.05081975889095954,0.34782608695652173,0.5217391304347826,,,
VitalDB,0.35,risk_MAR,strong,reference_20pct_recalibration,full_heldout,ess,300,259.0,0.0,259.0,259.0,,,
VitalDB,0.35,risk_MAR,strong,reference_20pct_recalibration,full_heldout,event_rate_se,300,0.021652338600566822,0.0006542660865876045,0.020169662179260833,0.022798102543760846,,,
VitalDB,0.35,risk_MAR,strong,reference_20pct_recalibration,full_heldout,reference_sample_n,300,65.0,0.0,65.0,65.0,,,
VitalDB,0.35,risk_MAR,strong,reference_20pct_recalibration,full_heldout,evaluation_n,300,259.0,0.0,259.0,259.0,,,
VitalDB,0.35,risk_MAR,strong,reference_30pct_recalibration,full_heldout,event_rate,300,0.14207964601769912,0.012586561791793413,0.11504424778761062,0.16371681415929204,,,
VitalDB,0.35,risk_MAR,strong,reference_30pct_recalibration,full_heldout,oe,300,1.0690190893785836,0.30603635029600573,0.5650028763059929,1.705495967607088,1.0,0.06901908937858359,0.31322466097378115
VitalDB,0.35,risk_MAR,strong,reference_30pct_recalibration,full_heldout,brier,300,0.11266861628786212,0.008727653798195425,0.09777954879432678,0.13200402924436994,,,
VitalDB,0.35,risk_MAR,strong,reference_30pct_recalibration,full_heldout,auc,300,0.7011269211088341,0.039859607369213,0.6464078608247423,0.7592243830933159,,,
VitalDB,0.35,risk_MAR,strong,reference_30pct_recalibration,full_heldout,calibration_intercept,300,0.16308968903496365,3.754686846368063,-1.127053388269237,3.9639809936519983,0.0,0.16308968903496365,3.751970058059886
VitalDB,0.35,risk_MAR,strong,reference_30pct_recalibration,full_heldout,calibration_slope,300,1.0944384524644801,1.7870485061933872,0.4021428063146398,3.2219744006946667,1.0,0.09443845246448013,1.7865653762401965
VitalDB,0.35,risk_MAR,strong,reference_30pct_recalibration,full_heldout,outcome_observed_fraction,300,0.2887448559670782,0.01808343045106902,0.25308641975308643,0.32407407407407407,,,
VitalDB,0.35,risk_MAR,strong,reference_30pct_recalibration,full_heldout,reconstructed_sensitivity,300,0.43478260869565216,0.05081975889095954,0.34782608695652173,0.5217391304347826,,,
VitalDB,0.35,risk_MAR,strong,reference_30pct_recalibration,full_heldout,ess,300,226.0,0.0,226.0,226.0,,,
VitalDB,0.35,risk_MAR,strong,reference_30pct_recalibration,full_heldout,event_rate_se,300,0.02319253027471207,0.0008718235574057716,0.02122457550766333,0.024613258075699584,,,
VitalDB,0.35,risk_MAR,strong,reference_30pct_recalibration,full_heldout,reference_sample_n,300,98.0,0.0,98.0,98.0,,,
VitalDB,0.35,risk_MAR,strong,reference_30pct_recalibration,full_heldout,evaluation_n,300,226.0,0.0,226.0,226.0,,,
VitalDB,0.35,risk_MAR,weak,AIPW_design_probability,reconstructed,event_rate,300,0.09910618411901498,0.027106321554184826,0.05715464152098983,0.1624436145836216,0.1419753086419753,-0.04286912452296032,0.05069581175997954
VitalDB,0.35,risk_MAR,weak,AIPW_design_probability,reconstructed,oe,300,0.9889830263776768,0.27049464332549866,0.5703475605021766,1.6210287884125605,1.4167750646420612,-0.4277920382643844,0.5058947409260408
VitalDB,0.35,risk_MAR,weak,AIPW_design_probability,reconstructed,outcome_observed_fraction,300,0.31410493827160496,0.021798816579526648,0.2716049382716049,0.3534722222222222,,,
VitalDB,0.35,risk_MAR,weak,AIPW_design_probability,reconstructed,reconstructed_sensitivity,300,0.40681159420289853,0.05213006898686125,0.30434782608695654,0.5217391304347826,,,
VitalDB,0.35,risk_MAR,weak,AIPW_design_probability,reconstructed,ess,300,53.06159011167125,9.466097355962823,30.157770283118637,68.3594366558148,324.0,-270.93840988832875,271.1031727257566
VitalDB,0.35,risk_MAR,weak,AIPW_design_probability,reconstructed,event_rate_se,300,0.02857565671212208,0.010941582750770564,0.016620679219201948,0.050894814126762285,0.019390267411834264,0.009185389300287818,0.014272019790934592
VitalDB,0.35,risk_MAR,weak,AIPW_design_probability,reconstructed,event_rate_interval_coverage,300,0.5433333333333333,,,,,,
VitalDB,0.35,risk_MAR,weak,Gamma2_prediction_sensitivity_region,full,event_rate,300,0.10830051252853198,0.007032393411997082,0.09487801184863372,0.12191119369150694,0.1419753086419753,-0.03367479611344332,0.0343988604732687
VitalDB,0.35,risk_MAR,weak,Gamma2_prediction_sensitivity_region,full,outcome_observed_fraction,300,0.31410493827160496,0.021798816579526648,0.2716049382716049,0.3534722222222222,,,
VitalDB,0.35,risk_MAR,weak,Gamma2_prediction_sensitivity_region,full,reconstructed_sensitivity,300,0.40681159420289853,0.05213006898686125,0.30434782608695654,0.5217391304347826,,,
VitalDB,0.35,risk_MAR,weak,Gamma2_prediction_sensitivity_region,full,MNAR_event_rate_coverage,300,0.18666666666666668,,,,,,
VitalDB,0.35,risk_MAR,weak,IPAW_design_probability_truncated99,reconstructed,event_rate,300,0.10137528774727031,0.027733664324602936,0.05615047397033216,0.1574514563752605,0.1419753086419753,-0.04060002089470499,0.04914218126752892
VitalDB,0.35,risk_MAR,weak,IPAW_design_probability_truncated99,reconstructed,oe,300,0.9867209166621201,0.25799699312125973,0.5765335347650433,1.5508070856563532,1.4167750646420612,-0.430054147979941,0.5012854913381851
VitalDB,0.35,risk_MAR,weak,IPAW_design_probability_truncated99,reconstructed,brier,300,0.0797140316587514,0.024311237865893766,0.040017962325578,0.13293827377651984,0.11053590028892503,-0.030821868630173624,0.03923077556552391
VitalDB,0.35,risk_MAR,weak,IPAW_design_probability_truncated99,reconstructed,auc,300,0.7480856197945255,0.09692642273522994,0.5304524490987729,0.9159187322236275,0.7044103847356897,0.04367523505883575,0.10616469191910699
VitalDB,0.35,risk_MAR,weak,IPAW_design_probability_truncated99,reconstructed,calibration_intercept,300,-0.3731657924081535,0.3646207847353702,-0.9931604064667233,0.262966208341766,-0.22511057884817762,-0.1480552135599759,0.39297010302030666
VitalDB,0.35,risk_MAR,weak,IPAW_design_probability_truncated99,reconstructed,calibration_slope,300,0.8554719125354732,0.2938200834067053,0.3468920949604231,1.4674262489328629,0.6581631632744903,0.19730874926098285,0.3535155109421361
VitalDB,0.35,risk_MAR,weak,IPAW_design_probability_truncated99,reconstructed,outcome_observed_fraction,300,0.31410493827160496,0.021798816579526648,0.2716049382716049,0.3534722222222222,,,
VitalDB,0.35,risk_MAR,weak,IPAW_design_probability_truncated99,reconstructed,reconstructed_sensitivity,300,0.40681159420289853,0.05213006898686125,0.30434782608695654,0.5217391304347826,,,
VitalDB,0.35,risk_MAR,weak,IPAW_design_probability_truncated99,reconstructed,ess,300,57.25974521587488,7.2940775195602665,40.06672181066169,69.03498230359293,324.0,-266.7402547841251,266.8396330081768
VitalDB,0.35,risk_MAR,weak,IPAW_design_probability_truncated99,reconstructed,event_rate_se,300,0.02943184553171235,0.008865430959477541,0.0163108847012013,0.048304494406557,0.019390267411834264,0.010041578119878086,0.013385334176424322
VitalDB,0.35,risk_MAR,weak,IPAW_design_probability_truncated99,reconstructed,weight_p99,300,13.555428173817313,3.795318446329077,8.86837408216145,23.079008906525925,,,
VitalDB,0.35,risk_MAR,weak,IPAW_design_probability_truncated99,reconstructed,weight_max,300,13.780272591168917,3.925895780918032,8.885193287564151,23.68091767266568,,,
VitalDB,0.35,risk_MAR,weak,IPAW_design_probability_truncated99,reconstructed,event_rate_interval_coverage,300,0.5966666666666667,,,,,,
VitalDB,0.35,risk_MAR,weak,IPAW_design_probability_untruncated,reconstructed,event_rate,300,0.1000124504287219,0.0285265837072232,0.05550856300940699,0.16104341885648601,0.1419753086419753,-0.04196285821325341,0.05071424744754479
VitalDB,0.35,risk_MAR,weak,IPAW_design_probability_untruncated,reconstructed,oe,300,0.9898188752803928,0.2705610979500749,0.5759852318005793,1.6017696503160843,1.4167750646420612,-0.42695618936166835,0.5052235983526902
VitalDB,0.35,risk_MAR,weak,IPAW_design_probability_untruncated,reconstructed,brier,300,0.07874837105873397,0.025219454007671054,0.03873041030485819,0.13674379818338717,0.11053590028892503,-0.031787529230191056,0.04055055863327248
VitalDB,0.35,risk_MAR,weak,IPAW_design_probability_untruncated,reconstructed,auc,300,0.7514926161974258,0.09959704266097182,0.5361315261099969,0.9193034329712638,0.7044103847356897,0.04708223146173607,0.11001473623961426
VitalDB,0.35,risk_MAR,weak,IPAW_design_probability_untruncated,reconstructed,calibration_intercept,300,-0.3732460994651037,0.4070545373911155,-0.981061877706415,0.26400245662642113,-0.22511057884817762,-0.14813552061692606,0.4325334872096886
VitalDB,0.35,risk_MAR,weak,IPAW_design_probability_untruncated,reconstructed,calibration_slope,300,0.8579312797361676,0.3050517333993278,0.3480594345866055,1.4684400652658405,0.6581631632744903,0.19976811646167725,0.3642165178449229
VitalDB,0.35,risk_MAR,weak,IPAW_design_probability_untruncated,reconstructed,outcome_observed_fraction,300,0.31410493827160496,0.021798816579526648,0.2716049382716049,0.3534722222222222,,,
VitalDB,0.35,risk_MAR,weak,IPAW_design_probability_untruncated,reconstructed,reconstructed_sensitivity,300,0.40681159420289853,0.05213006898686125,0.30434782608695654,0.5217391304347826,,,
VitalDB,0.35,risk_MAR,weak,IPAW_design_probability_untruncated,reconstructed,ess,300,53.06159011167125,9.466097355962823,30.157770283118637,68.3594366558148,324.0,-270.93840988832875,271.1031727257566
VitalDB,0.35,risk_MAR,weak,IPAW_design_probability_untruncated,reconstructed,event_rate_se,300,0.029562321043868564,0.009851643375001662,0.01617898727515792,0.049216462450542585,0.019390267411834264,0.0101720536320343,0.014149276872826482
VitalDB,0.35,risk_MAR,weak,IPAW_design_probability_untruncated,reconstructed,weight_p99,300,13.780272591168917,3.925895780918032,8.885193287564151,23.68091767266568,,,
VitalDB,0.35,risk_MAR,weak,IPAW_design_probability_untruncated,reconstructed,weight_max,300,20.170779906574754,9.510858485461107,10.308780654258307,48.34043669294539,,,
VitalDB,0.35,risk_MAR,weak,IPAW_design_probability_untruncated,reconstructed,event_rate_interval_coverage,300,0.5666666666666667,,,,,,
VitalDB,0.35,risk_MAR,weak,full_reference,full,event_rate,300,0.1419753086419753,0.0,0.1419753086419753,0.1419753086419753,0.1419753086419753,0.0,0.0
VitalDB,0.35,risk_MAR,weak,full_reference,full,oe,300,1.4167750646420616,4.448312140598118e-16,1.4167750646420612,1.4167750646420612,1.4167750646420612,4.440892098500626e-16,0.0
VitalDB,0.35,risk_MAR,weak,full_reference,full,brier,300,0.11053590028892503,0.0,0.11053590028892503,0.11053590028892503,0.11053590028892503,0.0,0.0
VitalDB,0.35,risk_MAR,weak,full_reference,full,auc,300,0.7044103847356897,0.0,0.7044103847356897,0.7044103847356897,0.7044103847356897,0.0,0.0
VitalDB,0.35,risk_MAR,weak,full_reference,full,calibration_intercept,300,-0.2251105788481776,2.7801950878738235e-17,-0.22511057884817762,-0.22511057884817762,-0.22511057884817762,2.7755575615628914e-17,0.0
VitalDB,0.35,risk_MAR,weak,full_reference,full,calibration_slope,300,0.6581631632744902,1.1120780351495294e-16,0.6581631632744903,0.6581631632744903,0.6581631632744903,-1.1102230246251565e-16,0.0
VitalDB,0.35,risk_MAR,weak,full_reference,full,outcome_observed_fraction,300,0.31410493827160496,0.021798816579526648,0.2716049382716049,0.3534722222222222,,,
VitalDB,0.35,risk_MAR,weak,full_reference,full,reconstructed_sensitivity,300,0.40681159420289853,0.05213006898686125,0.30434782608695654,0.5217391304347826,,,
VitalDB,0.35,risk_MAR,weak,full_reference,full,ess,300,324.0,0.0,324.0,324.0,324.0,0.0,0.0
VitalDB,0.35,risk_MAR,weak,full_reference,full,event_rate_se,300,0.01939026741183426,3.475243859842279e-18,0.019390267411834264,0.019390267411834264,0.019390267411834264,-3.469446951953614e-18,0.0
VitalDB,0.35,risk_MAR,weak,full_reference,full,event_rate_interval_coverage,300,1.0,,,,,,
VitalDB,0.35,risk_MAR,weak,naive,reconstructed,event_rate,300,0.1859305520124129,0.023380220868103437,0.14285714285714285,0.23107142857142846,0.1419753086419753,0.0439552433704376,0.0497682231131093
VitalDB,0.35,risk_MAR,weak,naive,reconstructed,oe,300,1.0178942962476345,0.12288256520893714,0.7836240294196162,1.262825979349035,1.4167750646420612,-0.39888076839442665,0.41731961190173616
VitalDB,0.35,risk_MAR,weak,naive,reconstructed,brier,300,0.12393218466646391,0.01729378796723322,0.09262580321819626,0.16160106352546535,0.11053590028892503,0.013396284377538883,0.021852657055195675
VitalDB,0.35,risk_MAR,weak,naive,reconstructed,auc,300,0.751779293997651,0.047551045637659155,0.6643169040479759,0.8449811462271906,0.7044103847356897,0.047368909261961245,0.06706249696687318
VitalDB,0.35,risk_MAR,weak,naive,reconstructed,calibration_intercept,300,-0.21130909694386205,0.18823866304525422,-0.5792980000895538,0.15726097775924341,-0.22511057884817762,0.013801481904315571,0.18843078973530222
VitalDB,0.35,risk_MAR,weak,naive,reconstructed,calibration_slope,300,0.832094695455354,0.16042860498391684,0.5563253517415981,1.233999523994619,0.6581631632744903,0.17393153218086366,0.23643968376637803
VitalDB,0.35,risk_MAR,weak,naive,reconstructed,outcome_observed_fraction,300,0.31410493827160496,0.021798816579526648,0.2716049382716049,0.3534722222222222,,,
VitalDB,0.35,risk_MAR,weak,naive,reconstructed,reconstructed_sensitivity,300,0.40681159420289853,0.05213006898686125,0.30434782608695654,0.5217391304347826,,,
VitalDB,0.35,risk_MAR,weak,naive,reconstructed,ess,300,101.77,7.062816571766636,88.0,114.52499999999998,324.0,-222.23000000000002,222.3418314217997
VitalDB,0.35,risk_MAR,weak,naive,reconstructed,event_rate_se,300,0.03853728952687465,0.0025875559324884103,0.0338292039109125,0.043409230138855386,0.019390267411834264,0.019147022115040387,0.019320496459078258
VitalDB,0.35,risk_MAR,weak,naive,reconstructed,event_rate_interval_coverage,300,0.9566666666666667,,,,,,
VitalDB,0.35,risk_MAR,weak,recalibration_intercept_apparent,reconstructed,event_rate,300,0.1859305520124129,0.023380220868103437,0.14285714285714285,0.23107142857142846,,,
VitalDB,0.35,risk_MAR,weak,recalibration_intercept_apparent,reconstructed,oe,300,0.9964612510745987,0.04942774096137927,0.883957585222055,1.0948633802492231,1.0,-0.0035387489254012916,0.04947201884480178
VitalDB,0.35,risk_MAR,weak,recalibration_intercept_apparent,reconstructed,brier,300,0.12895404225098342,0.020334811318352953,0.09721591024856582,0.17121840475545214,,,
VitalDB,0.35,risk_MAR,weak,recalibration_intercept_apparent,reconstructed,auc,300,0.7305186879861835,0.05837372302631536,0.6092311073282357,0.8413901515151514,,,
VitalDB,0.35,risk_MAR,weak,recalibration_intercept_apparent,reconstructed,calibration_intercept,300,-0.3360109583424198,0.26428598387261976,-0.8621812585324719,0.23735772409717665,0.0,-0.3360109583424198,0.4272208115172663
VitalDB,0.35,risk_MAR,weak,recalibration_intercept_apparent,reconstructed,calibration_slope,300,0.740999279147834,0.1909880086596422,0.3774499669985954,1.157489822758808,1.0,-0.25900072085216597,0.32161499465801957
VitalDB,0.35,risk_MAR,weak,recalibration_intercept_apparent,reconstructed,outcome_observed_fraction,300,0.31410493827160496,0.021798816579526648,0.2716049382716049,0.3534722222222222,,,
VitalDB,0.35,risk_MAR,weak,recalibration_intercept_apparent,reconstructed,reconstructed_sensitivity,300,0.40681159420289853,0.05213006898686125,0.30434782608695654,0.5217391304347826,,,
VitalDB,0.35,risk_MAR,weak,recalibration_intercept_apparent,reconstructed,ess,300,101.77,7.062816571766636,88.0,114.52499999999998,,,
VitalDB,0.35,risk_MAR,weak,recalibration_intercept_apparent,reconstructed,event_rate_se,300,0.03853728952687465,0.0025875559324884103,0.0338292039109125,0.043409230138855386,,,
VitalDB,0.35,risk_MAR,weak,recalibration_intercept_slope_apparent,reconstructed,event_rate,300,0.1859305520124129,0.023380220868103437,0.14285714285714285,0.23107142857142846,,,
VitalDB,0.35,risk_MAR,weak,recalibration_intercept_slope_apparent,reconstructed,oe,300,1.005317776393802,0.06654408251044125,0.8850347954990055,1.1763272819035027,1.0,0.005317776393801932,0.06664557959740243
VitalDB,0.35,risk_MAR,weak,recalibration_intercept_slope_apparent,reconstructed,brier,300,0.13223589809267206,0.021305846759318275,0.0972731164836829,0.17740558921304528,,,
VitalDB,0.35,risk_MAR,weak,recalibration_intercept_slope_apparent,reconstructed,auc,300,0.7132591812691574,0.07508835065071745,0.5417859108420473,0.825588093070884,,,
VitalDB,0.35,risk_MAR,weak,recalibration_intercept_slope_apparent,reconstructed,calibration_intercept,300,-0.35378777105040454,0.3732370944145058,-1.1192304693197739,0.07399036148262754,0.0,-0.35378777105040454,0.5138164677161547
VitalDB,0.35,risk_MAR,weak,recalibration_intercept_slope_apparent,reconstructed,calibration_slope,300,0.7361735938628302,0.2575051974646852,0.14358305822535883,1.031924835636235,1.0,-0.2638264061371698,0.36836431632399413
VitalDB,0.35,risk_MAR,weak,recalibration_intercept_slope_apparent,reconstructed,outcome_observed_fraction,300,0.31410493827160496,0.021798816579526648,0.2716049382716049,0.3534722222222222,,,
VitalDB,0.35,risk_MAR,weak,recalibration_intercept_slope_apparent,reconstructed,reconstructed_sensitivity,300,0.40681159420289853,0.05213006898686125,0.30434782608695654,0.5217391304347826,,,
VitalDB,0.35,risk_MAR,weak,recalibration_intercept_slope_apparent,reconstructed,ess,300,101.77,7.062816571766636,88.0,114.52499999999998,,,
VitalDB,0.35,risk_MAR,weak,recalibration_intercept_slope_apparent,reconstructed,event_rate_se,300,0.03853728952687465,0.0025875559324884103,0.0338292039109125,0.043409230138855386,,,
VitalDB,0.35,risk_MAR,weak,recalibration_intercept_slope_truth,full,event_rate,300,0.1419753086419753,0.0,0.1419753086419753,0.1419753086419753,,,
VitalDB,0.35,risk_MAR,weak,recalibration_intercept_slope_truth,full,oe,300,1.3100865071365004,0.2564964902624347,0.9094209922687282,1.869822097293238,1.0,0.31008650713650043,0.40215020816440267
VitalDB,0.35,risk_MAR,weak,recalibration_intercept_slope_truth,full,brier,300,0.11384255273037837,0.00458874449612337,0.10872007930598315,0.12587009162821922,,,
VitalDB,0.35,risk_MAR,weak,recalibration_intercept_slope_truth,full,auc,300,0.6778073193619018,0.0343172109179177,0.6050965749139818,0.7116398185799186,,,
VitalDB,0.35,risk_MAR,weak,recalibration_intercept_slope_truth,full,calibration_intercept,300,-0.4004567260247367,0.3622897972382567,-1.2318920350954938,0.16243312895816672,0.0,-0.4004567260247367,0.5396127997099202
VitalDB,0.35,risk_MAR,weak,recalibration_intercept_slope_truth,full,calibration_slope,300,0.6303409267900725,0.21096023266565278,0.2193788691972323,1.0375364815036923,1.0,-0.3696590732099275,0.42544529939058895
VitalDB,0.35,risk_MAR,weak,recalibration_intercept_slope_truth,full,outcome_observed_fraction,300,0.31410493827160496,0.021798816579526648,0.2716049382716049,0.3534722222222222,,,
VitalDB,0.35,risk_MAR,weak,recalibration_intercept_slope_truth,full,reconstructed_sensitivity,300,0.40681159420289853,0.05213006898686125,0.30434782608695654,0.5217391304347826,,,
VitalDB,0.35,risk_MAR,weak,recalibration_intercept_slope_truth,full,ess,300,324.0,0.0,324.0,324.0,,,
VitalDB,0.35,risk_MAR,weak,recalibration_intercept_slope_truth,full,event_rate_se,300,0.01939026741183426,3.475243859842279e-18,0.019390267411834264,0.019390267411834264,,,
VitalDB,0.35,risk_MAR,weak,recalibration_intercept_truth,full,event_rate,300,0.1419753086419753,0.0,0.1419753086419753,0.1419753086419753,,,
VitalDB,0.35,risk_MAR,weak,recalibration_intercept_truth,full,oe,300,1.4003616660920355,0.21470994773213678,1.050236950351172,1.8978575165340332,1.0,0.4003616660920355,0.45413231272278315
VitalDB,0.35,risk_MAR,weak,recalibration_intercept_truth,full,brier,300,0.11250306841241889,0.0033574378620450677,0.10983326371270317,0.12089059758309384,,,
VitalDB,0.35,risk_MAR,weak,recalibration_intercept_truth,full,auc,300,0.6932611302262537,0.021504923630659718,0.6419357991867375,0.7123983421958086,,,
VitalDB,0.35,risk_MAR,weak,recalibration_intercept_truth,full,calibration_intercept,300,-0.3523165717844198,0.21407496368021184,-0.8284754935481989,-0.014062538055157569,0.0,-0.3523165717844198,0.4120707421406684
VitalDB,0.35,risk_MAR,weak,recalibration_intercept_truth,full,calibration_slope,300,0.6064011587428655,0.07975694906993344,0.39924622858789577,0.665028106463191,1.0,-0.3935988412571345,0.40157192987162316
VitalDB,0.35,risk_MAR,weak,recalibration_intercept_truth,full,outcome_observed_fraction,300,0.31410493827160496,0.021798816579526648,0.2716049382716049,0.3534722222222222,,,
VitalDB,0.35,risk_MAR,weak,recalibration_intercept_truth,full,reconstructed_sensitivity,300,0.40681159420289853,0.05213006898686125,0.30434782608695654,0.5217391304347826,,,
VitalDB,0.35,risk_MAR,weak,recalibration_intercept_truth,full,ess,300,324.0,0.0,324.0,324.0,,,
VitalDB,0.35,risk_MAR,weak,recalibration_intercept_truth,full,event_rate_se,300,0.01939026741183426,3.475243859842279e-18,0.019390267411834264,0.019390267411834264,,,
VitalDB,0.35,risk_MAR,weak,reference_05pct_recalibration,full_heldout,event_rate,299,0.14185607353309218,0.005891659862841073,0.1292517006802721,0.15306122448979592,,,
VitalDB,0.35,risk_MAR,weak,reference_05pct_recalibration,full_heldout,oe,299,2.0710727452196354,12.584314571132577,0.5163042503144926,4.230452618139338,1.0,1.0710727452196354,12.608827118764388
VitalDB,0.35,risk_MAR,weak,reference_05pct_recalibration,full_heldout,brier,299,0.12023232111583225,0.011330592852355477,0.10729388985393576,0.1515336995522225,,,
VitalDB,0.35,risk_MAR,weak,reference_05pct_recalibration,full_heldout,auc,299,0.6632671726270082,0.12072849304848139,0.2751996598639456,0.7286973358392419,,,
VitalDB,0.35,risk_MAR,weak,reference_05pct_recalibration,full_heldout,calibration_intercept,299,0.5327906487122105,9.726989473413665,-14.965433139602325,18.492108690793525,0.0,0.5327906487122105,9.725315122108519
VitalDB,0.35,risk_MAR,weak,reference_05pct_recalibration,full_heldout,calibration_slope,299,1.521412638852506,6.524578312106361,-5.283872860263531,11.74333362125721,1.0,0.521412638852506,6.534494494625647
VitalDB,0.35,risk_MAR,weak,reference_05pct_recalibration,full_heldout,outcome_observed_fraction,299,0.31394772699120527,0.021664337030272596,0.2716049382716049,0.35185185185185186,,,
VitalDB,0.35,risk_MAR,weak,reference_05pct_recalibration,full_heldout,reconstructed_sensitivity,299,0.406645339537589,0.05213773449058743,0.30434782608695654,0.5217391304347826,,,
VitalDB,0.35,risk_MAR,weak,reference_05pct_recalibration,full_heldout,ess,299,294.0,0.0,294.0,294.0,,,
VitalDB,0.35,risk_MAR,weak,reference_05pct_recalibration,full_heldout,event_rate_se,299,0.020342448585225336,0.00035370893519508673,0.01956549254362358,0.020998338616454712,,,
VitalDB,0.35,risk_MAR,weak,reference_05pct_recalibration,full_heldout,reference_sample_n,299,30.0,0.0,30.0,30.0,,,
VitalDB,0.35,risk_MAR,weak,reference_05pct_recalibration,full_heldout,evaluation_n,299,294.0,0.0,294.0,294.0,,,
VitalDB,0.35,risk_MAR,weak,reference_10pct_recalibration,full_heldout,event_rate,299,0.14182440896918708,0.006360977243887571,0.13058419243986255,0.15463917525773196,,,
VitalDB,0.35,risk_MAR,weak,reference_10pct_recalibration,full_heldout,oe,299,1.7422964769632017,8.070887621827975,0.5165312300398728,3.1974604070565436,1.0,0.7422964769632017,8.091500115391813
VitalDB,0.35,risk_MAR,weak,reference_10pct_recalibration,full_heldout,brier,299,0.11979147833910676,0.011410824577297998,0.10705327490630281,0.14984525419866265,,,
VitalDB,0.35,risk_MAR,weak,reference_10pct_recalibration,full_heldout,auc,299,0.6687065120353735,0.11279830752029948,0.2737049662062886,0.7288577552045543,,,
VitalDB,0.35,risk_MAR,weak,reference_10pct_recalibration,full_heldout,calibration_intercept,299,0.06304586038840494,33.09522035768705,-15.572604378346023,11.86836851784745,0.0,0.06304586038840494,33.039890980018676
VitalDB,0.35,risk_MAR,weak,reference_10pct_recalibration,full_heldout,calibration_slope,299,1.6309906903512048,22.749645732459303,-6.47423332398129,8.047894628849301,1.0,0.6309906903512048,22.720334633378588
VitalDB,0.35,risk_MAR,weak,reference_10pct_recalibration,full_heldout,outcome_observed_fraction,299,0.31394772699120527,0.021664337030272596,0.2716049382716049,0.35185185185185186,,,
VitalDB,0.35,risk_MAR,weak,reference_10pct_recalibration,full_heldout,reconstructed_sensitivity,299,0.406645339537589,0.05213773449058743,0.30434782608695654,0.5217391304347826,,,
VitalDB,0.35,risk_MAR,weak,reference_10pct_recalibration,full_heldout,ess,299,291.0,0.0,291.0,291.0,,,
VitalDB,0.35,risk_MAR,weak,reference_10pct_recalibration,full_heldout,event_rate_se,299,0.02044412245557518,0.00038476018076899715,0.019752068152595607,0.021195044218573513,,,
VitalDB,0.35,risk_MAR,weak,reference_10pct_recalibration,full_heldout,reference_sample_n,299,33.0,0.0,33.0,33.0,,,
VitalDB,0.35,risk_MAR,weak,reference_10pct_recalibration,full_heldout,evaluation_n,299,291.0,0.0,291.0,291.0,,,
VitalDB,0.35,risk_MAR,weak,reference_20pct_recalibration,full_heldout,event_rate,300,0.14199485199485198,0.009640329259534569,0.12355212355212356,0.1583011583011583,,,
VitalDB,0.35,risk_MAR,weak,reference_20pct_recalibration,full_heldout,oe,300,1.0945477098126988,0.4039817902870441,0.5580548368480908,2.06487845540712,1.0,0.09454770981269878,0.41424214177789764
VitalDB,0.35,risk_MAR,weak,reference_20pct_recalibration,full_heldout,brier,300,0.11510225496086567,0.009522965231267576,0.10335304223450505,0.14020233224525142,,,
VitalDB,0.35,risk_MAR,weak,reference_20pct_recalibration,full_heldout,auc,300,0.694990148322421,0.06120585795366665,0.6529936311296146,0.7418487043599151,,,
VitalDB,0.35,risk_MAR,weak,reference_20pct_recalibration,full_heldout,calibration_intercept,300,1.0499791956377749,12.786803472460349,-1.332243126859296,6.5958259163165724,0.0,1.0499791956377749,12.808582729734457
VitalDB,0.35,risk_MAR,weak,reference_20pct_recalibration,full_heldout,calibration_slope,300,1.527863641348157,6.434000406396144,0.2419211420852411,3.964776446688626,1.0,0.527863641348157,6.444921518730702
VitalDB,0.35,risk_MAR,weak,reference_20pct_recalibration,full_heldout,outcome_observed_fraction,300,0.31410493827160496,0.021798816579526648,0.2716049382716049,0.3534722222222222,,,
VitalDB,0.35,risk_MAR,weak,reference_20pct_recalibration,full_heldout,reconstructed_sensitivity,300,0.40681159420289853,0.05213006898686125,0.30434782608695654,0.5217391304347826,,,
VitalDB,0.35,risk_MAR,weak,reference_20pct_recalibration,full_heldout,ess,300,259.0,0.0,259.0,259.0,,,
VitalDB,0.35,risk_MAR,weak,reference_20pct_recalibration,full_heldout,event_rate_se,300,0.021671539430457732,0.0006189187102890827,0.020447408414756684,0.022681435061616448,,,
VitalDB,0.35,risk_MAR,weak,reference_20pct_recalibration,full_heldout,reference_sample_n,300,65.0,0.0,65.0,65.0,,,
VitalDB,0.35,risk_MAR,weak,reference_20pct_recalibration,full_heldout,evaluation_n,300,259.0,0.0,259.0,259.0,,,
VitalDB,0.35,risk_MAR,weak,reference_30pct_recalibration,full_heldout,event_rate,300,0.14168141592920355,0.012870811431328288,0.11504424778761062,0.168141592920354,,,
VitalDB,0.35,risk_MAR,weak,reference_30pct_recalibration,full_heldout,oe,300,1.058119150396955,0.3214074482040561,0.6028728173222153,1.8493814238888115,1.0,0.05811915039695492,0.3260923809465196
VitalDB,0.35,risk_MAR,weak,reference_30pct_recalibration,full_heldout,brier,300,0.11277323661600455,0.009342993361458586,0.09807323697659345,0.13252726936388112,,,
VitalDB,0.35,risk_MAR,weak,reference_30pct_recalibration,full_heldout,auc,300,0.7011432245989533,0.0388855713575817,0.6454056588987824,0.7593908629441624,,,
VitalDB,0.35,risk_MAR,weak,reference_30pct_recalibration,full_heldout,calibration_intercept,300,0.31659780608780813,2.617107539796039,-1.1628056130220978,3.902652824587098,0.0,0.31659780608780813,2.6318539484732106
VitalDB,0.35,risk_MAR,weak,reference_30pct_recalibration,full_heldout,calibration_slope,300,1.177335512871759,1.3189790598875606,0.39016392804722255,3.308450996021423,1.0,0.17733551287175908,1.3286664838649151
VitalDB,0.35,risk_MAR,weak,reference_30pct_recalibration,full_heldout,outcome_observed_fraction,300,0.31410493827160496,0.021798816579526648,0.2716049382716049,0.3534722222222222,,,
VitalDB,0.35,risk_MAR,weak,reference_30pct_recalibration,full_heldout,reconstructed_sensitivity,300,0.40681159420289853,0.05213006898686125,0.30434782608695654,0.5217391304347826,,,
VitalDB,0.35,risk_MAR,weak,reference_30pct_recalibration,full_heldout,ess,300,226.0,0.0,226.0,226.0,,,
VitalDB,0.35,risk_MAR,weak,reference_30pct_recalibration,full_heldout,event_rate_se,300,0.02316389203877908,0.0008909390481727257,0.021224575507663327,0.024877576146280455,,,
VitalDB,0.35,risk_MAR,weak,reference_30pct_recalibration,full_heldout,reference_sample_n,300,98.0,0.0,98.0,98.0,,,
VitalDB,0.35,risk_MAR,weak,reference_30pct_recalibration,full_heldout,evaluation_n,300,226.0,0.0,226.0,226.0,,,
VitalDB,0.35,stratum_MAR,strong,AIPW_design_probability,reconstructed,event_rate,300,0.09750092423392867,0.0422050350433196,0.031233085240168025,0.20158075729312006,0.1419753086419753,-0.04447438440804663,0.0612641681698134
VitalDB,0.35,stratum_MAR,strong,AIPW_design_probability,reconstructed,oe,300,0.9729640988668683,0.42116507316428575,0.3116757187103405,2.011579289218176,1.4167750646420612,-0.44381096577519286,0.6113566270731642
VitalDB,0.35,stratum_MAR,strong,AIPW_design_probability,reconstructed,outcome_observed_fraction,300,0.3558024691358025,0.01976392204558765,0.3162808641975309,0.39197530864197533,,,
VitalDB,0.35,stratum_MAR,strong,AIPW_design_probability,reconstructed,reconstructed_sensitivity,300,0.3277536231884058,0.05595961946897464,0.21739130434782608,0.43478260869565216,,,
VitalDB,0.35,stratum_MAR,strong,AIPW_design_probability,reconstructed,ess,300,39.18769249233198,19.162146726235726,6.442673700136199,75.15706552331916,324.0,-284.81230750766804,285.45404956917855
VitalDB,0.35,stratum_MAR,strong,AIPW_design_probability,reconstructed,event_rate_se,300,0.03509387701154149,0.026622772860289395,0.01762913663178849,0.10383495897127729,0.019390267411834264,0.01570360959970723,0.030870905652107834
VitalDB,0.35,stratum_MAR,strong,AIPW_design_probability,reconstructed,event_rate_interval_coverage,300,0.5133333333333333,,,,,,
VitalDB,0.35,stratum_MAR,strong,Gamma2_prediction_sensitivity_region,full,event_rate,300,0.10919077519469117,0.00730510040119618,0.09552727427573267,0.12541091831238374,0.1419753086419753,-0.03278453344728413,0.03358589352076369
VitalDB,0.35,stratum_MAR,strong,Gamma2_prediction_sensitivity_region,full,outcome_observed_fraction,300,0.3558024691358025,0.01976392204558765,0.3162808641975309,0.39197530864197533,,,
VitalDB,0.35,stratum_MAR,strong,Gamma2_prediction_sensitivity_region,full,reconstructed_sensitivity,300,0.3277536231884058,0.05595961946897464,0.21739130434782608,0.43478260869565216,,,
VitalDB,0.35,stratum_MAR,strong,Gamma2_prediction_sensitivity_region,full,MNAR_event_rate_coverage,300,0.3,,,,,,
VitalDB,0.35,stratum_MAR,strong,IPAW_design_probability_truncated99,reconstructed,event_rate,300,0.10614554065382652,0.034951699827771195,0.05202931601473813,0.18613676593339543,0.1419753086419753,-0.035829767988148783,0.05001321349269302
VitalDB,0.35,stratum_MAR,strong,IPAW_design_probability_truncated99,reconstructed,oe,300,1.0083912333755878,0.33329009641359514,0.5114902886227035,1.8943600268630179,1.4167750646420612,-0.4083838312664734,0.5267725958254748
VitalDB,0.35,stratum_MAR,strong,IPAW_design_probability_truncated99,reconstructed,brier,300,0.08713119667134832,0.027933236261939845,0.04483736107042217,0.15652278935347239,0.11053590028892503,-0.02340470361757671,0.036406660844755794
VitalDB,0.35,stratum_MAR,strong,IPAW_design_probability_truncated99,reconstructed,auc,300,0.727941212958965,0.09268678602765545,0.5347669611682919,0.8725801656374448,0.7044103847356897,0.023530828223275235,0.09547724360633036
VitalDB,0.35,stratum_MAR,strong,IPAW_design_probability_truncated99,reconstructed,calibration_intercept,300,-0.5498445306310018,0.5564685335513562,-1.6486003138043581,0.6024540855699588,-0.22511057884817762,-0.32473395178282416,0.6434882885573834
VitalDB,0.35,stratum_MAR,strong,IPAW_design_probability_truncated99,reconstructed,calibration_slope,300,0.7468048482149692,0.2797346138248201,0.19002037334616406,1.245880497069224,0.6581631632744903,0.08864168494047886,0.2929982325889287
VitalDB,0.35,stratum_MAR,strong,IPAW_design_probability_truncated99,reconstructed,outcome_observed_fraction,300,0.3558024691358025,0.01976392204558765,0.3162808641975309,0.39197530864197533,,,
VitalDB,0.35,stratum_MAR,strong,IPAW_design_probability_truncated99,reconstructed,reconstructed_sensitivity,300,0.3277536231884058,0.05595961946897464,0.21739130434782608,0.43478260869565216,,,
VitalDB,0.35,stratum_MAR,strong,IPAW_design_probability_truncated99,reconstructed,ess,300,52.375304617857864,16.351552246570336,23.24729481165299,82.34919562435701,324.0,-271.62469538214214,272.1147867318329
VitalDB,0.35,stratum_MAR,strong,IPAW_design_probability_truncated99,reconstructed,event_rate_se,300,0.0337658571522918,0.01428589191784871,0.018551547795334595,0.08004946101945869,0.019390267411834264,0.014375589740457537,0.02025003701843797
VitalDB,0.35,stratum_MAR,strong,IPAW_design_probability_truncated99,reconstructed,weight_p99,300,18.8698675116454,12.308184979935323,7.063867037027212,41.98869714948267,,,
VitalDB,0.35,stratum_MAR,strong,IPAW_design_probability_truncated99,reconstructed,weight_max,300,19.618594359002792,13.042639779074694,7.190415727901357,44.0569901902375,,,
VitalDB,0.35,stratum_MAR,strong,IPAW_design_probability_truncated99,reconstructed,event_rate_interval_coverage,300,0.6566666666666666,,,,,,
VitalDB,0.35,stratum_MAR,strong,IPAW_design_probability_untruncated,reconstructed,event_rate,300,0.10192340425472451,0.042884885236070466,0.043343767240132364,0.2074759395639319,0.1419753086419753,-0.040051904387250786,0.058627110186477545
VitalDB,0.35,stratum_MAR,strong,IPAW_design_probability_untruncated,reconstructed,oe,300,0.9895959220711464,0.37200164120505214,0.4640187461799989,2.023596992146877,1.4167750646420612,-0.4271791425709147,0.5660441297608134
VitalDB,0.35,stratum_MAR,strong,IPAW_design_probability_untruncated,reconstructed,brier,300,0.08356614690874077,0.03127766481357063,0.038655375250807,0.16874277522975012,0.11053590028892503,-0.026969753380184258,0.04126013741119549
VitalDB,0.35,stratum_MAR,strong,IPAW_design_probability_untruncated,reconstructed,auc,300,0.7339206727954047,0.09952172880666117,0.530919878203972,0.8868966364296922,0.7044103847356897,0.029510288059715006,0.10364562874373953
VitalDB,0.35,stratum_MAR,strong,IPAW_design_probability_untruncated,reconstructed,calibration_intercept,300,-0.5381012555176059,0.6095141253246992,-1.833885192087,0.7519715796092078,-0.22511057884817762,-0.31299067666942826,0.6842749991212732
VitalDB,0.35,stratum_MAR,strong,IPAW_design_probability_untruncated,reconstructed,calibration_slope,300,0.7753358470934598,0.30887387447319686,0.1603882528562698,1.3171812310243545,0.6581631632744903,0.1171726838189695,0.32987042597205357
VitalDB,0.35,stratum_MAR,strong,IPAW_design_probability_untruncated,reconstructed,outcome_observed_fraction,300,0.3558024691358025,0.01976392204558765,0.3162808641975309,0.39197530864197533,,,
VitalDB,0.35,stratum_MAR,strong,IPAW_design_probability_untruncated,reconstructed,reconstructed_sensitivity,300,0.3277536231884058,0.05595961946897464,0.21739130434782608,0.43478260869565216,,,
VitalDB,0.35,stratum_MAR,strong,IPAW_design_probability_untruncated,reconstructed,ess,300,39.18769249233198,19.162146726235726,6.442673700136199,75.15706552331916,324.0,-284.81230750766804,285.45404956917855
VitalDB,0.35,stratum_MAR,strong,IPAW_design_probability_untruncated,reconstructed,event_rate_se,300,0.03531011627815092,0.02054034155909006,0.018385948685035555,0.08926371193301824,0.019390267411834264,0.015919848866316658,0.02596037109106684
VitalDB,0.35,stratum_MAR,strong,IPAW_design_probability_untruncated,reconstructed,weight_p99,300,19.618594359002792,13.042639779074694,7.190415727901357,44.0569901902375,,,
VitalDB,0.35,stratum_MAR,strong,IPAW_design_probability_untruncated,reconstructed,weight_max,300,44.47564994373398,41.06932779578135,10.398882394232563,166.20423083222929,,,
VitalDB,0.35,stratum_MAR,strong,IPAW_design_probability_untruncated,reconstructed,event_rate_interval_coverage,300,0.5966666666666667,,,,,,
VitalDB,0.35,stratum_MAR,strong,full_reference,full,event_rate,300,0.1419753086419753,0.0,0.1419753086419753,0.1419753086419753,0.1419753086419753,0.0,0.0
VitalDB,0.35,stratum_MAR,strong,full_reference,full,oe,300,1.4167750646420616,4.448312140598118e-16,1.4167750646420612,1.4167750646420612,1.4167750646420612,4.440892098500626e-16,0.0
VitalDB,0.35,stratum_MAR,strong,full_reference,full,brier,300,0.11053590028892503,0.0,0.11053590028892503,0.11053590028892503,0.11053590028892503,0.0,0.0
VitalDB,0.35,stratum_MAR,strong,full_reference,full,auc,300,0.7044103847356897,0.0,0.7044103847356897,0.7044103847356897,0.7044103847356897,0.0,0.0
VitalDB,0.35,stratum_MAR,strong,full_reference,full,calibration_intercept,300,-0.2251105788481776,2.7801950878738235e-17,-0.22511057884817762,-0.22511057884817762,-0.22511057884817762,2.7755575615628914e-17,0.0
VitalDB,0.35,stratum_MAR,strong,full_reference,full,calibration_slope,300,0.6581631632744902,1.1120780351495294e-16,0.6581631632744903,0.6581631632744903,0.6581631632744903,-1.1102230246251565e-16,0.0
VitalDB,0.35,stratum_MAR,strong,full_reference,full,outcome_observed_fraction,300,0.3558024691358025,0.01976392204558765,0.3162808641975309,0.39197530864197533,,,
VitalDB,0.35,stratum_MAR,strong,full_reference,full,reconstructed_sensitivity,300,0.3277536231884058,0.05595961946897464,0.21739130434782608,0.43478260869565216,,,
VitalDB,0.35,stratum_MAR,strong,full_reference,full,ess,300,324.0,0.0,324.0,324.0,324.0,0.0,0.0
VitalDB,0.35,stratum_MAR,strong,full_reference,full,event_rate_se,300,0.01939026741183426,3.475243859842279e-18,0.019390267411834264,0.019390267411834264,0.019390267411834264,-3.469446951953614e-18,0.0
VitalDB,0.35,stratum_MAR,strong,full_reference,full,event_rate_interval_coverage,300,1.0,,,,,,
VitalDB,0.35,stratum_MAR,strong,naive,reconstructed,event_rate,300,0.13329979741494574,0.021094928801083754,0.09417029511369135,0.17523026315789472,0.1419753086419753,-0.008675511227029559,0.022776680972053407
VitalDB,0.35,stratum_MAR,strong,naive,reconstructed,oe,300,1.0498348025359796,0.16393868981086168,0.742424862369872,1.418623622995967,1.4167750646420612,-0.36694026210608155,0.4017853452504113
VitalDB,0.35,stratum_MAR,strong,naive,reconstructed,brier,300,0.10562862999335966,0.014745620797311754,0.07657172880824399,0.13576414561387237,0.11053590028892503,-0.004907270295565369,0.015517404959470208
VitalDB,0.35,stratum_MAR,strong,naive,reconstructed,auc,300,0.732284776951936,0.05278802033611695,0.6264256021234405,0.8260546607997266,0.7044103847356897,0.027874392216246213,0.05961768402743211
VitalDB,0.35,stratum_MAR,strong,naive,reconstructed,calibration_intercept,300,-0.39892718973025426,0.3572016032980103,-1.1422316440532156,0.31549875734262645,-0.22511057884817762,-0.17381661088207664,0.39671134300127026
VitalDB,0.35,stratum_MAR,strong,naive,reconstructed,calibration_slope,300,0.7373440432780556,0.17524361297941982,0.3930475983185744,1.119220428224937,0.6581631632744903,0.07918088000356527,0.1920353298274029
VitalDB,0.35,stratum_MAR,strong,naive,reconstructed,outcome_observed_fraction,300,0.3558024691358025,0.01976392204558765,0.3162808641975309,0.39197530864197533,,,
VitalDB,0.35,stratum_MAR,strong,naive,reconstructed,reconstructed_sensitivity,300,0.3277536231884058,0.05595961946897464,0.21739130434782608,0.43478260869565216,,,
VitalDB,0.35,stratum_MAR,strong,naive,reconstructed,ess,300,115.28,6.4035107427704,102.475,127.0,324.0,-208.72,208.81787918343264
VitalDB,0.35,stratum_MAR,strong,naive,reconstructed,event_rate_se,300,0.03156085008806142,0.002323116928417818,0.026952763659394693,0.03618126141519007,0.019390267411834264,0.012170582676227157,0.012389591008898216
VitalDB,0.35,stratum_MAR,strong,naive,reconstructed,event_rate_interval_coverage,300,0.99,,,,,,
VitalDB,0.35,stratum_MAR,strong,recalibration_intercept_apparent,reconstructed,event_rate,300,0.13329979741494574,0.021094928801083754,0.09417029511369135,0.17523026315789472,,,
VitalDB,0.35,stratum_MAR,strong,recalibration_intercept_apparent,reconstructed,oe,300,0.997208714739162,0.05646178363364616,0.8742443287216797,1.1150550926385656,1.0,-0.00279128526083805,0.05643667106704414
VitalDB,0.35,stratum_MAR,strong,recalibration_intercept_apparent,reconstructed,brier,300,0.1095021373205186,0.01593036536790814,0.07834620180773556,0.14210070922679058,,,
VitalDB,0.35,stratum_MAR,strong,recalibration_intercept_apparent,reconstructed,auc,300,0.7047416147816835,0.06104021434110394,0.58259646009646,0.8139664173319897,,,
VitalDB,0.35,stratum_MAR,strong,recalibration_intercept_apparent,reconstructed,calibration_intercept,300,-0.6239276320628179,0.377376860188176,-1.4502634141517965,0.07370198763849808,0.0,-0.6239276320628179,0.728851338528635
VitalDB,0.35,stratum_MAR,strong,recalibration_intercept_apparent,reconstructed,calibration_slope,300,0.6297795907728089,0.20153361859914823,0.22169221818175028,1.0236896611381072,1.0,-0.3702204092271911,0.4213591874350554
VitalDB,0.35,stratum_MAR,strong,recalibration_intercept_apparent,reconstructed,outcome_observed_fraction,300,0.3558024691358025,0.01976392204558765,0.3162808641975309,0.39197530864197533,,,
VitalDB,0.35,stratum_MAR,strong,recalibration_intercept_apparent,reconstructed,reconstructed_sensitivity,300,0.3277536231884058,0.05595961946897464,0.21739130434782608,0.43478260869565216,,,
VitalDB,0.35,stratum_MAR,strong,recalibration_intercept_apparent,reconstructed,ess,300,115.28,6.4035107427704,102.475,127.0,,,
VitalDB,0.35,stratum_MAR,strong,recalibration_intercept_apparent,reconstructed,event_rate_se,300,0.03156085008806142,0.002323116928417818,0.026952763659394693,0.03618126141519007,,,
VitalDB,0.35,stratum_MAR,strong,recalibration_intercept_slope_apparent,reconstructed,event_rate,300,0.13329979741494574,0.021094928801083754,0.09417029511369135,0.17523026315789472,,,
VitalDB,0.35,stratum_MAR,strong,recalibration_intercept_slope_apparent,reconstructed,oe,300,0.9972432785537334,0.06819737525677752,0.8819691891847469,1.1435033540780453,1.0,-0.0027567214462665968,0.06813940537657331
VitalDB,0.35,stratum_MAR,strong,recalibration_intercept_slope_apparent,reconstructed,brier,300,0.1093699696938899,0.015798447456791126,0.0799050202036697,0.1425954656880284,,,
VitalDB,0.35,stratum_MAR,strong,recalibration_intercept_slope_apparent,reconstructed,auc,300,0.6858776177565444,0.08103249710634246,0.4863660714285714,0.8072739293085653,,,
VitalDB,0.35,stratum_MAR,strong,recalibration_intercept_slope_apparent,reconstructed,calibration_intercept,300,-0.5767459549514269,0.6382650707306017,-2.2762677595332006,0.09908680099068602,0.0,-0.5767459549514269,0.8594534635836065
VitalDB,0.35,stratum_MAR,strong,recalibration_intercept_slope_apparent,reconstructed,calibration_slope,300,0.6791962726523193,0.3120844253323759,-0.08443369974069316,1.0384236454679971,1.0,-0.3208037273476807,0.4471991328108254
VitalDB,0.35,stratum_MAR,strong,recalibration_intercept_slope_apparent,reconstructed,outcome_observed_fraction,300,0.3558024691358025,0.01976392204558765,0.3162808641975309,0.39197530864197533,,,
VitalDB,0.35,stratum_MAR,strong,recalibration_intercept_slope_apparent,reconstructed,reconstructed_sensitivity,300,0.3277536231884058,0.05595961946897464,0.21739130434782608,0.43478260869565216,,,
VitalDB,0.35,stratum_MAR,strong,recalibration_intercept_slope_apparent,reconstructed,ess,300,115.28,6.4035107427704,102.475,127.0,,,
VitalDB,0.35,stratum_MAR,strong,recalibration_intercept_slope_apparent,reconstructed,event_rate_se,300,0.03156085008806142,0.002323116928417818,0.026952763659394693,0.03618126141519007,,,
VitalDB,0.35,stratum_MAR,strong,recalibration_intercept_slope_truth,full,event_rate,300,0.1419753086419753,0.0,0.1419753086419753,0.1419753086419753,,,
VitalDB,0.35,stratum_MAR,strong,recalibration_intercept_slope_truth,full,oe,300,1.3111779116586342,0.2458169970348996,0.9241913795914003,1.8521420038458383,1.0,0.3111779116586342,0.3963032535176991
VitalDB,0.35,stratum_MAR,strong,recalibration_intercept_slope_truth,full,brier,300,0.11360259954998658,0.004021806961894569,0.10894166064218337,0.12433722819798876,,,
VitalDB,0.35,stratum_MAR,strong,recalibration_intercept_slope_truth,full,auc,300,0.6775727244291524,0.04180717083305676,0.5874393963090397,0.7114482327181734,,,
VitalDB,0.35,stratum_MAR,strong,recalibration_intercept_slope_truth,full,calibration_intercept,300,-0.22726164577818114,0.5386479997746908,-1.1195652125921682,0.7796119744940659,0.0,-0.22726164577818114,0.5837999523902675
VitalDB,0.35,stratum_MAR,strong,recalibration_intercept_slope_truth,full,calibration_slope,300,0.7213639764530948,0.27845309089023623,0.269670242983704,1.2701526632103861,1.0,-0.2786360235469052,0.3935933227307976
VitalDB,0.35,stratum_MAR,strong,recalibration_intercept_slope_truth,full,outcome_observed_fraction,300,0.3558024691358025,0.01976392204558765,0.3162808641975309,0.39197530864197533,,,
VitalDB,0.35,stratum_MAR,strong,recalibration_intercept_slope_truth,full,reconstructed_sensitivity,300,0.3277536231884058,0.05595961946897464,0.21739130434782608,0.43478260869565216,,,
VitalDB,0.35,stratum_MAR,strong,recalibration_intercept_slope_truth,full,ess,300,324.0,0.0,324.0,324.0,,,
VitalDB,0.35,stratum_MAR,strong,recalibration_intercept_slope_truth,full,event_rate_se,300,0.01939026741183426,3.475243859842279e-18,0.019390267411834264,0.019390267411834264,,,
VitalDB,0.35,stratum_MAR,strong,recalibration_intercept_truth,full,event_rate,300,0.1419753086419753,0.0,0.1419753086419753,0.1419753086419753,,,
VitalDB,0.35,stratum_MAR,strong,recalibration_intercept_truth,full,oe,300,1.3752261152602345,0.2376778881331887,0.9717544514134331,1.9095942984244656,1.0,0.3752261152602345,0.44395620672056674
VitalDB,0.35,stratum_MAR,strong,recalibration_intercept_truth,full,brier,300,0.11248592497140673,0.002967941400420162,0.10960266887325303,0.12085090023241347,,,
VitalDB,0.35,stratum_MAR,strong,recalibration_intercept_truth,full,auc,300,0.6915892503388593,0.01950844159667487,0.6414529246168282,0.7126661714106974,,,
VitalDB,0.35,stratum_MAR,strong,recalibration_intercept_truth,full,calibration_intercept,300,-0.3813699861188433,0.19922584999442075,-0.7947095833820944,-0.04078092953581986,0.0,-0.3813699861188433,0.43011824244882496
VitalDB,0.35,stratum_MAR,strong,recalibration_intercept_truth,full,calibration_slope,300,0.6005961677585823,0.07424217698502651,0.40503146284253044,0.6666347604330428,1.0,-0.39940383224141773,0.40622278253415933
VitalDB,0.35,stratum_MAR,strong,recalibration_intercept_truth,full,outcome_observed_fraction,300,0.3558024691358025,0.01976392204558765,0.3162808641975309,0.39197530864197533,,,
VitalDB,0.35,stratum_MAR,strong,recalibration_intercept_truth,full,reconstructed_sensitivity,300,0.3277536231884058,0.05595961946897464,0.21739130434782608,0.43478260869565216,,,
VitalDB,0.35,stratum_MAR,strong,recalibration_intercept_truth,full,ess,300,324.0,0.0,324.0,324.0,,,
VitalDB,0.35,stratum_MAR,strong,recalibration_intercept_truth,full,event_rate_se,300,0.01939026741183426,3.475243859842279e-18,0.019390267411834264,0.019390267411834264,,,
VitalDB,0.35,stratum_MAR,strong,reference_05pct_recalibration,full_heldout,event_rate,299,0.1416854367164926,0.0059618092269349676,0.1292517006802721,0.15306122448979592,,,
VitalDB,0.35,stratum_MAR,strong,reference_05pct_recalibration,full_heldout,oe,299,1.245729897503528,1.274453164441196,0.47692038087752875,3.8868930247254116,1.0,0.24572989750352803,1.295832489413357
VitalDB,0.35,stratum_MAR,strong,reference_05pct_recalibration,full_heldout,brier,299,0.12168551477720456,0.01417143279379665,0.10727978697430599,0.1574832535178891,,,
VitalDB,0.35,stratum_MAR,strong,reference_05pct_recalibration,full_heldout,auc,299,0.654062407664975,0.13523060534100745,0.26758333333333334,0.7256143694524929,,,
VitalDB,0.35,stratum_MAR,strong,reference_05pct_recalibration,full_heldout,calibration_intercept,299,-1.6866258939750083,18.886890266140785,-14.118210562832601,9.02195259698191,0.0,-1.6866258939750083,18.93056537278781
VitalDB,0.35,stratum_MAR,strong,reference_05pct_recalibration,full_heldout,calibration_slope,299,0.1872392149205542,10.052283471782921,-5.58651466236392,6.283417105687445,1.0,-0.8127607850794458,10.068318060419486
VitalDB,0.35,stratum_MAR,strong,reference_05pct_recalibration,full_heldout,outcome_observed_fraction,299,0.35590858416945376,0.01971126427011941,0.3162037037037037,0.39197530864197533,,,
VitalDB,0.35,stratum_MAR,strong,reference_05pct_recalibration,full_heldout,reconstructed_sensitivity,299,0.32768649120255927,0.056041331015017085,0.21739130434782608,0.43478260869565216,,,
VitalDB,0.35,stratum_MAR,strong,reference_05pct_recalibration,full_heldout,ess,299,294.0,0.0,294.0,294.0,,,
VitalDB,0.35,stratum_MAR,strong,reference_05pct_recalibration,full_heldout,event_rate_se,299,0.02033203941586592,0.00036036665949689187,0.019565492543623577,0.020998338616454712,,,
VitalDB,0.35,stratum_MAR,strong,reference_05pct_recalibration,full_heldout,reference_sample_n,299,30.0,0.0,30.0,30.0,,,
VitalDB,0.35,stratum_MAR,strong,reference_05pct_recalibration,full_heldout,evaluation_n,299,294.0,0.0,294.0,294.0,,,
VitalDB,0.35,stratum_MAR,strong,reference_10pct_recalibration,full_heldout,event_rate,300,0.14180985108820157,0.006575251419680382,0.12714776632302405,0.15463917525773196,,,
VitalDB,0.35,stratum_MAR,strong,reference_10pct_recalibration,full_heldout,oe,300,1.2659977573670083,1.288950859465858,0.47600870783880994,4.001216031506891,1.0,0.26599775736700826,1.3140057625374628
VitalDB,0.35,stratum_MAR,strong,reference_10pct_recalibration,full_heldout,brier,300,0.12106215731201209,0.013863741061907922,0.10702838177002781,0.15777284475654452,,,
VitalDB,0.35,stratum_MAR,strong,reference_10pct_recalibration,full_heldout,auc,300,0.6643571448929081,0.12207996756291177,0.27006962987519684,0.7257953211544067,,,
VitalDB,0.35,stratum_MAR,strong,reference_10pct_recalibration,full_heldout,calibration_intercept,300,0.577512696378267,9.436515215252056,-9.948684520407562,13.310659157448566,0.0,0.577512696378267,9.438459315877218
VitalDB,0.35,stratum_MAR,strong,reference_10pct_recalibration,full_heldout,calibration_slope,300,1.3308271747865286,4.432436939058592,-3.9637196713750065,7.013027112796117,1.0,0.33082717478652857,4.437392873551528
VitalDB,0.35,stratum_MAR,strong,reference_10pct_recalibration,full_heldout,outcome_observed_fraction,300,0.3558024691358025,0.01976392204558765,0.3162808641975309,0.39197530864197533,,,
VitalDB,0.35,stratum_MAR,strong,reference_10pct_recalibration,full_heldout,reconstructed_sensitivity,300,0.3277536231884058,0.05595961946897464,0.21739130434782608,0.43478260869565216,,,
VitalDB,0.35,stratum_MAR,strong,reference_10pct_recalibration,full_heldout,ess,300,291.0,0.0,291.0,291.0,,,
VitalDB,0.35,stratum_MAR,strong,reference_10pct_recalibration,full_heldout,event_rate_se,300,0.020442735351268785,0.0003993222095552371,0.019528920473301695,0.021195044218573513,,,
VitalDB,0.35,stratum_MAR,strong,reference_10pct_recalibration,full_heldout,reference_sample_n,300,33.0,0.0,33.0,33.0,,,
VitalDB,0.35,stratum_MAR,strong,reference_10pct_recalibration,full_heldout,evaluation_n,300,291.0,0.0,291.0,291.0,,,
VitalDB,0.35,stratum_MAR,strong,reference_20pct_recalibration,full_heldout,event_rate,300,0.14205920205920206,0.010053366431775802,0.11969111969111969,0.16216216216216217,,,
VitalDB,0.35,stratum_MAR,strong,reference_20pct_recalibration,full_heldout,oe,300,1.0874235320704315,0.41719115394402256,0.5418328090281391,2.102880405802746,1.0,0.08742353207043152,0.4255715819448605
VitalDB,0.35,stratum_MAR,strong,reference_20pct_recalibration,full_heldout,brier,300,0.1151097274180114,0.009071818752357005,0.10399320691480826,0.13917492554555164,,,
VitalDB,0.35,stratum_MAR,strong,reference_20pct_recalibration,full_heldout,auc,300,0.6868992106802184,0.08708448444582059,0.2632619863013699,0.743308176402409,,,
VitalDB,0.35,stratum_MAR,strong,reference_20pct_recalibration,full_heldout,calibration_intercept,300,-0.30748777353064677,19.48174626929957,-9.20553310404708,9.448481409679445,0.0,-0.30748777353064677,19.45168008955955
VitalDB,0.35,stratum_MAR,strong,reference_20pct_recalibration,full_heldout,calibration_slope,300,0.9528638954627039,11.192995978767547,-3.0641190954214794,5.681410117523192,1.0,-0.04713610453729611,11.174424829185693
VitalDB,0.35,stratum_MAR,strong,reference_20pct_recalibration,full_heldout,outcome_observed_fraction,300,0.3558024691358025,0.01976392204558765,0.3162808641975309,0.39197530864197533,,,
VitalDB,0.35,stratum_MAR,strong,reference_20pct_recalibration,full_heldout,reconstructed_sensitivity,300,0.3277536231884058,0.05595961946897464,0.21739130434782608,0.43478260869565216,,,
VitalDB,0.35,stratum_MAR,strong,reference_20pct_recalibration,full_heldout,ess,300,259.0,0.0,259.0,259.0,,,
VitalDB,0.35,stratum_MAR,strong,reference_20pct_recalibration,full_heldout,event_rate_se,300,0.021674063332609586,0.000648354850464232,0.020169662179260833,0.022903658837129595,,,
VitalDB,0.35,stratum_MAR,strong,reference_20pct_recalibration,full_heldout,reference_sample_n,300,65.0,0.0,65.0,65.0,,,
VitalDB,0.35,stratum_MAR,strong,reference_20pct_recalibration,full_heldout,evaluation_n,300,259.0,0.0,259.0,259.0,,,
VitalDB,0.35,stratum_MAR,strong,reference_30pct_recalibration,full_heldout,event_rate,300,0.14249262536873156,0.012831875416943283,0.11946902654867257,0.168141592920354,,,
VitalDB,0.35,stratum_MAR,strong,reference_30pct_recalibration,full_heldout,oe,300,1.059920155304316,0.3228720879006397,0.624381213779281,1.7780344696597303,1.0,0.05992015530431605,0.3278556423283384
VitalDB,0.35,stratum_MAR,strong,reference_30pct_recalibration,full_heldout,brier,300,0.11310934301447916,0.009286607932632458,0.09925328448497707,0.13398689585486057,,,
VitalDB,0.35,stratum_MAR,strong,reference_30pct_recalibration,full_heldout,auc,300,0.704007475386321,0.02883668371440351,0.644269025264745,0.7542224370808931,,,
VitalDB,0.35,stratum_MAR,strong,reference_30pct_recalibration,full_heldout,calibration_intercept,300,0.5511375678903954,3.406433802052385,-1.1789603283320453,4.755470901225075,0.0,0.5511375678903954,3.445121850144925
VitalDB,0.35,stratum_MAR,strong,reference_30pct_recalibration,full_heldout,calibration_slope,300,1.271576432373601,1.544344896735888,0.42384879099741807,3.4081086804522243,1.0,0.27157643237360096,1.5655046837451618
VitalDB,0.35,stratum_MAR,strong,reference_30pct_recalibration,full_heldout,outcome_observed_fraction,300,0.3558024691358025,0.01976392204558765,0.3162808641975309,0.39197530864197533,,,
VitalDB,0.35,stratum_MAR,strong,reference_30pct_recalibration,full_heldout,reconstructed_sensitivity,300,0.3277536231884058,0.05595961946897464,0.21739130434782608,0.43478260869565216,,,
VitalDB,0.35,stratum_MAR,strong,reference_30pct_recalibration,full_heldout,ess,300,226.0,0.0,226.0,226.0,,,
VitalDB,0.35,stratum_MAR,strong,reference_30pct_recalibration,full_heldout,event_rate_se,300,0.023219731994738264,0.0008817446201048824,0.021574749482665082,0.024877576146280455,,,
VitalDB,0.35,stratum_MAR,strong,reference_30pct_recalibration,full_heldout,reference_sample_n,300,98.0,0.0,98.0,98.0,,,
VitalDB,0.35,stratum_MAR,strong,reference_30pct_recalibration,full_heldout,evaluation_n,300,226.0,0.0,226.0,226.0,,,
VitalDB,0.35,stratum_MAR,weak,AIPW_design_probability,reconstructed,event_rate,300,0.09811500477073312,0.0270553245645853,0.056753864011615515,0.1670241748173325,0.1419753086419753,-0.04386030387124218,0.05150996868906482
VitalDB,0.35,stratum_MAR,weak,AIPW_design_probability,reconstructed,oe,300,0.9790920235077682,0.2699857431235726,0.5663481919698443,1.6667383106054492,1.4167750646420612,-0.4376830411342929,0.5140192327610426
VitalDB,0.35,stratum_MAR,weak,AIPW_design_probability,reconstructed,outcome_observed_fraction,300,0.3593724279835391,0.022455856628554687,0.3148148148148148,0.39976851851851847,,,
VitalDB,0.35,stratum_MAR,weak,AIPW_design_probability,reconstructed,reconstructed_sensitivity,300,0.34376811594202894,0.06199374587038122,0.21739130434782608,0.46793478260869514,,,
VitalDB,0.35,stratum_MAR,weak,AIPW_design_probability,reconstructed,ess,300,64.08850371475084,13.87545179665421,35.140293449654216,88.55271737532935,324.0,-259.91149628524914,260.2803724894685
VitalDB,0.35,stratum_MAR,weak,AIPW_design_probability,reconstructed,event_rate_se,300,0.028165568190268147,0.01017021298259914,0.01785432431534977,0.06455481444271563,0.019390267411834264,0.008775300778433883,0.013419923935069042
VitalDB,0.35,stratum_MAR,weak,AIPW_design_probability,reconstructed,event_rate_interval_coverage,300,0.53,,,,,,
VitalDB,0.35,stratum_MAR,weak,Gamma2_prediction_sensitivity_region,full,event_rate,300,0.10723827042582793,0.00811810536251924,0.08997918462543605,0.12432873502494257,0.1419753086419753,-0.034737038216147376,0.03566995626468851
VitalDB,0.35,stratum_MAR,weak,Gamma2_prediction_sensitivity_region,full,outcome_observed_fraction,300,0.3593724279835391,0.022455856628554687,0.3148148148148148,0.39976851851851847,,,
VitalDB,0.35,stratum_MAR,weak,Gamma2_prediction_sensitivity_region,full,reconstructed_sensitivity,300,0.34376811594202894,0.06199374587038122,0.21739130434782608,0.46793478260869514,,,
VitalDB,0.35,stratum_MAR,weak,Gamma2_prediction_sensitivity_region,full,MNAR_event_rate_coverage,300,0.23,,,,,,
VitalDB,0.35,stratum_MAR,weak,IPAW_design_probability_truncated99,reconstructed,event_rate,300,0.10120444712838328,0.028759584402669316,0.057439604036709654,0.1654373337565266,0.1419753086419753,-0.04077086151359202,0.04986601846873994
VitalDB,0.35,stratum_MAR,weak,IPAW_design_probability_truncated99,reconstructed,oe,300,0.98214510045644,0.26337950642847524,0.5725795459737603,1.6165311362473735,1.4167750646420612,-0.43462996418562116,0.5079771067280624
VitalDB,0.35,stratum_MAR,weak,IPAW_design_probability_truncated99,reconstructed,brier,300,0.08220036902056715,0.023770164718019397,0.04627468041920072,0.14065869590223518,0.11053590028892503,-0.028335531268357875,0.03695997376278994
VitalDB,0.35,stratum_MAR,weak,IPAW_design_probability_truncated99,reconstructed,auc,300,0.7252292404882011,0.09231223804935926,0.49931063485768806,0.8823204969753129,0.7044103847356897,0.02081885575251141,0.09448052118936036
VitalDB,0.35,stratum_MAR,weak,IPAW_design_probability_truncated99,reconstructed,calibration_intercept,300,-0.5893319612239625,0.5079522774617459,-1.9143659938168471,0.2889383491237121,-0.22511057884817762,-0.36422138237578483,0.6243498056680301
VitalDB,0.35,stratum_MAR,weak,IPAW_design_probability_truncated99,reconstructed,calibration_slope,300,0.7435369940777573,0.28777106578813333,-0.06887863575835317,1.2358803983767583,0.6581631632744903,0.08537383080326699,0.2997079189308265
VitalDB,0.35,stratum_MAR,weak,IPAW_design_probability_truncated99,reconstructed,outcome_observed_fraction,300,0.3593724279835391,0.022455856628554687,0.3148148148148148,0.39976851851851847,,,
VitalDB,0.35,stratum_MAR,weak,IPAW_design_probability_truncated99,reconstructed,reconstructed_sensitivity,300,0.34376811594202894,0.06199374587038122,0.21739130434782608,0.46793478260869514,,,
VitalDB,0.35,stratum_MAR,weak,IPAW_design_probability_truncated99,reconstructed,ess,300,71.7581871136784,11.239923668389281,46.60691619774897,92.1719411197752,324.0,-252.2418128863216,252.49128090418435
VitalDB,0.35,stratum_MAR,weak,IPAW_design_probability_truncated99,reconstructed,event_rate_se,300,0.028844779694558634,0.007756455377724769,0.01773361198671371,0.04879846887399986,0.019390267411834264,0.00945451228272437,0.012220878058909378
VitalDB,0.35,stratum_MAR,weak,IPAW_design_probability_truncated99,reconstructed,weight_p99,300,12.469877618128237,3.8598664220105223,6.448287308211302,23.48791203887579,,,
VitalDB,0.35,stratum_MAR,weak,IPAW_design_probability_truncated99,reconstructed,weight_max,300,12.793124614059133,4.07289114858551,6.471754463518507,25.423635847115627,,,
VitalDB,0.35,stratum_MAR,weak,IPAW_design_probability_truncated99,reconstructed,event_rate_interval_coverage,300,0.62,,,,,,
VitalDB,0.35,stratum_MAR,weak,IPAW_design_probability_untruncated,reconstructed,event_rate,300,0.09956403156401222,0.02952984694257652,0.055360155311249645,0.16823095608515296,0.1419753086419753,-0.04241127707796308,0.05165095911630534
VitalDB,0.35,stratum_MAR,weak,IPAW_design_probability_untruncated,reconstructed,oe,300,0.9810959319752103,0.27431788620539793,0.5542913846303028,1.6365635159128034,1.4167750646420612,-0.4356791326668509,0.5146025407936011
VitalDB,0.35,stratum_MAR,weak,IPAW_design_probability_untruncated,reconstructed,brier,300,0.08103215821106112,0.024788171759610903,0.045827606109147184,0.13893780913699372,0.11053590028892503,-0.02950374207786391,0.03850813001930643
VitalDB,0.35,stratum_MAR,weak,IPAW_design_probability_untruncated,reconstructed,auc,300,0.7268037705924809,0.098151803445338,0.4715307835841031,0.8881289791569089,0.7044103847356897,0.02239338585679118,0.10051431570331078
VitalDB,0.35,stratum_MAR,weak,IPAW_design_probability_untruncated,reconstructed,calibration_intercept,300,-0.5974734077454366,0.5516757787412786,-2.0712307772998133,0.2997177421732921,-0.22511057884817762,-0.3723628288972589,0.6648200914367732
VitalDB,0.35,stratum_MAR,weak,IPAW_design_probability_untruncated,reconstructed,calibration_slope,300,0.7468111656618284,0.3068434650639381,-0.15659759105879079,1.2507875968321363,0.6581631632744903,0.08864800238733805,0.31890051323184615
VitalDB,0.35,stratum_MAR,weak,IPAW_design_probability_untruncated,reconstructed,outcome_observed_fraction,300,0.3593724279835391,0.022455856628554687,0.3148148148148148,0.39976851851851847,,,
VitalDB,0.35,stratum_MAR,weak,IPAW_design_probability_untruncated,reconstructed,reconstructed_sensitivity,300,0.34376811594202894,0.06199374587038122,0.21739130434782608,0.46793478260869514,,,
VitalDB,0.35,stratum_MAR,weak,IPAW_design_probability_untruncated,reconstructed,ess,300,64.08850371475084,13.87545179665421,35.140293449654216,88.55271737532935,324.0,-259.91149628524914,260.2803724894685
VitalDB,0.35,stratum_MAR,weak,IPAW_design_probability_untruncated,reconstructed,event_rate_se,300,0.02905559398880849,0.00888980286504165,0.017529866169809644,0.05759522147013495,0.019390267411834264,0.009665326576974227,0.013121878835324462
VitalDB,0.35,stratum_MAR,weak,IPAW_design_probability_untruncated,reconstructed,weight_p99,300,12.793124614059133,4.07289114858551,6.471754463518507,25.423635847115627,,,
VitalDB,0.35,stratum_MAR,weak,IPAW_design_probability_untruncated,reconstructed,weight_max,300,20.12189014569862,9.948473927939814,8.608195308030215,44.5732765674038,,,
VitalDB,0.35,stratum_MAR,weak,IPAW_design_probability_untruncated,reconstructed,event_rate_interval_coverage,300,0.59,,,,,,
VitalDB,0.35,stratum_MAR,weak,full_reference,full,event_rate,300,0.1419753086419753,0.0,0.1419753086419753,0.1419753086419753,0.1419753086419753,0.0,0.0
VitalDB,0.35,stratum_MAR,weak,full_reference,full,oe,300,1.4167750646420616,4.448312140598118e-16,1.4167750646420612,1.4167750646420612,1.4167750646420612,4.440892098500626e-16,0.0
VitalDB,0.35,stratum_MAR,weak,full_reference,full,brier,300,0.11053590028892503,0.0,0.11053590028892503,0.11053590028892503,0.11053590028892503,0.0,0.0
VitalDB,0.35,stratum_MAR,weak,full_reference,full,auc,300,0.7044103847356897,0.0,0.7044103847356897,0.7044103847356897,0.7044103847356897,0.0,0.0
VitalDB,0.35,stratum_MAR,weak,full_reference,full,calibration_intercept,300,-0.2251105788481776,2.7801950878738235e-17,-0.22511057884817762,-0.22511057884817762,-0.22511057884817762,2.7755575615628914e-17,0.0
VitalDB,0.35,stratum_MAR,weak,full_reference,full,calibration_slope,300,0.6581631632744902,1.1120780351495294e-16,0.6581631632744903,0.6581631632744903,0.6581631632744903,-1.1102230246251565e-16,0.0
VitalDB,0.35,stratum_MAR,weak,full_reference,full,outcome_observed_fraction,300,0.3593724279835391,0.022455856628554687,0.3148148148148148,0.39976851851851847,,,
VitalDB,0.35,stratum_MAR,weak,full_reference,full,reconstructed_sensitivity,300,0.34376811594202894,0.06199374587038122,0.21739130434782608,0.46793478260869514,,,
VitalDB,0.35,stratum_MAR,weak,full_reference,full,ess,300,324.0,0.0,324.0,324.0,324.0,0.0,0.0
VitalDB,0.35,stratum_MAR,weak,full_reference,full,event_rate_se,300,0.01939026741183426,3.475243859842279e-18,0.019390267411834264,0.019390267411834264,0.019390267411834264,-3.469446951953614e-18,0.0
VitalDB,0.35,stratum_MAR,weak,full_reference,full,event_rate_interval_coverage,300,1.0,,,,,,
VitalDB,0.35,stratum_MAR,weak,naive,reconstructed,event_rate,300,0.13791204205252217,0.02422320313286101,0.08859727376534399,0.18691588785046728,0.1419753086419753,-0.004063266589453135,0.024521782700817125
VitalDB,0.35,stratum_MAR,weak,naive,reconstructed,oe,300,1.003705647058681,0.16638133941837416,0.6670185566448396,1.341250551403078,1.4167750646420612,-0.4130694175833802,0.44521547369294834
VitalDB,0.35,stratum_MAR,weak,naive,reconstructed,brier,300,0.10339238973955231,0.017406612453146023,0.07104198505972166,0.13618165458472284,0.11053590028892503,-0.00714351054937272,0.018788558562931438
VitalDB,0.35,stratum_MAR,weak,naive,reconstructed,auc,300,0.7464853545172603,0.054018191487055334,0.6447900313971742,0.8427491912293315,0.7044103847356897,0.04207496978157055,0.06839986508476321
VitalDB,0.35,stratum_MAR,weak,naive,reconstructed,calibration_intercept,300,-0.39592575967730614,0.30371191342744686,-1.0029461092044374,0.16333128093282726,-0.22511057884817762,-0.17081518082912853,0.34801046335551883
VitalDB,0.35,stratum_MAR,weak,naive,reconstructed,calibration_slope,300,0.7643779489967938,0.16755775285013516,0.47376187887909343,1.0718543579880588,0.6581631632744903,0.10621478572230347,0.198150437574808
VitalDB,0.35,stratum_MAR,weak,naive,reconstructed,outcome_observed_fraction,300,0.3593724279835391,0.022455856628554687,0.3148148148148148,0.39976851851851847,,,
VitalDB,0.35,stratum_MAR,weak,naive,reconstructed,reconstructed_sensitivity,300,0.34376811594202894,0.06199374587038122,0.21739130434782608,0.46793478260869514,,,
VitalDB,0.35,stratum_MAR,weak,naive,reconstructed,ess,300,116.43666666666667,7.275697547651719,102.0,129.52499999999998,324.0,-207.56333333333333,207.69038655331804
VitalDB,0.35,stratum_MAR,weak,naive,reconstructed,event_rate_se,300,0.031834164331465464,0.002688812013684736,0.02653111283234832,0.03702661746233241,0.019390267411834264,0.0124438969196312,0.012730128890072526
VitalDB,0.35,stratum_MAR,weak,naive,reconstructed,event_rate_interval_coverage,300,0.9666666666666667,,,,,,
VitalDB,0.35,stratum_MAR,weak,recalibration_intercept_apparent,reconstructed,event_rate,300,0.13791204205252217,0.02422320313286101,0.08859727376534399,0.18691588785046728,,,
VitalDB,0.35,stratum_MAR,weak,recalibration_intercept_apparent,reconstructed,oe,300,1.0005103330273384,0.0613989600311583,0.8893011379374625,1.1362820982911037,1.0,0.0005103330273383833,0.06129866740038922
VitalDB,0.35,stratum_MAR,weak,recalibration_intercept_apparent,reconstructed,brier,300,0.10704006506783709,0.019672959985370612,0.06890616499436023,0.14693952560037501,,,
VitalDB,0.35,stratum_MAR,weak,recalibration_intercept_apparent,reconstructed,auc,300,0.7201220566325818,0.06670224200867313,0.5817614424410541,0.8294399854591373,,,
VitalDB,0.35,stratum_MAR,weak,recalibration_intercept_apparent,reconstructed,calibration_intercept,300,-0.5372595232346885,0.34031445928684567,-1.2584407685978651,0.041776522881492195,0.0,-0.5372595232346885,0.6356694739160679
VitalDB,0.35,stratum_MAR,weak,recalibration_intercept_apparent,reconstructed,calibration_slope,300,0.6676773892972655,0.19739443429219258,0.30918983093138686,1.0227074191939194,1.0,-0.3323226107027345,0.38635863960598077
VitalDB,0.35,stratum_MAR,weak,recalibration_intercept_apparent,reconstructed,outcome_observed_fraction,300,0.3593724279835391,0.022455856628554687,0.3148148148148148,0.39976851851851847,,,
VitalDB,0.35,stratum_MAR,weak,recalibration_intercept_apparent,reconstructed,reconstructed_sensitivity,300,0.34376811594202894,0.06199374587038122,0.21739130434782608,0.46793478260869514,,,
VitalDB,0.35,stratum_MAR,weak,recalibration_intercept_apparent,reconstructed,ess,300,116.43666666666667,7.275697547651719,102.0,129.52499999999998,,,
VitalDB,0.35,stratum_MAR,weak,recalibration_intercept_apparent,reconstructed,event_rate_se,300,0.031834164331465464,0.002688812013684736,0.02653111283234832,0.03702661746233241,,,
VitalDB,0.35,stratum_MAR,weak,recalibration_intercept_slope_apparent,reconstructed,event_rate,300,0.13791204205252217,0.02422320313286101,0.08859727376534399,0.18691588785046728,,,
VitalDB,0.35,stratum_MAR,weak,recalibration_intercept_slope_apparent,reconstructed,oe,300,1.0093601974368145,0.07396700187334387,0.8790900612991215,1.1482151834799634,1.0,0.009360197436814488,0.07443449203360163
VitalDB,0.35,stratum_MAR,weak,recalibration_intercept_slope_apparent,reconstructed,brier,300,0.10830234997360406,0.0195655011608787,0.07183602782363317,0.14595819247137015,,,
VitalDB,0.35,stratum_MAR,weak,recalibration_intercept_slope_apparent,reconstructed,auc,300,0.7002234023709729,0.08712131441172341,0.4951737304314624,0.8226840363937137,,,
VitalDB,0.35,stratum_MAR,weak,recalibration_intercept_slope_apparent,reconstructed,calibration_intercept,300,-0.5272032587776575,0.5744742151169995,-1.9558218397880553,0.0569562693220823,0.0,-0.5272032587776575,0.7790146540046342
VitalDB,0.35,stratum_MAR,weak,recalibration_intercept_slope_apparent,reconstructed,calibration_slope,300,0.6924341438496202,0.2873952502567539,-0.011198924977293995,1.0152766979368348,1.0,-0.3075658561503798,0.4206155794072434
VitalDB,0.35,stratum_MAR,weak,recalibration_intercept_slope_apparent,reconstructed,outcome_observed_fraction,300,0.3593724279835391,0.022455856628554687,0.3148148148148148,0.39976851851851847,,,
VitalDB,0.35,stratum_MAR,weak,recalibration_intercept_slope_apparent,reconstructed,reconstructed_sensitivity,300,0.34376811594202894,0.06199374587038122,0.21739130434782608,0.46793478260869514,,,
VitalDB,0.35,stratum_MAR,weak,recalibration_intercept_slope_apparent,reconstructed,ess,300,116.43666666666667,7.275697547651719,102.0,129.52499999999998,,,
VitalDB,0.35,stratum_MAR,weak,recalibration_intercept_slope_apparent,reconstructed,event_rate_se,300,0.031834164331465464,0.002688812013684736,0.02653111283234832,0.03702661746233241,,,
VitalDB,0.35,stratum_MAR,weak,recalibration_intercept_slope_truth,full,event_rate,300,0.1419753086419753,0.0,0.1419753086419753,0.1419753086419753,,,
VitalDB,0.35,stratum_MAR,weak,recalibration_intercept_slope_truth,full,oe,300,1.3796969400960708,0.30809372694068254,0.9325934795317233,2.108190738739815,1.0,0.3796969400960708,0.4886461962230462
VitalDB,0.35,stratum_MAR,weak,recalibration_intercept_slope_truth,full,brier,300,0.1138901898932726,0.003820292911048705,0.10869130944861291,0.12464454550301132,,,
VitalDB,0.35,stratum_MAR,weak,recalibration_intercept_slope_truth,full,auc,300,0.6779968199353561,0.03245151663972443,0.5921371598373475,0.7104433844228965,,,
VitalDB,0.35,stratum_MAR,weak,recalibration_intercept_slope_truth,full,calibration_intercept,300,-0.23830039976542697,0.42805988162721,-1.1344924417253768,0.6005972462678448,0.0,-0.23830039976542697,0.4892970044661364
VitalDB,0.35,stratum_MAR,weak,recalibration_intercept_slope_truth,full,calibration_slope,300,0.6954577709994504,0.23218937298115783,0.24156095231892696,1.1954845215067702,1.0,-0.3045422290005496,0.3827246631983039
VitalDB,0.35,stratum_MAR,weak,recalibration_intercept_slope_truth,full,outcome_observed_fraction,300,0.3593724279835391,0.022455856628554687,0.3148148148148148,0.39976851851851847,,,
VitalDB,0.35,stratum_MAR,weak,recalibration_intercept_slope_truth,full,reconstructed_sensitivity,300,0.34376811594202894,0.06199374587038122,0.21739130434782608,0.46793478260869514,,,
VitalDB,0.35,stratum_MAR,weak,recalibration_intercept_slope_truth,full,ess,300,324.0,0.0,324.0,324.0,,,
VitalDB,0.35,stratum_MAR,weak,recalibration_intercept_slope_truth,full,event_rate_se,300,0.01939026741183426,3.475243859842279e-18,0.019390267411834264,0.019390267411834264,,,
VitalDB,0.35,stratum_MAR,weak,recalibration_intercept_truth,full,event_rate,300,0.1419753086419753,0.0,0.1419753086419753,0.1419753086419753,,,
VitalDB,0.35,stratum_MAR,weak,recalibration_intercept_truth,full,oe,300,1.454274163944215,0.30415055868715263,1.0123620678451744,2.1653057318752107,1.0,0.45427416394421494,0.5464103035592912
VitalDB,0.35,stratum_MAR,weak,recalibration_intercept_truth,full,brier,300,0.11279728153002949,0.003476447500418029,0.10974204819061205,0.12253449948203465,,,
VitalDB,0.35,stratum_MAR,weak,recalibration_intercept_truth,full,auc,300,0.6907835470753831,0.022415091087574408,0.6272188770722552,0.7116535032843292,,,
VitalDB,0.35,stratum_MAR,weak,recalibration_intercept_truth,full,calibration_intercept,300,-0.3450460913641147,0.23071354481787684,-0.8805506827607875,0.06547126130701715,0.0,-0.3450460913641147,0.4148591517558002
VitalDB,0.35,stratum_MAR,weak,recalibration_intercept_truth,full,calibration_slope,300,0.5985730591547316,0.08546614458375566,0.3650156753327068,0.666484277719556,1.0,-0.4014269408452684,0.41039456928688606
VitalDB,0.35,stratum_MAR,weak,recalibration_intercept_truth,full,outcome_observed_fraction,300,0.3593724279835391,0.022455856628554687,0.3148148148148148,0.39976851851851847,,,
VitalDB,0.35,stratum_MAR,weak,recalibration_intercept_truth,full,reconstructed_sensitivity,300,0.34376811594202894,0.06199374587038122,0.21739130434782608,0.46793478260869514,,,
VitalDB,0.35,stratum_MAR,weak,recalibration_intercept_truth,full,ess,300,324.0,0.0,324.0,324.0,,,
VitalDB,0.35,stratum_MAR,weak,recalibration_intercept_truth,full,event_rate_se,300,0.01939026741183426,3.475243859842279e-18,0.019390267411834264,0.019390267411834264,,,
VitalDB,0.35,stratum_MAR,weak,reference_05pct_recalibration,full_heldout,event_rate,298,0.1417271606629229,0.006166290631578604,0.1292517006802721,0.15306122448979592,,,
VitalDB,0.35,stratum_MAR,weak,reference_05pct_recalibration,full_heldout,oe,298,1.3377348977953407,1.4265503519883458,0.47113312259887913,3.9024579359965106,1.0,0.3377348977953407,1.463653563804282
VitalDB,0.35,stratum_MAR,weak,reference_05pct_recalibration,full_heldout,brier,298,0.12132658045162173,0.014283355277717392,0.10776841227033694,0.1514101286906693,,,
VitalDB,0.35,stratum_MAR,weak,reference_05pct_recalibration,full_heldout,auc,298,0.6621204655754058,0.12477919303932868,0.26440435541033075,0.7273869165627839,,,
VitalDB,0.35,stratum_MAR,weak,reference_05pct_recalibration,full_heldout,calibration_intercept,298,-0.0058686764348391835,13.505053595824284,-10.33382137849835,9.592689631413513,0.0,-0.0058686764348391835,13.48237634560054
VitalDB,0.35,stratum_MAR,weak,reference_05pct_recalibration,full_heldout,calibration_slope,298,0.9545427460911268,6.936046888915785,-4.464659834342632,6.070261609124962,1.0,-0.04545725390887323,6.924548653934834
VitalDB,0.35,stratum_MAR,weak,reference_05pct_recalibration,full_heldout,outcome_observed_fraction,298,0.3592675449498716,0.022233187285342057,0.3148148148148148,0.39814814814814814,,,
VitalDB,0.35,stratum_MAR,weak,reference_05pct_recalibration,full_heldout,reconstructed_sensitivity,298,0.34366793113510363,0.06187575881191195,0.21739130434782608,0.46902173913043455,,,
VitalDB,0.35,stratum_MAR,weak,reference_05pct_recalibration,full_heldout,ess,298,294.0,0.0,294.0,294.0,,,
VitalDB,0.35,stratum_MAR,weak,reference_05pct_recalibration,full_heldout,event_rate_se,298,0.020334115486408698,0.00037250611635959556,0.019565492543623577,0.020998338616454712,,,
VitalDB,0.35,stratum_MAR,weak,reference_05pct_recalibration,full_heldout,reference_sample_n,298,30.0,0.0,30.0,30.0,,,
VitalDB,0.35,stratum_MAR,weak,reference_05pct_recalibration,full_heldout,evaluation_n,298,294.0,0.0,294.0,294.0,,,
VitalDB,0.35,stratum_MAR,weak,reference_10pct_recalibration,full_heldout,event_rate,298,0.1417583431352199,0.006418516867736363,0.13058419243986255,0.15463917525773196,,,
VitalDB,0.35,stratum_MAR,weak,reference_10pct_recalibration,full_heldout,oe,298,1.3122974322794716,1.3966479306577992,0.511313336822965,3.6161905829730405,1.0,0.3122974322794716,1.4288489792342038
VitalDB,0.35,stratum_MAR,weak,reference_10pct_recalibration,full_heldout,brier,298,0.12005718897941935,0.013677126249139705,0.1070876632918836,0.1474603830815353,,,
VitalDB,0.35,stratum_MAR,weak,reference_10pct_recalibration,full_heldout,auc,298,0.6715024343284595,0.11257703088111595,0.2641329636442975,0.7297315071326855,,,
VitalDB,0.35,stratum_MAR,weak,reference_10pct_recalibration,full_heldout,calibration_intercept,298,0.5838924144079615,11.413160560195449,-10.455578760040382,10.654184581123918,0.0,0.5838924144079615,11.408946026925564
VitalDB,0.35,stratum_MAR,weak,reference_10pct_recalibration,full_heldout,calibration_slope,298,1.2351433368415565,5.553464169621247,-4.642088351864407,7.652918268351859,1.0,0.23514333684155653,5.549122768816004
VitalDB,0.35,stratum_MAR,weak,reference_10pct_recalibration,full_heldout,outcome_observed_fraction,298,0.3592675449498716,0.022233187285342057,0.3148148148148148,0.39814814814814814,,,
VitalDB,0.35,stratum_MAR,weak,reference_10pct_recalibration,full_heldout,reconstructed_sensitivity,298,0.34366793113510363,0.06187575881191195,0.21739130434782608,0.46902173913043455,,,
VitalDB,0.35,stratum_MAR,weak,reference_10pct_recalibration,full_heldout,ess,298,291.0,0.0,291.0,291.0,,,
VitalDB,0.35,stratum_MAR,weak,reference_10pct_recalibration,full_heldout,event_rate_se,298,0.020440018787471724,0.00038815006781658967,0.019752068152595607,0.021195044218573513,,,
VitalDB,0.35,stratum_MAR,weak,reference_10pct_recalibration,full_heldout,reference_sample_n,298,33.0,0.0,33.0,33.0,,,
VitalDB,0.35,stratum_MAR,weak,reference_10pct_recalibration,full_heldout,evaluation_n,298,291.0,0.0,291.0,291.0,,,
VitalDB,0.35,stratum_MAR,weak,reference_20pct_recalibration,full_heldout,event_rate,300,0.14123552123552122,0.00992834278537372,0.12152509652509652,0.1583011583011583,,,
VitalDB,0.35,stratum_MAR,weak,reference_20pct_recalibration,full_heldout,oe,300,1.0852498680099265,0.47822856901691524,0.562951702255123,2.0626749539927767,1.0,0.08524986800992651,0.48498222888981185
VitalDB,0.35,stratum_MAR,weak,reference_20pct_recalibration,full_heldout,brier,300,0.11478454574640774,0.009425066682152474,0.10353398954497127,0.14062553811672956,,,
VitalDB,0.35,stratum_MAR,weak,reference_20pct_recalibration,full_heldout,auc,300,0.6924852413059173,0.07300969248678787,0.6436164880791678,0.7488186617304264,,,
VitalDB,0.35,stratum_MAR,weak,reference_20pct_recalibration,full_heldout,calibration_intercept,300,0.8447745452968501,13.702616063206213,-1.502256087039457,10.084583806069418,0.0,0.8447745452968501,13.705818425694236
VitalDB,0.35,stratum_MAR,weak,reference_20pct_recalibration,full_heldout,calibration_slope,300,1.474369459820769,7.640689609557455,0.21374614443000217,6.33064714786594,1.0,0.47436945982076906,7.642680395972208
VitalDB,0.35,stratum_MAR,weak,reference_20pct_recalibration,full_heldout,outcome_observed_fraction,300,0.3593724279835391,0.022455856628554687,0.3148148148148148,0.39976851851851847,,,
VitalDB,0.35,stratum_MAR,weak,reference_20pct_recalibration,full_heldout,reconstructed_sensitivity,300,0.34376811594202894,0.06199374587038122,0.21739130434782608,0.46793478260869514,,,
VitalDB,0.35,stratum_MAR,weak,reference_20pct_recalibration,full_heldout,ess,300,259.0,0.0,259.0,259.0,,,
VitalDB,0.35,stratum_MAR,weak,reference_20pct_recalibration,full_heldout,event_rate_se,300,0.02162176678124301,0.0006441200465637826,0.02030159164112136,0.022681435061616448,,,
VitalDB,0.35,stratum_MAR,weak,reference_20pct_recalibration,full_heldout,reference_sample_n,300,65.0,0.0,65.0,65.0,,,
VitalDB,0.35,stratum_MAR,weak,reference_20pct_recalibration,full_heldout,evaluation_n,300,259.0,0.0,259.0,259.0,,,
VitalDB,0.35,stratum_MAR,weak,reference_30pct_recalibration,full_heldout,event_rate,300,0.14168141592920355,0.012840250036419084,0.11504424778761062,0.168141592920354,,,
VitalDB,0.35,stratum_MAR,weak,reference_30pct_recalibration,full_heldout,oe,300,1.0604054146339952,0.35615085905953037,0.6086556766854134,1.9561349919302924,1.0,0.06040541463399518,0.3606514065935649
VitalDB,0.35,stratum_MAR,weak,reference_30pct_recalibration,full_heldout,brier,300,0.11312006936245439,0.009906118945273403,0.09929592863470794,0.13639143215008276,,,
VitalDB,0.35,stratum_MAR,weak,reference_30pct_recalibration,full_heldout,auc,300,0.7002844729515377,0.05101529000662321,0.6445119106593966,0.7593378207066287,,,
VitalDB,0.35,stratum_MAR,weak,reference_30pct_recalibration,full_heldout,calibration_intercept,300,0.2919943768520524,3.212612020112788,-1.1867908560173823,5.259670185437826,0.0,0.2919943768520524,3.2205176273254286
VitalDB,0.35,stratum_MAR,weak,reference_30pct_recalibration,full_heldout,calibration_slope,300,1.144864587330529,1.6164018499518746,0.32936506686947253,3.409023807943206,1.0,0.14486458733052898,1.620194897552512
VitalDB,0.35,stratum_MAR,weak,reference_30pct_recalibration,full_heldout,outcome_observed_fraction,300,0.3593724279835391,0.022455856628554687,0.3148148148148148,0.39976851851851847,,,
VitalDB,0.35,stratum_MAR,weak,reference_30pct_recalibration,full_heldout,reconstructed_sensitivity,300,0.34376811594202894,0.06199374587038122,0.21739130434782608,0.46793478260869514,,,
VitalDB,0.35,stratum_MAR,weak,reference_30pct_recalibration,full_heldout,ess,300,226.0,0.0,226.0,226.0,,,
VitalDB,0.35,stratum_MAR,weak,reference_30pct_recalibration,full_heldout,event_rate_se,300,0.023164314331874707,0.0008818274856475231,0.02122457550766333,0.024877576146280455,,,
VitalDB,0.35,stratum_MAR,weak,reference_30pct_recalibration,full_heldout,reference_sample_n,300,98.0,0.0,98.0,98.0,,,
VitalDB,0.35,stratum_MAR,weak,reference_30pct_recalibration,full_heldout,evaluation_n,300,226.0,0.0,226.0,226.0,,,
VitalDB,0.55,MCAR,strong,AIPW_design_probability,reconstructed,event_rate,300,0.1132039075921396,0.013760063475321346,0.08827638668230452,0.14020055260605077,0.1419753086419753,-0.028771401049835707,0.031882624328295334
VitalDB,0.55,MCAR,strong,AIPW_design_probability,reconstructed,oe,300,1.1296645524542253,0.13731200873025293,0.8809122138524657,1.3990647309116968,1.4167750646420612,-0.2871105121878359,0.3181574850989577
VitalDB,0.55,MCAR,strong,AIPW_design_probability,reconstructed,outcome_observed_fraction,300,0.6040020576131688,0.02617538778348521,0.5555555555555556,0.6497685185185185,,,
VitalDB,0.55,MCAR,strong,AIPW_design_probability,reconstructed,reconstructed_sensitivity,300,0.5995652173913044,0.059330018405133196,0.4782608695652174,0.717391304347826,,,
VitalDB,0.55,MCAR,strong,AIPW_design_probability,reconstructed,ess,300,177.06823908127566,7.766209179025391,162.5729584193081,191.21721548215532,324.0,-146.93176091872434,147.13617952429706
VitalDB,0.55,MCAR,strong,AIPW_design_probability,reconstructed,event_rate_se,300,0.021516189363800866,0.001732181295907931,0.018080891050791865,0.02495124276245732,0.019390267411834264,0.002125921951966602,0.0027404369507325753
VitalDB,0.55,MCAR,strong,AIPW_design_probability,reconstructed,event_rate_interval_coverage,300,0.8,,,,,,
VitalDB,0.55,MCAR,strong,Gamma2_prediction_sensitivity_region,full,event_rate,300,0.1184428199744859,0.00835250536871655,0.10292265640381969,0.13443940852522465,0.1419753086419753,-0.0235324886674894,0.024966173535409343
VitalDB,0.55,MCAR,strong,Gamma2_prediction_sensitivity_region,full,outcome_observed_fraction,300,0.6040020576131688,0.02617538778348521,0.5555555555555556,0.6497685185185185,,,
VitalDB,0.55,MCAR,strong,Gamma2_prediction_sensitivity_region,full,reconstructed_sensitivity,300,0.5995652173913044,0.059330018405133196,0.4782608695652174,0.717391304347826,,,
VitalDB,0.55,MCAR,strong,Gamma2_prediction_sensitivity_region,full,MNAR_event_rate_coverage,300,0.23333333333333334,,,,,,
VitalDB,0.55,MCAR,strong,IPAW_design_probability_truncated99,reconstructed,event_rate,300,0.11351585910876928,0.01369938268045039,0.08893066443030227,0.13948685120614754,0.1419753086419753,-0.02845944953320602,0.03157511324771098
VitalDB,0.55,MCAR,strong,IPAW_design_probability_truncated99,reconstructed,oe,300,1.130480104295983,0.13799634632975477,0.8844231949213018,1.397393444954487,1.4167750646420612,-0.28629496034607826,0.31771735753851466
VitalDB,0.55,MCAR,strong,IPAW_design_probability_truncated99,reconstructed,brier,300,0.09020924789373144,0.011419990135540643,0.06772234765133643,0.11195730369421318,0.11053590028892503,-0.020326652395193587,0.02330566994764483
VitalDB,0.55,MCAR,strong,IPAW_design_probability_truncated99,reconstructed,auc,300,0.7125371247218505,0.04217661488265462,0.6280316126827861,0.800459650840449,0.7044103847356897,0.008126739986160758,0.042883343964985145
VitalDB,0.55,MCAR,strong,IPAW_design_probability_truncated99,reconstructed,calibration_intercept,300,-0.4627065751738772,0.24686828519347695,-0.8972759614098362,0.03740386363638498,-0.22511057884817762,-0.23759599632569958,0.3423341367780731
VitalDB,0.55,MCAR,strong,IPAW_design_probability_truncated99,reconstructed,calibration_slope,300,0.6882898871528264,0.1270673362316144,0.46796577059057315,0.9743273201047978,0.6581631632744903,0.030126723878336037,0.1303836917288725
VitalDB,0.55,MCAR,strong,IPAW_design_probability_truncated99,reconstructed,outcome_observed_fraction,300,0.6040020576131688,0.02617538778348521,0.5555555555555556,0.6497685185185185,,,
VitalDB,0.55,MCAR,strong,IPAW_design_probability_truncated99,reconstructed,reconstructed_sensitivity,300,0.5995652173913044,0.059330018405133196,0.4782608695652174,0.717391304347826,,,
VitalDB,0.55,MCAR,strong,IPAW_design_probability_truncated99,reconstructed,ess,300,177.08204718434362,7.760042491986966,162.5729584193081,191.21721548215532,324.0,-146.91795281565638,147.12206629696743
VitalDB,0.55,MCAR,strong,IPAW_design_probability_truncated99,reconstructed,event_rate_se,300,0.021452843244262033,0.0017311340162968038,0.018266329518283476,0.024789075993571826,0.019390267411834264,0.0020625758324277696,0.002690920777408185
VitalDB,0.55,MCAR,strong,IPAW_design_probability_truncated99,reconstructed,weight_p99,300,3.295483385579936,0.10009102204739202,3.3057851239669405,3.3057851239669405,,,
VitalDB,0.55,MCAR,strong,IPAW_design_probability_truncated99,reconstructed,weight_max,300,3.2968253063550854,0.08809679887227007,3.3057851239669405,3.3057851239669405,,,
VitalDB,0.55,MCAR,strong,IPAW_design_probability_truncated99,reconstructed,event_rate_interval_coverage,300,0.8133333333333334,,,,,,
VitalDB,0.55,MCAR,strong,IPAW_design_probability_untruncated,reconstructed,event_rate,300,0.1135185588418317,0.013698508506119741,0.08893066443030227,0.13948685120614754,0.1419753086419753,-0.028456749800143608,0.03157230190154921
VitalDB,0.55,MCAR,strong,IPAW_design_probability_untruncated,reconstructed,oe,300,1.1305381543211683,0.13800978105295447,0.8844231949213018,1.397393444954487,1.4167750646420612,-0.2862369103208928,0.3176708666173964
VitalDB,0.55,MCAR,strong,IPAW_design_probability_untruncated,reconstructed,brier,300,0.09021282183665591,0.011418377142133623,0.06772234765133643,0.11195730369421318,0.11053590028892503,-0.02032307845226912,0.023301765095128567
VitalDB,0.55,MCAR,strong,IPAW_design_probability_untruncated,reconstructed,auc,300,0.7125183840369973,0.042172146041392675,0.6280316126827861,0.800459650840449,0.7044103847356897,0.008107999301307567,0.04287541550508985
VitalDB,0.55,MCAR,strong,IPAW_design_probability_untruncated,reconstructed,calibration_intercept,300,-0.46276492658016766,0.2468261870183662,-0.8972759614098362,0.03740386363638498,-0.22511057884817762,-0.23765434773199004,0.34234438562936836
VitalDB,0.55,MCAR,strong,IPAW_design_probability_untruncated,reconstructed,calibration_slope,300,0.6882360668010786,0.12702374750558026,0.46796577059057315,0.9743273201047978,0.6581631632744903,0.030072903526588313,0.13032892432398246
VitalDB,0.55,MCAR,strong,IPAW_design_probability_untruncated,reconstructed,outcome_observed_fraction,300,0.6040020576131688,0.02617538778348521,0.5555555555555556,0.6497685185185185,,,
VitalDB,0.55,MCAR,strong,IPAW_design_probability_untruncated,reconstructed,reconstructed_sensitivity,300,0.5995652173913044,0.059330018405133196,0.4782608695652174,0.717391304347826,,,
VitalDB,0.55,MCAR,strong,IPAW_design_probability_untruncated,reconstructed,ess,300,177.06823908127566,7.766209179025391,162.5729584193081,191.21721548215532,324.0,-146.93176091872434,147.13617952429706
VitalDB,0.55,MCAR,strong,IPAW_design_probability_untruncated,reconstructed,event_rate_se,300,0.021455078089899608,0.001732410912792269,0.018266329518283476,0.024789075993571826,0.019390267411834264,0.0020648106780653437,0.002693452533170985
VitalDB,0.55,MCAR,strong,IPAW_design_probability_untruncated,reconstructed,weight_p99,300,3.2968253063550854,0.08809679887227007,3.3057851239669405,3.3057851239669405,,,
VitalDB,0.55,MCAR,strong,IPAW_design_probability_untruncated,reconstructed,weight_max,300,3.305785123966941,4.448312140598118e-16,3.3057851239669405,3.3057851239669405,,,
VitalDB,0.55,MCAR,strong,IPAW_design_probability_untruncated,reconstructed,event_rate_interval_coverage,300,0.8133333333333334,,,,,,
VitalDB,0.55,MCAR,strong,full_reference,full,event_rate,300,0.1419753086419753,0.0,0.1419753086419753,0.1419753086419753,0.1419753086419753,0.0,0.0
VitalDB,0.55,MCAR,strong,full_reference,full,oe,300,1.4167750646420616,4.448312140598118e-16,1.4167750646420612,1.4167750646420612,1.4167750646420612,4.440892098500626e-16,0.0
VitalDB,0.55,MCAR,strong,full_reference,full,brier,300,0.11053590028892503,0.0,0.11053590028892503,0.11053590028892503,0.11053590028892503,0.0,0.0
VitalDB,0.55,MCAR,strong,full_reference,full,auc,300,0.7044103847356897,0.0,0.7044103847356897,0.7044103847356897,0.7044103847356897,0.0,0.0
VitalDB,0.55,MCAR,strong,full_reference,full,calibration_intercept,300,-0.2251105788481776,2.7801950878738235e-17,-0.22511057884817762,-0.22511057884817762,-0.22511057884817762,2.7755575615628914e-17,0.0
VitalDB,0.55,MCAR,strong,full_reference,full,calibration_slope,300,0.6581631632744902,1.1120780351495294e-16,0.6581631632744903,0.6581631632744903,0.6581631632744903,-1.1102230246251565e-16,0.0
VitalDB,0.55,MCAR,strong,full_reference,full,outcome_observed_fraction,300,0.6040020576131688,0.02617538778348521,0.5555555555555556,0.6497685185185185,,,
VitalDB,0.55,MCAR,strong,full_reference,full,reconstructed_sensitivity,300,0.5995652173913044,0.059330018405133196,0.4782608695652174,0.717391304347826,,,
VitalDB,0.55,MCAR,strong,full_reference,full,ess,300,324.0,0.0,324.0,324.0,324.0,0.0,0.0
VitalDB,0.55,MCAR,strong,full_reference,full,event_rate_se,300,0.01939026741183426,3.475243859842279e-18,0.019390267411834264,0.019390267411834264,0.019390267411834264,-3.469446951953614e-18,0.0
VitalDB,0.55,MCAR,strong,full_reference,full,event_rate_interval_coverage,300,1.0,,,,,,
VitalDB,0.55,MCAR,strong,naive,reconstructed,event_rate,300,0.14345865605077124,0.01395277921881945,0.11792234135033323,0.1697099608341272,0.1419753086419753,0.0014833474087959375,0.014008263060465577
VitalDB,0.55,MCAR,strong,naive,reconstructed,oe,300,1.1944445259684597,0.115993143437946,0.9794712571392473,1.4127917221009165,1.4167750646420612,-0.22233053867360142,0.25067993481814127
VitalDB,0.55,MCAR,strong,naive,reconstructed,brier,300,0.10645732255869936,0.010729243361115018,0.08587783451309593,0.12762286517017757,0.11053590028892503,-0.0040785777302256715,0.011461576557925323
VitalDB,0.55,MCAR,strong,naive,reconstructed,auc,300,0.7284758168423373,0.034157026570901285,0.6580236246672583,0.7988843745540174,0.7044103847356897,0.024065432106647577,0.041736776090530045
VitalDB,0.55,MCAR,strong,naive,reconstructed,calibration_intercept,300,-0.2903484692186358,0.20917655522430287,-0.6939842513125973,0.14667778870040973,-0.22511057884817762,-0.06523789037045816,0.2187806302166062
VitalDB,0.55,MCAR,strong,naive,reconstructed,calibration_slope,300,0.7023019944561698,0.1070404772531136,0.5144896001354251,0.9486564280857998,0.6581631632744903,0.044138831181679494,0.11561880459549193
VitalDB,0.55,MCAR,strong,naive,reconstructed,outcome_observed_fraction,300,0.6040020576131688,0.02617538778348521,0.5555555555555556,0.6497685185185185,,,
VitalDB,0.55,MCAR,strong,naive,reconstructed,reconstructed_sensitivity,300,0.5995652173913044,0.059330018405133196,0.4782608695652174,0.717391304347826,,,
VitalDB,0.55,MCAR,strong,naive,reconstructed,ess,300,195.69666666666666,8.480825641849208,180.0,210.52499999999998,324.0,-128.30333333333334,128.58238604101263
VitalDB,0.55,MCAR,strong,naive,reconstructed,event_rate_se,300,0.025039729919047984,0.0012578700922140382,0.02263807689767962,0.027502700493672698,0.019390267411834264,0.00564946250721372,0.00578734737728813
VitalDB,0.55,MCAR,strong,naive,reconstructed,event_rate_interval_coverage,300,0.9966666666666667,,,,,,
VitalDB,0.55,MCAR,strong,recalibration_intercept_apparent,reconstructed,event_rate,300,0.14345865605077124,0.01395277921881945,0.11792234135033323,0.1697099608341272,,,
VitalDB,0.55,MCAR,strong,recalibration_intercept_apparent,reconstructed,oe,300,0.9991945214622744,0.030849200811230486,0.9318209499869504,1.0604143344580739,1.0,-0.0008054785377256124,0.03080827392758946
VitalDB,0.55,MCAR,strong,recalibration_intercept_apparent,reconstructed,brier,300,0.10886346428347667,0.011378324169278106,0.08687288989585307,0.130909721804566,,,
VitalDB,0.55,MCAR,strong,recalibration_intercept_apparent,reconstructed,auc,300,0.7150663117936789,0.036911205440282174,0.6371885521885523,0.7883293807347486,,,
VitalDB,0.55,MCAR,strong,recalibration_intercept_apparent,reconstructed,calibration_intercept,300,-0.5432472039920927,0.18789532382338883,-0.9150596895515218,-0.14658053247731323,0.0,-0.5432472039920927,0.5747212325851611
VitalDB,0.55,MCAR,strong,recalibration_intercept_apparent,reconstructed,calibration_slope,300,0.6550580454576287,0.11476005603489767,0.4264393476166992,0.9066957440015482,1.0,-0.3449419545423713,0.3634706630478455
VitalDB,0.55,MCAR,strong,recalibration_intercept_apparent,reconstructed,outcome_observed_fraction,300,0.6040020576131688,0.02617538778348521,0.5555555555555556,0.6497685185185185,,,
VitalDB,0.55,MCAR,strong,recalibration_intercept_apparent,reconstructed,reconstructed_sensitivity,300,0.5995652173913044,0.059330018405133196,0.4782608695652174,0.717391304347826,,,
VitalDB,0.55,MCAR,strong,recalibration_intercept_apparent,reconstructed,ess,300,195.69666666666666,8.480825641849208,180.0,210.52499999999998,,,
VitalDB,0.55,MCAR,strong,recalibration_intercept_apparent,reconstructed,event_rate_se,300,0.025039729919047984,0.0012578700922140382,0.02263807689767962,0.027502700493672698,,,
VitalDB,0.55,MCAR,strong,recalibration_intercept_slope_apparent,reconstructed,event_rate,300,0.14345865605077124,0.01395277921881945,0.11792234135033323,0.1697099608341272,,,
VitalDB,0.55,MCAR,strong,recalibration_intercept_slope_apparent,reconstructed,oe,300,1.0039146267566574,0.042529690601433585,0.9240139082030051,1.0871526368351545,1.0,0.0039146267566574355,0.042638827806223314
VitalDB,0.55,MCAR,strong,recalibration_intercept_slope_apparent,reconstructed,brier,300,0.10967172094661473,0.011700086133317569,0.08811417201367487,0.13288401394184032,,,
VitalDB,0.55,MCAR,strong,recalibration_intercept_slope_apparent,reconstructed,auc,300,0.7008381586334966,0.04456553983748712,0.6058727808963125,0.7825332568949042,,,
VitalDB,0.55,MCAR,strong,recalibration_intercept_slope_apparent,reconstructed,calibration_intercept,300,-0.338486362051145,0.31805822447338744,-1.183773825400185,0.09197715027273885,0.0,-0.338486362051145,0.4641086596936096
VitalDB,0.55,MCAR,strong,recalibration_intercept_slope_apparent,reconstructed,calibration_slope,300,0.7907689009191085,0.18368056160912896,0.32110577204125373,1.0218995802833728,1.0,-0.20923109908089155,0.2782152758325815
VitalDB,0.55,MCAR,strong,recalibration_intercept_slope_apparent,reconstructed,outcome_observed_fraction,300,0.6040020576131688,0.02617538778348521,0.5555555555555556,0.6497685185185185,,,
VitalDB,0.55,MCAR,strong,recalibration_intercept_slope_apparent,reconstructed,reconstructed_sensitivity,300,0.5995652173913044,0.059330018405133196,0.4782608695652174,0.717391304347826,,,
VitalDB,0.55,MCAR,strong,recalibration_intercept_slope_apparent,reconstructed,ess,300,195.69666666666666,8.480825641849208,180.0,210.52499999999998,,,
VitalDB,0.55,MCAR,strong,recalibration_intercept_slope_apparent,reconstructed,event_rate_se,300,0.025039729919047984,0.0012578700922140382,0.02263807689767962,0.027502700493672698,,,
VitalDB,0.55,MCAR,strong,recalibration_intercept_slope_truth,full,event_rate,300,0.1419753086419753,0.0,0.1419753086419753,0.1419753086419753,,,
VitalDB,0.55,MCAR,strong,recalibration_intercept_slope_truth,full,oe,300,1.1379574383526259,0.1332052631021982,0.9291530091869538,1.4181292402184444,1.0,0.13795743835262586,0.19161615652448874
VitalDB,0.55,MCAR,strong,recalibration_intercept_slope_truth,full,brier,300,0.1119735836127792,0.003315563408784609,0.10859902752058706,0.12095999935062511,,,
VitalDB,0.55,MCAR,strong,recalibration_intercept_slope_truth,full,auc,300,0.6847945991033261,0.020659910882349156,0.6256334063184235,0.7091707069127307,,,
VitalDB,0.55,MCAR,strong,recalibration_intercept_slope_truth,full,calibration_intercept,300,-0.2374641989808446,0.32479423770729327,-0.9596892820067232,0.3941828484881146,0.0,-0.2374641989808446,0.4019065873922899
VitalDB,0.55,MCAR,strong,recalibration_intercept_slope_truth,full,calibration_slope,300,0.7811257116029554,0.17801475646394133,0.4150286131075262,1.13867872518811,1.0,-0.2188742883970446,0.28193895934256036
VitalDB,0.55,MCAR,strong,recalibration_intercept_slope_truth,full,outcome_observed_fraction,300,0.6040020576131688,0.02617538778348521,0.5555555555555556,0.6497685185185185,,,
VitalDB,0.55,MCAR,strong,recalibration_intercept_slope_truth,full,reconstructed_sensitivity,300,0.5995652173913044,0.059330018405133196,0.4782608695652174,0.717391304347826,,,
VitalDB,0.55,MCAR,strong,recalibration_intercept_slope_truth,full,ess,300,324.0,0.0,324.0,324.0,,,
VitalDB,0.55,MCAR,strong,recalibration_intercept_slope_truth,full,event_rate_se,300,0.01939026741183426,3.475243859842279e-18,0.019390267411834264,0.019390267411834264,,,
VitalDB,0.55,MCAR,strong,recalibration_intercept_truth,full,event_rate,300,0.1419753086419753,0.0,0.1419753086419753,0.1419753086419753,,,
VitalDB,0.55,MCAR,strong,recalibration_intercept_truth,full,oe,300,1.1830648072709884,0.13390945550925126,0.9729911765497069,1.4798618238492616,1.0,0.1830648072709884,0.22668192133846699
VitalDB,0.55,MCAR,strong,recalibration_intercept_truth,full,brier,300,0.11141818787089226,0.0019268658452212776,0.10955600255879708,0.11682035764386993,,,
VitalDB,0.55,MCAR,strong,recalibration_intercept_truth,full,auc,300,0.6951767281826713,0.012487385211012813,0.6623494682514859,0.7085959493274945,,,
VitalDB,0.55,MCAR,strong,recalibration_intercept_truth,full,calibration_intercept,300,-0.4644084494012649,0.1296313406358413,-0.7246281012575755,-0.25057099494738255,0.0,-0.4644084494012649,0.4821031819732673
VitalDB,0.55,MCAR,strong,recalibration_intercept_truth,full,calibration_slope,300,0.6207967729406288,0.04722848528289425,0.4856391789686636,0.6635445086921743,1.0,-0.37920322705937115,0.38212325516114615
VitalDB,0.55,MCAR,strong,recalibration_intercept_truth,full,outcome_observed_fraction,300,0.6040020576131688,0.02617538778348521,0.5555555555555556,0.6497685185185185,,,
VitalDB,0.55,MCAR,strong,recalibration_intercept_truth,full,reconstructed_sensitivity,300,0.5995652173913044,0.059330018405133196,0.4782608695652174,0.717391304347826,,,
VitalDB,0.55,MCAR,strong,recalibration_intercept_truth,full,ess,300,324.0,0.0,324.0,324.0,,,
VitalDB,0.55,MCAR,strong,recalibration_intercept_truth,full,event_rate_se,300,0.01939026741183426,3.475243859842279e-18,0.019390267411834264,0.019390267411834264,,,
VitalDB,0.55,MCAR,strong,reference_05pct_recalibration,full_heldout,event_rate,296,0.14211022246736532,0.0059763443491689305,0.1292517006802721,0.15306122448979592,,,
VitalDB,0.55,MCAR,strong,reference_05pct_recalibration,full_heldout,oe,296,1.390793624186292,1.6485585913240188,0.49928428035633216,4.62533103479596,1.0,0.39079362418629193,1.691532888636081
VitalDB,0.55,MCAR,strong,reference_05pct_recalibration,full_heldout,brier,296,0.1198545694840104,0.011678894331470036,0.1072675769252032,0.15149169626564266,,,
VitalDB,0.55,MCAR,strong,reference_05pct_recalibration,full_heldout,auc,296,0.665381640281932,0.11818226640224086,0.2666973565422957,0.7213716471597724,,,
VitalDB,0.55,MCAR,strong,reference_05pct_recalibration,full_heldout,calibration_intercept,296,-0.4850892401054035,11.701395441416725,-11.814193142384175,10.063123306212459,0.0,-0.4850892401054035,11.691680388600185
VitalDB,0.55,MCAR,strong,reference_05pct_recalibration,full_heldout,calibration_slope,296,0.6131212213687083,6.816862227296306,-4.80021011151488,6.697664383933223,1.0,-0.3868787786312917,6.816325541485241
VitalDB,0.55,MCAR,strong,reference_05pct_recalibration,full_heldout,outcome_observed_fraction,296,0.6039894060727394,0.0261082675771783,0.5555555555555556,0.6500771604938271,,,
VitalDB,0.55,MCAR,strong,reference_05pct_recalibration,full_heldout,reconstructed_sensitivity,296,0.5996621621621622,0.05955373907760621,0.4782608695652174,0.717391304347826,,,
VitalDB,0.55,MCAR,strong,reference_05pct_recalibration,full_heldout,ess,296,294.0,0.0,294.0,294.0,,,
VitalDB,0.55,MCAR,strong,reference_05pct_recalibration,full_heldout,event_rate_se,296,0.020357442930682066,0.00036116195815705937,0.01956549254362358,0.020998338616454712,,,
VitalDB,0.55,MCAR,strong,reference_05pct_recalibration,full_heldout,reference_sample_n,296,30.0,0.0,30.0,30.0,,,
VitalDB,0.55,MCAR,strong,reference_05pct_recalibration,full_heldout,evaluation_n,296,294.0,0.0,294.0,294.0,,,
VitalDB,0.55,MCAR,strong,reference_10pct_recalibration,full_heldout,event_rate,298,0.14216195022947944,0.006253065806286961,0.12860824742268043,0.15463917525773196,,,
VitalDB,0.55,MCAR,strong,reference_10pct_recalibration,full_heldout,oe,298,1.332757467358374,1.2110629188140902,0.524002313551475,4.985484869179462,1.0,0.33275746735837397,1.2539853279097268
VitalDB,0.55,MCAR,strong,reference_10pct_recalibration,full_heldout,brier,298,0.1193233187697609,0.011135777486792177,0.10725461987448892,0.14876413345990686,,,
VitalDB,0.55,MCAR,strong,reference_10pct_recalibration,full_heldout,auc,298,0.6690498826252961,0.11357022334940313,0.266704914897686,0.7247546190897785,,,
VitalDB,0.55,MCAR,strong,reference_10pct_recalibration,full_heldout,calibration_intercept,298,-0.8134045555071971,24.443274309848064,-8.423411050933455,10.702381909424677,0.0,-0.8134045555071971,24.415780568988858
VitalDB,0.55,MCAR,strong,reference_10pct_recalibration,full_heldout,calibration_slope,298,0.4851824174921985,13.896985487643885,-2.8486188656928766,5.951368104160487,1.0,-0.5148175825078015,13.883197336041173
VitalDB,0.55,MCAR,strong,reference_10pct_recalibration,full_heldout,outcome_observed_fraction,298,0.6038507747120722,0.026153601475434836,0.5555555555555556,0.6499228395061728,,,
VitalDB,0.55,MCAR,strong,reference_10pct_recalibration,full_heldout,reconstructed_sensitivity,298,0.5993580391012548,0.0594751631092566,0.4782608695652174,0.717391304347826,,,
VitalDB,0.55,MCAR,strong,reference_10pct_recalibration,full_heldout,ess,298,291.0,0.0,291.0,291.0,,,
VitalDB,0.55,MCAR,strong,reference_10pct_recalibration,full_heldout,event_rate_se,298,0.020464644273447415,0.0003790758060683194,0.019623758237001607,0.021195044218573513,,,
VitalDB,0.55,MCAR,strong,reference_10pct_recalibration,full_heldout,reference_sample_n,298,33.0,0.0,33.0,33.0,,,
VitalDB,0.55,MCAR,strong,reference_10pct_recalibration,full_heldout,evaluation_n,298,291.0,0.0,291.0,291.0,,,
VitalDB,0.55,MCAR,strong,reference_20pct_recalibration,full_heldout,event_rate,300,0.14186615186615184,0.009444925497881783,0.12355212355212356,0.1583011583011583,,,
VitalDB,0.55,MCAR,strong,reference_20pct_recalibration,full_heldout,oe,300,1.103789049801227,0.44505144886331743,0.5858483305856815,2.16504300457701,1.0,0.10378904980122705,0.456270449426867
VitalDB,0.55,MCAR,strong,reference_20pct_recalibration,full_heldout,brier,300,0.11429338259953478,0.008840851530405569,0.10354784831884133,0.1352566644503995,,,
VitalDB,0.55,MCAR,strong,reference_20pct_recalibration,full_heldout,auc,300,0.6870675114006095,0.08673694261333655,0.26314226150526465,0.742985294117647,,,
VitalDB,0.55,MCAR,strong,reference_20pct_recalibration,full_heldout,calibration_intercept,300,-1.87866464797265,30.028536466223017,-6.634740007391133,3.733307207517246,0.0,-1.87866464797265,30.037254753974267
VitalDB,0.55,MCAR,strong,reference_20pct_recalibration,full_heldout,calibration_slope,300,0.003665998716208018,15.528528942493017,-1.8856658949627167,3.691625454124683,1.0,-0.996334001283792,15.534610021590435
VitalDB,0.55,MCAR,strong,reference_20pct_recalibration,full_heldout,outcome_observed_fraction,300,0.6040020576131688,0.02617538778348521,0.5555555555555556,0.6497685185185185,,,
VitalDB,0.55,MCAR,strong,reference_20pct_recalibration,full_heldout,reconstructed_sensitivity,300,0.5995652173913044,0.059330018405133196,0.4782608695652174,0.717391304347826,,,
VitalDB,0.55,MCAR,strong,reference_20pct_recalibration,full_heldout,ess,300,259.0,0.0,259.0,259.0,,,
VitalDB,0.55,MCAR,strong,reference_20pct_recalibration,full_heldout,event_rate_se,300,0.02166401832325704,0.0006061623339092168,0.020447408414756684,0.02268143506161645,,,
VitalDB,0.55,MCAR,strong,reference_20pct_recalibration,full_heldout,reference_sample_n,300,65.0,0.0,65.0,65.0,,,
VitalDB,0.55,MCAR,strong,reference_20pct_recalibration,full_heldout,evaluation_n,300,259.0,0.0,259.0,259.0,,,
VitalDB,0.55,MCAR,strong,reference_30pct_recalibration,full_heldout,event_rate,300,0.14156342182890858,0.01294716904362658,0.11504424778761062,0.16603982300884945,,,
VitalDB,0.55,MCAR,strong,reference_30pct_recalibration,full_heldout,oe,300,1.052028734099081,0.34384175974807063,0.5502856100112765,1.9201760557957115,1.0,0.05202873409908104,0.34718878783659946
VitalDB,0.55,MCAR,strong,reference_30pct_recalibration,full_heldout,brier,300,0.11246916902342198,0.009851239351044901,0.0978128919142341,0.13614826059443794,,,
VitalDB,0.55,MCAR,strong,reference_30pct_recalibration,full_heldout,auc,300,0.7017535337739529,0.039947878081308376,0.643723199750436,0.7558715675588862,,,
VitalDB,0.55,MCAR,strong,reference_30pct_recalibration,full_heldout,calibration_intercept,300,0.54890936467226,4.628021566494079,-1.0878229291935453,3.4371215182449415,0.0,0.54890936467226,4.652793766311388
VitalDB,0.55,MCAR,strong,reference_30pct_recalibration,full_heldout,calibration_slope,300,1.2694434235135488,2.1373616586152844,0.4064515734189256,2.7954114094639833,1.0,0.2694434235135488,2.150741012301183
VitalDB,0.55,MCAR,strong,reference_30pct_recalibration,full_heldout,outcome_observed_fraction,300,0.6040020576131688,0.02617538778348521,0.5555555555555556,0.6497685185185185,,,
VitalDB,0.55,MCAR,strong,reference_30pct_recalibration,full_heldout,reconstructed_sensitivity,300,0.5995652173913044,0.059330018405133196,0.4782608695652174,0.717391304347826,,,
VitalDB,0.55,MCAR,strong,reference_30pct_recalibration,full_heldout,ess,300,226.0,0.0,226.0,226.0,,,
VitalDB,0.55,MCAR,strong,reference_30pct_recalibration,full_heldout,event_rate_se,300,0.023155421495451686,0.0008962385259778084,0.021224575507663327,0.024752025062754535,,,
VitalDB,0.55,MCAR,strong,reference_30pct_recalibration,full_heldout,reference_sample_n,300,98.0,0.0,98.0,98.0,,,
VitalDB,0.55,MCAR,strong,reference_30pct_recalibration,full_heldout,evaluation_n,300,226.0,0.0,226.0,226.0,,,
VitalDB,0.55,MCAR,weak,AIPW_design_probability,reconstructed,event_rate,300,0.11356010060949155,0.015045138409405209,0.08413934837729797,0.14359323165414983,0.1419753086419753,-0.02841520803248375,0.03214071742595306
VitalDB,0.55,MCAR,weak,AIPW_design_probability,reconstructed,oe,300,1.1332190112542158,0.15013580281262953,0.8396286077940145,1.4329203578066627,1.4167750646420612,-0.2835560533878454,0.3207330024097866
VitalDB,0.55,MCAR,weak,AIPW_design_probability,reconstructed,outcome_observed_fraction,300,0.6035905349794238,0.024307603442680185,0.558641975308642,0.6481481481481481,,,
VitalDB,0.55,MCAR,weak,AIPW_design_probability,reconstructed,reconstructed_sensitivity,300,0.6006521739130435,0.06496156989789341,0.4782608695652174,0.717391304347826,,,
VitalDB,0.55,MCAR,weak,AIPW_design_probability,reconstructed,ess,300,176.856426353948,7.330234205523406,162.63021784128728,190.22443160872228,324.0,-147.143573646052,147.32543735234793
VitalDB,0.55,MCAR,weak,AIPW_design_probability,reconstructed,event_rate_se,300,0.02153838244803189,0.0018126606516684312,0.018278614558601462,0.02510193888667728,0.019390267411834264,0.0021481150361976273,0.0028087691939207697
VitalDB,0.55,MCAR,weak,AIPW_design_probability,reconstructed,event_rate_interval_coverage,300,0.76,,,,,,
VitalDB,0.55,MCAR,weak,Gamma2_prediction_sensitivity_region,full,event_rate,300,0.11854016479864764,0.009134820597677623,0.10005082429846712,0.13529113981078902,0.1419753086419753,-0.023435143843327663,0.02514702297459302
VitalDB,0.55,MCAR,weak,Gamma2_prediction_sensitivity_region,full,outcome_observed_fraction,300,0.6035905349794238,0.024307603442680185,0.558641975308642,0.6481481481481481,,,
VitalDB,0.55,MCAR,weak,Gamma2_prediction_sensitivity_region,full,reconstructed_sensitivity,300,0.6006521739130435,0.06496156989789341,0.4782608695652174,0.717391304347826,,,
VitalDB,0.55,MCAR,weak,Gamma2_prediction_sensitivity_region,full,MNAR_event_rate_coverage,300,0.24333333333333335,,,,,,
VitalDB,0.55,MCAR,weak,IPAW_design_probability_truncated99,reconstructed,event_rate,300,0.11362724457378733,0.015135175145802237,0.08627069296632532,0.14507069021319874,0.1419753086419753,-0.028348064068187975,0.03212355342557681
VitalDB,0.55,MCAR,weak,IPAW_design_probability_truncated99,reconstructed,oe,300,1.1342083847398403,0.15056133382510348,0.8450240034380229,1.4331044908005617,1.4167750646420612,-0.28256667990222084,0.3200579345212589
VitalDB,0.55,MCAR,weak,IPAW_design_probability_truncated99,reconstructed,brier,300,0.09053808312225747,0.012385660511033379,0.06801134726496894,0.11660448053312583,0.11053590028892503,-0.019997817166667556,0.023511825303558487
VitalDB,0.55,MCAR,weak,IPAW_design_probability_truncated99,reconstructed,auc,300,0.7088342540902247,0.04147511300877086,0.6300704058931408,0.7919324044909777,0.7044103847356897,0.004423869354534982,0.04164158581465577
VitalDB,0.55,MCAR,weak,IPAW_design_probability_truncated99,reconstructed,calibration_intercept,300,-0.4785910588573319,0.23173006293350454,-0.9203810370852671,-0.01681161844403956,-0.22511057884817762,-0.25348048000915424,0.34317951532584223
VitalDB,0.55,MCAR,weak,IPAW_design_probability_truncated99,reconstructed,calibration_slope,300,0.6798503099250388,0.12281578132184402,0.46316102526010355,0.9456705419097133,0.6581631632744903,0.021687146650548494,0.12451413340553658
VitalDB,0.55,MCAR,weak,IPAW_design_probability_truncated99,reconstructed,outcome_observed_fraction,300,0.6035905349794238,0.024307603442680185,0.558641975308642,0.6481481481481481,,,
VitalDB,0.55,MCAR,weak,IPAW_design_probability_truncated99,reconstructed,reconstructed_sensitivity,300,0.6006521739130435,0.06496156989789341,0.4782608695652174,0.717391304347826,,,
VitalDB,0.55,MCAR,weak,IPAW_design_probability_truncated99,reconstructed,ess,300,176.856426353948,7.330234205523406,162.63021784128728,190.22443160872228,324.0,-147.143573646052,147.32543735234793
VitalDB,0.55,MCAR,weak,IPAW_design_probability_truncated99,reconstructed,event_rate_se,300,0.021460126912390732,0.0018559360372924576,0.018117772720404903,0.024843581406211915,0.019390267411834264,0.002069859500556468,0.0027780092268834583
VitalDB,0.55,MCAR,weak,IPAW_design_probability_truncated99,reconstructed,weight_p99,300,3.305785123966941,4.448312140598118e-16,3.3057851239669405,3.3057851239669405,,,
VitalDB,0.55,MCAR,weak,IPAW_design_probability_truncated99,reconstructed,weight_max,300,3.305785123966941,4.448312140598118e-16,3.3057851239669405,3.3057851239669405,,,
VitalDB,0.55,MCAR,weak,IPAW_design_probability_truncated99,reconstructed,event_rate_interval_coverage,300,0.7833333333333333,,,,,,
VitalDB,0.55,MCAR,weak,IPAW_design_probability_untruncated,reconstructed,event_rate,300,0.11362724457378733,0.015135175145802237,0.08627069296632532,0.14507069021319874,0.1419753086419753,-0.028348064068187975,0.03212355342557681
VitalDB,0.55,MCAR,weak,IPAW_design_probability_untruncated,reconstructed,oe,300,1.1342083847398403,0.15056133382510348,0.8450240034380229,1.4331044908005617,1.4167750646420612,-0.28256667990222084,0.3200579345212589
VitalDB,0.55,MCAR,weak,IPAW_design_probability_untruncated,reconstructed,brier,300,0.09053808312225747,0.012385660511033379,0.06801134726496894,0.11660448053312583,0.11053590028892503,-0.019997817166667556,0.023511825303558487
VitalDB,0.55,MCAR,weak,IPAW_design_probability_untruncated,reconstructed,auc,300,0.7088342540902247,0.04147511300877086,0.6300704058931408,0.7919324044909777,0.7044103847356897,0.004423869354534982,0.04164158581465577
VitalDB,0.55,MCAR,weak,IPAW_design_probability_untruncated,reconstructed,calibration_intercept,300,-0.4785910588573319,0.23173006293350454,-0.9203810370852671,-0.01681161844403956,-0.22511057884817762,-0.25348048000915424,0.34317951532584223
VitalDB,0.55,MCAR,weak,IPAW_design_probability_untruncated,reconstructed,calibration_slope,300,0.6798503099250388,0.12281578132184402,0.46316102526010355,0.9456705419097133,0.6581631632744903,0.021687146650548494,0.12451413340553658
VitalDB,0.55,MCAR,weak,IPAW_design_probability_untruncated,reconstructed,outcome_observed_fraction,300,0.6035905349794238,0.024307603442680185,0.558641975308642,0.6481481481481481,,,
VitalDB,0.55,MCAR,weak,IPAW_design_probability_untruncated,reconstructed,reconstructed_sensitivity,300,0.6006521739130435,0.06496156989789341,0.4782608695652174,0.717391304347826,,,
VitalDB,0.55,MCAR,weak,IPAW_design_probability_untruncated,reconstructed,ess,300,176.856426353948,7.330234205523406,162.63021784128728,190.22443160872228,324.0,-147.143573646052,147.32543735234793
VitalDB,0.55,MCAR,weak,IPAW_design_probability_untruncated,reconstructed,event_rate_se,300,0.021460126912390732,0.0018559360372924576,0.018117772720404903,0.024843581406211915,0.019390267411834264,0.002069859500556468,0.0027780092268834583
VitalDB,0.55,MCAR,weak,IPAW_design_probability_untruncated,reconstructed,weight_p99,300,3.305785123966941,4.448312140598118e-16,3.3057851239669405,3.3057851239669405,,,
VitalDB,0.55,MCAR,weak,IPAW_design_probability_untruncated,reconstructed,weight_max,300,3.305785123966941,4.448312140598118e-16,3.3057851239669405,3.3057851239669405,,,
VitalDB,0.55,MCAR,weak,IPAW_design_probability_untruncated,reconstructed,event_rate_interval_coverage,300,0.7833333333333333,,,,,,
VitalDB,0.55,MCAR,weak,full_reference,full,event_rate,300,0.1419753086419753,0.0,0.1419753086419753,0.1419753086419753,0.1419753086419753,0.0,0.0
VitalDB,0.55,MCAR,weak,full_reference,full,oe,300,1.4167750646420616,4.448312140598118e-16,1.4167750646420612,1.4167750646420612,1.4167750646420612,4.440892098500626e-16,0.0
VitalDB,0.55,MCAR,weak,full_reference,full,brier,300,0.11053590028892503,0.0,0.11053590028892503,0.11053590028892503,0.11053590028892503,0.0,0.0
VitalDB,0.55,MCAR,weak,full_reference,full,auc,300,0.7044103847356897,0.0,0.7044103847356897,0.7044103847356897,0.7044103847356897,0.0,0.0
VitalDB,0.55,MCAR,weak,full_reference,full,calibration_intercept,300,-0.2251105788481776,2.7801950878738235e-17,-0.22511057884817762,-0.22511057884817762,-0.22511057884817762,2.7755575615628914e-17,0.0
VitalDB,0.55,MCAR,weak,full_reference,full,calibration_slope,300,0.6581631632744902,1.1120780351495294e-16,0.6581631632744903,0.6581631632744903,0.6581631632744903,-1.1102230246251565e-16,0.0
VitalDB,0.55,MCAR,weak,full_reference,full,outcome_observed_fraction,300,0.6035905349794238,0.024307603442680185,0.558641975308642,0.6481481481481481,,,
VitalDB,0.55,MCAR,weak,full_reference,full,reconstructed_sensitivity,300,0.6006521739130435,0.06496156989789341,0.4782608695652174,0.717391304347826,,,
VitalDB,0.55,MCAR,weak,full_reference,full,ess,300,324.0,0.0,324.0,324.0,324.0,0.0,0.0
VitalDB,0.55,MCAR,weak,full_reference,full,event_rate_se,300,0.01939026741183426,3.475243859842279e-18,0.019390267411834264,0.019390267411834264,0.019390267411834264,-3.469446951953614e-18,0.0
VitalDB,0.55,MCAR,weak,full_reference,full,event_rate_interval_coverage,300,1.0,,,,,,
VitalDB,0.55,MCAR,weak,naive,reconstructed,event_rate,300,0.14354555070909622,0.015405195607501155,0.11398963730569948,0.17391304347826086,0.1419753086419753,0.0015702420671209194,0.015459451640200926
VitalDB,0.55,MCAR,weak,naive,reconstructed,oe,300,1.19529181674644,0.12617092460581145,0.941996816452454,1.4228344294895874,1.4167750646420612,-0.22148324789562124,0.2547957370919413
VitalDB,0.55,MCAR,weak,naive,reconstructed,brier,300,0.1067832184014836,0.011728364788068232,0.08292579314445206,0.1319320460306619,0.11053590028892503,-0.0037526818874414336,0.012295472614543527
VitalDB,0.55,MCAR,weak,naive,reconstructed,auc,300,0.7258592281915592,0.033486698206403674,0.664529018616117,0.8017452200978212,0.7044103847356897,0.021448843455869504,0.03971994435006089
VitalDB,0.55,MCAR,weak,naive,reconstructed,calibration_intercept,300,-0.30219873931365643,0.19920376544396418,-0.6702547090339158,0.0893856315430731,-0.22511057884817762,-0.07708816046547881,0.2132895938634805
VitalDB,0.55,MCAR,weak,naive,reconstructed,calibration_slope,300,0.6960892466481688,0.10573680595457424,0.5322407028223138,0.9361319772938758,0.6581631632744903,0.03792608337367853,0.11216680596221082
VitalDB,0.55,MCAR,weak,naive,reconstructed,outcome_observed_fraction,300,0.6035905349794238,0.024307603442680185,0.558641975308642,0.6481481481481481,,,
VitalDB,0.55,MCAR,weak,naive,reconstructed,reconstructed_sensitivity,300,0.6006521739130435,0.06496156989789341,0.4782608695652174,0.717391304347826,,,
VitalDB,0.55,MCAR,weak,naive,reconstructed,ess,300,195.56333333333333,7.87566351542838,181.0,210.0,324.0,-128.43666666666667,128.67710234018585
VitalDB,0.55,MCAR,weak,naive,reconstructed,event_rate_se,300,0.025041963965604066,0.001306395592892421,0.02235115683218384,0.02753631069211817,0.019390267411834264,0.005651696553769802,0.005800228830216249
VitalDB,0.55,MCAR,weak,naive,reconstructed,event_rate_interval_coverage,300,0.9966666666666667,,,,,,
VitalDB,0.55,MCAR,weak,recalibration_intercept_apparent,reconstructed,event_rate,300,0.14354555070909622,0.015405195607501155,0.11398963730569948,0.17391304347826086,,,
VitalDB,0.55,MCAR,weak,recalibration_intercept_apparent,reconstructed,oe,300,0.9984560572122955,0.029078945740437272,0.9355729821983596,1.0574360676375991,1.0,-0.001543942787704533,0.029071467588612527
VitalDB,0.55,MCAR,weak,recalibration_intercept_apparent,reconstructed,brier,300,0.10942746382837105,0.012415930914056251,0.08412023894664855,0.13459274442175576,,,
VitalDB,0.55,MCAR,weak,recalibration_intercept_apparent,reconstructed,auc,300,0.7111310519639356,0.037520314707210595,0.633395248300676,0.7847870078661655,,,
VitalDB,0.55,MCAR,weak,recalibration_intercept_apparent,reconstructed,calibration_intercept,300,-0.5624204710365555,0.18535212446766866,-0.9544228853419828,-0.18926510036146982,0.0,-0.5624204710365555,0.5920791148589662
VitalDB,0.55,MCAR,weak,recalibration_intercept_apparent,reconstructed,calibration_slope,300,0.6433122359533948,0.1143414409451603,0.41825170979012893,0.8817407106575043,1.0,-0.3566877640466052,0.3745084061196191
VitalDB,0.55,MCAR,weak,recalibration_intercept_apparent,reconstructed,outcome_observed_fraction,300,0.6035905349794238,0.024307603442680185,0.558641975308642,0.6481481481481481,,,
VitalDB,0.55,MCAR,weak,recalibration_intercept_apparent,reconstructed,reconstructed_sensitivity,300,0.6006521739130435,0.06496156989789341,0.4782608695652174,0.717391304347826,,,
VitalDB,0.55,MCAR,weak,recalibration_intercept_apparent,reconstructed,ess,300,195.56333333333333,7.87566351542838,181.0,210.0,,,
VitalDB,0.55,MCAR,weak,recalibration_intercept_apparent,reconstructed,event_rate_se,300,0.025041963965604066,0.001306395592892421,0.02235115683218384,0.02753631069211817,,,
VitalDB,0.55,MCAR,weak,recalibration_intercept_slope_apparent,reconstructed,event_rate,300,0.14354555070909622,0.015405195607501155,0.11398963730569948,0.17391304347826086,,,
VitalDB,0.55,MCAR,weak,recalibration_intercept_slope_apparent,reconstructed,oe,300,1.0074604518524783,0.04398736554705826,0.9259179486144904,1.1069558942150608,1.0,0.007460451852478345,0.04454320421629363
VitalDB,0.55,MCAR,weak,recalibration_intercept_slope_apparent,reconstructed,brier,300,0.11027925683691353,0.012430596675277704,0.08440184616265536,0.13350553902008816,,,
VitalDB,0.55,MCAR,weak,recalibration_intercept_slope_apparent,reconstructed,auc,300,0.695970547542452,0.046092151577200056,0.6045768618080446,0.7748080446037435,,,
VitalDB,0.55,MCAR,weak,recalibration_intercept_slope_apparent,reconstructed,calibration_intercept,300,-0.3660813109163619,0.3458178866850064,-1.0686439641944576,0.056932341900729884,0.0,-0.3660813109163619,0.5031966847907039
VitalDB,0.55,MCAR,weak,recalibration_intercept_slope_apparent,reconstructed,calibration_slope,300,0.7751947138110638,0.19709407214852917,0.3492278169669736,1.015800301968668,1.0,-0.22480528618893625,0.2987540845974475
VitalDB,0.55,MCAR,weak,recalibration_intercept_slope_apparent,reconstructed,outcome_observed_fraction,300,0.6035905349794238,0.024307603442680185,0.558641975308642,0.6481481481481481,,,
VitalDB,0.55,MCAR,weak,recalibration_intercept_slope_apparent,reconstructed,reconstructed_sensitivity,300,0.6006521739130435,0.06496156989789341,0.4782608695652174,0.717391304347826,,,
VitalDB,0.55,MCAR,weak,recalibration_intercept_slope_apparent,reconstructed,ess,300,195.56333333333333,7.87566351542838,181.0,210.0,,,
VitalDB,0.55,MCAR,weak,recalibration_intercept_slope_apparent,reconstructed,event_rate_se,300,0.025041963965604066,0.001306395592892421,0.02235115683218384,0.02753631069211817,,,
VitalDB,0.55,MCAR,weak,recalibration_intercept_slope_truth,full,event_rate,300,0.1419753086419753,0.0,0.1419753086419753,0.1419753086419753,,,
VitalDB,0.55,MCAR,weak,recalibration_intercept_slope_truth,full,oe,300,1.142581755719318,0.14804745266386474,0.9130713650933391,1.4840282774456315,1.0,0.14258175571931808,0.20536442034457128
VitalDB,0.55,MCAR,weak,recalibration_intercept_slope_truth,full,brier,300,0.11239892390031822,0.0036303111379185357,0.10869853204394807,0.12131831013261805,,,
VitalDB,0.55,MCAR,weak,recalibration_intercept_slope_truth,full,auc,300,0.6812954853508497,0.02415574043032256,0.6250606036909602,0.7082147325617766,,,
VitalDB,0.55,MCAR,weak,recalibration_intercept_slope_truth,full,calibration_intercept,300,-0.2639166913973136,0.3498021275717884,-0.9408909742178145,0.36357264835285036,0.0,-0.2639166913973136,0.43772785688180976
VitalDB,0.55,MCAR,weak,recalibration_intercept_slope_truth,full,calibration_slope,300,0.7689100566829293,0.20003588599711256,0.3915943119825723,1.1240272565434348,1.0,-0.23108994331707067,0.30542353609915945
VitalDB,0.55,MCAR,weak,recalibration_intercept_slope_truth,full,outcome_observed_fraction,300,0.6035905349794238,0.024307603442680185,0.558641975308642,0.6481481481481481,,,
VitalDB,0.55,MCAR,weak,recalibration_intercept_slope_truth,full,reconstructed_sensitivity,300,0.6006521739130435,0.06496156989789341,0.4782608695652174,0.717391304347826,,,
VitalDB,0.55,MCAR,weak,recalibration_intercept_slope_truth,full,ess,300,324.0,0.0,324.0,324.0,,,
VitalDB,0.55,MCAR,weak,recalibration_intercept_slope_truth,full,event_rate_se,300,0.01939026741183426,3.475243859842279e-18,0.019390267411834264,0.019390267411834264,,,
VitalDB,0.55,MCAR,weak,recalibration_intercept_truth,full,event_rate,300,0.1419753086419753,0.0,0.1419753086419753,0.1419753086419753,,,
VitalDB,0.55,MCAR,weak,recalibration_intercept_truth,full,oe,300,1.1831468539232874,0.14133641937559066,0.9657727920123611,1.499847391932501,1.0,0.18314685392328744,0.23119724680981335
VitalDB,0.55,MCAR,weak,recalibration_intercept_truth,full,brier,300,0.11161906510524446,0.0022410776578896457,0.10970301831713737,0.11716814308619439,,,
VitalDB,0.55,MCAR,weak,recalibration_intercept_truth,full,auc,300,0.6939693462621206,0.014320499812419198,0.657250938379731,0.7093603378167032,,,
VitalDB,0.55,MCAR,weak,recalibration_intercept_truth,full,calibration_intercept,300,-0.47415054697158626,0.14560359597197492,-0.77460101981488,-0.21236697001985014,0.0,-0.47415054697158626,0.4959319311453518
VitalDB,0.55,MCAR,weak,recalibration_intercept_truth,full,calibration_slope,300,0.6157505007729168,0.05316439440586388,0.4888173324870494,0.6625475767082883,1.0,-0.3842494992270832,0.38789780739179824
VitalDB,0.55,MCAR,weak,recalibration_intercept_truth,full,outcome_observed_fraction,300,0.6035905349794238,0.024307603442680185,0.558641975308642,0.6481481481481481,,,
VitalDB,0.55,MCAR,weak,recalibration_intercept_truth,full,reconstructed_sensitivity,300,0.6006521739130435,0.06496156989789341,0.4782608695652174,0.717391304347826,,,
VitalDB,0.55,MCAR,weak,recalibration_intercept_truth,full,ess,300,324.0,0.0,324.0,324.0,,,
VitalDB,0.55,MCAR,weak,recalibration_intercept_truth,full,event_rate_se,300,0.01939026741183426,3.475243859842279e-18,0.019390267411834264,0.019390267411834264,,,
VitalDB,0.55,MCAR,weak,reference_05pct_recalibration,full_heldout,event_rate,295,0.14175025942580421,0.005571232166234458,0.1292517006802721,0.14965986394557823,,,
VitalDB,0.55,MCAR,weak,reference_05pct_recalibration,full_heldout,oe,295,1.2709679965699432,1.4944011314694425,0.5398314762473243,2.370077811446924,1.0,0.2709679965699432,1.516274417657356
VitalDB,0.55,MCAR,weak,reference_05pct_recalibration,full_heldout,brier,295,0.12024728909209677,0.012066571619281753,0.10717460396232986,0.15294436125050187,,,
VitalDB,0.55,MCAR,weak,reference_05pct_recalibration,full_heldout,auc,295,0.6488782257933281,0.14145520161743488,0.2640897906770279,0.7252907660695799,,,
VitalDB,0.55,MCAR,weak,reference_05pct_recalibration,full_heldout,calibration_intercept,295,-0.384536601749365,25.062720198546064,-12.813100201334207,13.387351504278385,0.0,-0.384536601749365,25.02315975658902
VitalDB,0.55,MCAR,weak,reference_05pct_recalibration,full_heldout,calibration_slope,295,0.642615115779757,13.37809746428741,-4.981385420622418,9.009160354213456,1.0,-0.35738488422024295,13.360184351903705
VitalDB,0.55,MCAR,weak,reference_05pct_recalibration,full_heldout,outcome_observed_fraction,295,0.6036304666248168,0.024411597684013655,0.558641975308642,0.6481481481481481,,,
VitalDB,0.55,MCAR,weak,reference_05pct_recalibration,full_heldout,reconstructed_sensitivity,295,0.6008106116433309,0.0653920296907789,0.4782608695652174,0.717391304347826,,,
VitalDB,0.55,MCAR,weak,reference_05pct_recalibration,full_heldout,ess,295,294.0,0.0,294.0,294.0,,,
VitalDB,0.55,MCAR,weak,reference_05pct_recalibration,full_heldout,event_rate_se,295,0.020336709930910732,0.00033635753937794673,0.01956549254362358,0.020805365368748184,,,
VitalDB,0.55,MCAR,weak,reference_05pct_recalibration,full_heldout,reference_sample_n,295,30.0,0.0,30.0,30.0,,,
VitalDB,0.55,MCAR,weak,reference_05pct_recalibration,full_heldout,evaluation_n,295,294.0,0.0,294.0,294.0,,,
VitalDB,0.55,MCAR,weak,reference_10pct_recalibration,full_heldout,event_rate,297,0.14162240966364675,0.005923968530070728,0.13058419243986255,0.15120274914089346,,,
VitalDB,0.55,MCAR,weak,reference_10pct_recalibration,full_heldout,oe,297,1.2195768945388468,1.3081720244844568,0.5344959948256139,2.472689801614429,1.0,0.21957689453884677,1.3242983267018813
VitalDB,0.55,MCAR,weak,reference_10pct_recalibration,full_heldout,brier,297,0.11937780371562563,0.01227682841346371,0.10737687359552474,0.1530542171308349,,,
VitalDB,0.55,MCAR,weak,reference_10pct_recalibration,full_heldout,auc,297,0.6506602570947988,0.13921850168925973,0.2643172438884458,0.7272310756972111,,,
VitalDB,0.55,MCAR,weak,reference_10pct_recalibration,full_heldout,calibration_intercept,297,-2.6080490010376747,26.193213127905874,-30.337406899346046,14.832134386820846,0.0,-2.6080490010376747,26.278818181642972
VitalDB,0.55,MCAR,weak,reference_10pct_recalibration,full_heldout,calibration_slope,297,-0.20841776703303666,12.782072306544363,-13.366554385230785,6.879197006339555,1.0,-1.2084177670330367,12.817626157688698
VitalDB,0.55,MCAR,weak,reference_10pct_recalibration,full_heldout,outcome_observed_fraction,297,0.603660057363761,0.024332972026072937,0.558641975308642,0.6481481481481481,,,
VitalDB,0.55,MCAR,weak,reference_10pct_recalibration,full_heldout,reconstructed_sensitivity,297,0.6008637095593617,0.06519843019570823,0.4782608695652174,0.717391304347826,,,
VitalDB,0.55,MCAR,weak,reference_10pct_recalibration,full_heldout,ess,297,291.0,0.0,291.0,291.0,,,
VitalDB,0.55,MCAR,weak,reference_10pct_recalibration,full_heldout,event_rate_se,297,0.020432842984955204,0.0003606162909526931,0.019752068152595607,0.021000775455583546,,,
VitalDB,0.55,MCAR,weak,reference_10pct_recalibration,full_heldout,reference_sample_n,297,33.0,0.0,33.0,33.0,,,
VitalDB,0.55,MCAR,weak,reference_10pct_recalibration,full_heldout,evaluation_n,297,291.0,0.0,291.0,291.0,,,
VitalDB,0.55,MCAR,weak,reference_20pct_recalibration,full_heldout,event_rate,300,0.1425096525096525,0.009104468792111605,0.12355212355212356,0.1583011583011583,,,
VitalDB,0.55,MCAR,weak,reference_20pct_recalibration,full_heldout,oe,300,1.1160127137779876,0.4596894727125035,0.6102957903204862,2.14119210493098,1.0,0.11601271377798761,0.47335925015759134
VitalDB,0.55,MCAR,weak,reference_20pct_recalibration,full_heldout,brier,300,0.11422192705137746,0.00872043759294411,0.10427914742037415,0.13607204783900023,,,
VitalDB,0.55,MCAR,weak,reference_20pct_recalibration,full_heldout,auc,300,0.6968941050758443,0.06004624164648383,0.652204783258595,0.7424648386887794,,,
VitalDB,0.55,MCAR,weak,reference_20pct_recalibration,full_heldout,calibration_intercept,300,0.26785811241260526,5.268801064533441,-1.2885747460133468,6.375563388313417,0.0,0.26785811241260526,5.266828116664577
VitalDB,0.55,MCAR,weak,reference_20pct_recalibration,full_heldout,calibration_slope,300,1.1368520311840193,2.4582792680027086,0.2780292196648103,4.628345377827888,1.0,0.13685203118401934,2.4579913848641026
VitalDB,0.55,MCAR,weak,reference_20pct_recalibration,full_heldout,outcome_observed_fraction,300,0.6035905349794238,0.024307603442680185,0.558641975308642,0.6481481481481481,,,
VitalDB,0.55,MCAR,weak,reference_20pct_recalibration,full_heldout,reconstructed_sensitivity,300,0.6006521739130435,0.06496156989789341,0.4782608695652174,0.717391304347826,,,
VitalDB,0.55,MCAR,weak,reference_20pct_recalibration,full_heldout,ess,300,259.0,0.0,259.0,259.0,,,
VitalDB,0.55,MCAR,weak,reference_20pct_recalibration,full_heldout,event_rate_se,300,0.02170622244797892,0.0005824499277551984,0.020447408414756684,0.022681435061616448,,,
VitalDB,0.55,MCAR,weak,reference_20pct_recalibration,full_heldout,reference_sample_n,300,65.0,0.0,65.0,65.0,,,
VitalDB,0.55,MCAR,weak,reference_20pct_recalibration,full_heldout,evaluation_n,300,259.0,0.0,259.0,259.0,,,
VitalDB,0.55,MCAR,weak,reference_30pct_recalibration,full_heldout,event_rate,300,0.14227138643067846,0.012081081251227158,0.11946902654867257,0.168141592920354,,,
VitalDB,0.55,MCAR,weak,reference_30pct_recalibration,full_heldout,oe,300,1.066385989491136,0.3184672184177777,0.6291960685416157,1.9265432073677002,1.0,0.06638598949113605,0.3247928533339127
VitalDB,0.55,MCAR,weak,reference_30pct_recalibration,full_heldout,brier,300,0.11221237592842778,0.008914868839113847,0.09870072520598747,0.13357830821261324,,,
VitalDB,0.55,MCAR,weak,reference_30pct_recalibration,full_heldout,auc,300,0.7052576633545516,0.028173246941876215,0.6496195669186503,0.7574647169666204,,,
VitalDB,0.55,MCAR,weak,reference_30pct_recalibration,full_heldout,calibration_intercept,300,0.4576712136773303,2.48924164320643,-1.0112412918749363,3.40600585283134,0.0,0.4576712136773303,2.5268819689308177
VitalDB,0.55,MCAR,weak,reference_30pct_recalibration,full_heldout,calibration_slope,300,1.2454006432496718,1.2966734767129415,0.439642813022842,3.112508761986155,1.0,0.2454006432496718,1.3175655735360867
VitalDB,0.55,MCAR,weak,reference_30pct_recalibration,full_heldout,outcome_observed_fraction,300,0.6035905349794238,0.024307603442680185,0.558641975308642,0.6481481481481481,,,
VitalDB,0.55,MCAR,weak,reference_30pct_recalibration,full_heldout,reconstructed_sensitivity,300,0.6006521739130435,0.06496156989789341,0.4782608695652174,0.717391304347826,,,
VitalDB,0.55,MCAR,weak,reference_30pct_recalibration,full_heldout,ess,300,226.0,0.0,226.0,226.0,,,
VitalDB,0.55,MCAR,weak,reference_30pct_recalibration,full_heldout,event_rate_se,300,0.023208404758360706,0.0008278817222863499,0.021574749482665086,0.024877576146280455,,,
VitalDB,0.55,MCAR,weak,reference_30pct_recalibration,full_heldout,reference_sample_n,300,98.0,0.0,98.0,98.0,,,
VitalDB,0.55,MCAR,weak,reference_30pct_recalibration,full_heldout,evaluation_n,300,226.0,0.0,226.0,226.0,,,
VitalDB,0.55,history_MAR,strong,AIPW_design_probability,reconstructed,event_rate,300,0.11265005985678224,0.01357670806160568,0.0878260120548911,0.13842467832647837,0.1419753086419753,-0.02932524878519306,0.03230607984210149
VitalDB,0.55,history_MAR,strong,AIPW_design_probability,reconstructed,oe,300,1.1241376924067394,0.13548230058871566,0.8764179144706215,1.3813432382007205,1.4167750646420612,-0.2926373722353217,0.3223831579901407
VitalDB,0.55,history_MAR,strong,AIPW_design_probability,reconstructed,outcome_observed_fraction,300,0.574917695473251,0.025281453248220405,0.5246913580246914,0.6265432098765432,,,
VitalDB,0.55,history_MAR,strong,AIPW_design_probability,reconstructed,reconstructed_sensitivity,300,0.6668115942028986,0.0619993546490819,0.5652173913043478,0.7940217391304343,,,
VitalDB,0.55,history_MAR,strong,AIPW_design_probability,reconstructed,ess,300,161.83923158796358,7.459701720592073,147.2368553359435,177.00217867931624,324.0,-162.16076841203642,162.33168659027453
VitalDB,0.55,history_MAR,strong,AIPW_design_probability,reconstructed,event_rate_se,300,0.020747011053446868,0.0013828852569358302,0.018205289213651634,0.02350568308101737,0.019390267411834264,0.0013567436416126039,0.0019356524405982258
VitalDB,0.55,history_MAR,strong,AIPW_design_probability,reconstructed,event_rate_interval_coverage,300,0.77,,,,,,
VitalDB,0.55,history_MAR,strong,Gamma2_prediction_sensitivity_region,full,event_rate,300,0.13169348691046312,0.008926527344819723,0.11541978017091695,0.1487139869117401,0.1419753086419753,-0.01028182173151218,0.013606363912582136
VitalDB,0.55,history_MAR,strong,Gamma2_prediction_sensitivity_region,full,outcome_observed_fraction,300,0.574917695473251,0.025281453248220405,0.5246913580246914,0.6265432098765432,,,
VitalDB,0.55,history_MAR,strong,Gamma2_prediction_sensitivity_region,full,reconstructed_sensitivity,300,0.6668115942028986,0.0619993546490819,0.5652173913043478,0.7940217391304343,,,
VitalDB,0.55,history_MAR,strong,Gamma2_prediction_sensitivity_region,full,MNAR_event_rate_coverage,300,0.8066666666666666,,,,,,
VitalDB,0.55,history_MAR,strong,IPAW_design_probability_truncated99,reconstructed,event_rate,300,0.11246940651969965,0.013436101226994205,0.08858884567015195,0.1390347739728563,0.1419753086419753,-0.02950590212227565,0.03241180824191609
VitalDB,0.55,history_MAR,strong,IPAW_design_probability_truncated99,reconstructed,oe,300,1.1267283879693606,0.13396021234936417,0.8852016161322683,1.3863993014866987,1.4167750646420612,-0.29004667667270057,0.3193941066246985
VitalDB,0.55,history_MAR,strong,IPAW_design_probability_truncated99,reconstructed,brier,300,0.0895740636281221,0.010912027822874036,0.0697215127132352,0.11107612084446906,0.11053590028892503,-0.020961836660802924,0.02362359074239141
VitalDB,0.55,history_MAR,strong,IPAW_design_probability_truncated99,reconstructed,auc,300,0.7087883183900359,0.035903475713430194,0.637787093780844,0.7703501473645764,0.7044103847356897,0.004377933654346133,0.03610995716085862
VitalDB,0.55,history_MAR,strong,IPAW_design_probability_truncated99,reconstructed,calibration_intercept,300,-0.47584828080879654,0.20577309607555955,-0.865197955476109,-0.058765486276098795,-0.22511057884817762,-0.25073770196061895,0.32414629469235834
VitalDB,0.55,history_MAR,strong,IPAW_design_probability_truncated99,reconstructed,calibration_slope,300,0.6835331412498967,0.10120104100226515,0.49591301249786407,0.881035176701321,0.6581631632744903,0.02536997797540641,0.10416884201501081
VitalDB,0.55,history_MAR,strong,IPAW_design_probability_truncated99,reconstructed,outcome_observed_fraction,300,0.574917695473251,0.025281453248220405,0.5246913580246914,0.6265432098765432,,,
VitalDB,0.55,history_MAR,strong,IPAW_design_probability_truncated99,reconstructed,reconstructed_sensitivity,300,0.6668115942028986,0.0619993546490819,0.5652173913043478,0.7940217391304343,,,
VitalDB,0.55,history_MAR,strong,IPAW_design_probability_truncated99,reconstructed,ess,300,162.63208951197686,7.466311457459999,148.49326836503727,178.00240665630096,324.0,-161.36791048802314,161.53997190384342
VitalDB,0.55,history_MAR,strong,IPAW_design_probability_truncated99,reconstructed,event_rate_se,300,0.020249312543728217,0.0016861304391080462,0.01702915845557753,0.02315995025852981,0.019390267411834264,0.0008590451318939533,0.00188984592232412
VitalDB,0.55,history_MAR,strong,IPAW_design_probability_truncated99,reconstructed,weight_p99,300,3.7349166152118087,0.2209632373289179,3.3146734824538937,4.25256630311464,,,
VitalDB,0.55,history_MAR,strong,IPAW_design_probability_truncated99,reconstructed,weight_max,300,3.757410097131752,0.22198152176269526,3.3427418668962963,4.266550223230309,,,
VitalDB,0.55,history_MAR,strong,IPAW_design_probability_truncated99,reconstructed,event_rate_interval_coverage,300,0.7066666666666667,,,,,,
VitalDB,0.55,history_MAR,strong,IPAW_design_probability_untruncated,reconstructed,event_rate,300,0.11220867155530695,0.013404990820492202,0.08844072426359091,0.13851684947364176,0.1419753086419753,-0.02976663708666835,0.032636597296346756
VitalDB,0.55,history_MAR,strong,IPAW_design_probability_untruncated,reconstructed,oe,300,1.1234952456335134,0.13362740641548107,0.8835504368223667,1.3841712675799975,1.4167750646420612,-0.2932798190085477,0.3221953057342657
VitalDB,0.55,history_MAR,strong,IPAW_design_probability_untruncated,reconstructed,brier,300,0.08941088928504413,0.010887677327810994,0.06964089369789705,0.11098749225681559,0.11053590028892503,-0.021125011003880895,0.023757366628408896
VitalDB,0.55,history_MAR,strong,IPAW_design_probability_untruncated,reconstructed,auc,300,0.7083047777134022,0.03598671287775613,0.6372710579384882,0.770231998413841,0.7044103847356897,0.0038943929777124353,0.036137141402326795
VitalDB,0.55,history_MAR,strong,IPAW_design_probability_untruncated,reconstructed,calibration_intercept,300,-0.4801938560727284,0.2063609135674621,-0.8690950348823668,-0.05902763385661003,-0.22511057884817762,-0.2550832772245508,0.32788771789417986
VitalDB,0.55,history_MAR,strong,IPAW_design_probability_untruncated,reconstructed,calibration_slope,300,0.6831481021982677,0.10142561929077624,0.49578824977743047,0.8817049134137409,0.6581631632744903,0.0249849389237774,0.1042933981645721
VitalDB,0.55,history_MAR,strong,IPAW_design_probability_untruncated,reconstructed,outcome_observed_fraction,300,0.574917695473251,0.025281453248220405,0.5246913580246914,0.6265432098765432,,,
VitalDB,0.55,history_MAR,strong,IPAW_design_probability_untruncated,reconstructed,reconstructed_sensitivity,300,0.6668115942028986,0.0619993546490819,0.5652173913043478,0.7940217391304343,,,
VitalDB,0.55,history_MAR,strong,IPAW_design_probability_untruncated,reconstructed,ess,300,161.83923158796358,7.459701720592073,147.2368553359435,177.00217867931624,324.0,-162.16076841203642,162.33168659027453
VitalDB,0.55,history_MAR,strong,IPAW_design_probability_untruncated,reconstructed,event_rate_se,300,0.020217459041680843,0.00168568231216204,0.017000615135106204,0.023103315224474695,0.019390267411834264,0.0008271916298465791,0.0018751797515169262
VitalDB,0.55,history_MAR,strong,IPAW_design_probability_untruncated,reconstructed,weight_p99,300,3.757410097131752,0.22198152176269526,3.3427418668962963,4.266550223230309,,,
VitalDB,0.55,history_MAR,strong,IPAW_design_probability_untruncated,reconstructed,weight_max,300,4.373735513987908,0.6100057016037029,3.5872416836456438,6.621575428776139,,,
VitalDB,0.55,history_MAR,strong,IPAW_design_probability_untruncated,reconstructed,event_rate_interval_coverage,300,0.7033333333333334,,,,,,
VitalDB,0.55,history_MAR,strong,full_reference,full,event_rate,300,0.1419753086419753,0.0,0.1419753086419753,0.1419753086419753,0.1419753086419753,0.0,0.0
VitalDB,0.55,history_MAR,strong,full_reference,full,oe,300,1.4167750646420616,4.448312140598118e-16,1.4167750646420612,1.4167750646420612,1.4167750646420612,4.440892098500626e-16,0.0
VitalDB,0.55,history_MAR,strong,full_reference,full,brier,300,0.11053590028892503,0.0,0.11053590028892503,0.11053590028892503,0.11053590028892503,0.0,0.0
VitalDB,0.55,history_MAR,strong,full_reference,full,auc,300,0.7044103847356897,0.0,0.7044103847356897,0.7044103847356897,0.7044103847356897,0.0,0.0
VitalDB,0.55,history_MAR,strong,full_reference,full,calibration_intercept,300,-0.2251105788481776,2.7801950878738235e-17,-0.22511057884817762,-0.22511057884817762,-0.22511057884817762,2.7755575615628914e-17,0.0
VitalDB,0.55,history_MAR,strong,full_reference,full,calibration_slope,300,0.6581631632744902,1.1120780351495294e-16,0.6581631632744903,0.6581631632744903,0.6581631632744903,-1.1102230246251565e-16,0.0
VitalDB,0.55,history_MAR,strong,full_reference,full,outcome_observed_fraction,300,0.574917695473251,0.025281453248220405,0.5246913580246914,0.6265432098765432,,,
VitalDB,0.55,history_MAR,strong,full_reference,full,reconstructed_sensitivity,300,0.6668115942028986,0.0619993546490819,0.5652173913043478,0.7940217391304343,,,
VitalDB,0.55,history_MAR,strong,full_reference,full,ess,300,324.0,0.0,324.0,324.0,324.0,0.0,0.0
VitalDB,0.55,history_MAR,strong,full_reference,full,event_rate_se,300,0.01939026741183426,3.475243859842279e-18,0.019390267411834264,0.019390267411834264,0.019390267411834264,-3.469446951953614e-18,0.0
VitalDB,0.55,history_MAR,strong,full_reference,full,event_rate_interval_coverage,300,1.0,,,,,,
VitalDB,0.55,history_MAR,strong,naive,reconstructed,event_rate,300,0.16804960728099239,0.01584912400795731,0.14138637685758104,0.19837681545242106,0.1419753086419753,0.026074298639017085,0.03049961418712579
VitalDB,0.55,history_MAR,strong,naive,reconstructed,oe,300,1.3858533733345209,0.1304405378123905,1.1474338815204241,1.641541862333169,1.4167750646420612,-0.0309216913075403,0.13384382360954086
VitalDB,0.55,history_MAR,strong,naive,reconstructed,brier,300,0.12456535930975013,0.012324510179974093,0.10154436786533903,0.14849169135595439,0.11053590028892503,0.0140294590208251,0.01866046515379618
VitalDB,0.55,history_MAR,strong,naive,reconstructed,auc,300,0.714081130380031,0.030032035218593534,0.65392578125,0.7668056685490182,0.7044103847356897,0.009670745644341228,0.03150301652578395
VitalDB,0.55,history_MAR,strong,naive,reconstructed,calibration_intercept,300,-0.20403624480812554,0.1800175325930602,-0.5528599095026727,0.15313098803743375,-0.22511057884817762,0.021074334040052073,0.18094866276374877
VitalDB,0.55,history_MAR,strong,naive,reconstructed,calibration_slope,300,0.6366506268912508,0.08590359934632404,0.49454785820844444,0.8186319336796433,0.6581631632744903,-0.021512536383239467,0.08841730321431314
VitalDB,0.55,history_MAR,strong,naive,reconstructed,outcome_observed_fraction,300,0.574917695473251,0.025281453248220405,0.5246913580246914,0.6265432098765432,,,
VitalDB,0.55,history_MAR,strong,naive,reconstructed,reconstructed_sensitivity,300,0.6668115942028986,0.0619993546490819,0.5652173913043478,0.7940217391304343,,,
VitalDB,0.55,history_MAR,strong,naive,reconstructed,ess,300,186.27333333333334,8.191190852423412,170.0,203.0,324.0,-137.72666666666666,137.96922362130863
VitalDB,0.55,history_MAR,strong,naive,reconstructed,event_rate_se,300,0.02737843490439626,0.0013341880731424817,0.024582659387432208,0.02992373701824725,0.019390267411834264,0.007988167492561996,0.00809845319661054
VitalDB,0.55,history_MAR,strong,naive,reconstructed,event_rate_interval_coverage,300,0.9766666666666667,,,,,,
VitalDB,0.55,history_MAR,strong,recalibration_intercept_apparent,reconstructed,event_rate,300,0.16804960728099239,0.01584912400795731,0.14138637685758104,0.19837681545242106,,,
VitalDB,0.55,history_MAR,strong,recalibration_intercept_apparent,reconstructed,oe,300,0.9991896305332307,0.02793347086630125,0.9348298571250496,1.05467884351979,1.0,-0.0008103694667692674,0.027898648067526694
VitalDB,0.55,history_MAR,strong,recalibration_intercept_apparent,reconstructed,brier,300,0.1272226586241664,0.012529973173200674,0.10305296360022442,0.14985273880829306,,,
VitalDB,0.55,history_MAR,strong,recalibration_intercept_apparent,reconstructed,auc,300,0.6994963810561869,0.03517030818820297,0.6315697958311716,0.7579670791739576,,,
VitalDB,0.55,history_MAR,strong,recalibration_intercept_apparent,reconstructed,calibration_intercept,300,-0.584429946559128,0.14605643348900862,-0.9168178056444269,-0.32417758268486263,0.0,-0.584429946559128,0.6023451966489726
VitalDB,0.55,history_MAR,strong,recalibration_intercept_apparent,reconstructed,calibration_slope,300,0.5891719246398549,0.09734562784277676,0.4065269429165271,0.7674256793359813,1.0,-0.4108280753601451,0.4221661894641633
VitalDB,0.55,history_MAR,strong,recalibration_intercept_apparent,reconstructed,outcome_observed_fraction,300,0.574917695473251,0.025281453248220405,0.5246913580246914,0.6265432098765432,,,
VitalDB,0.55,history_MAR,strong,recalibration_intercept_apparent,reconstructed,reconstructed_sensitivity,300,0.6668115942028986,0.0619993546490819,0.5652173913043478,0.7940217391304343,,,
VitalDB,0.55,history_MAR,strong,recalibration_intercept_apparent,reconstructed,ess,300,186.27333333333334,8.191190852423412,170.0,203.0,,,
VitalDB,0.55,history_MAR,strong,recalibration_intercept_apparent,reconstructed,event_rate_se,300,0.02737843490439626,0.0013341880731424817,0.024582659387432208,0.02992373701824725,,,
VitalDB,0.55,history_MAR,strong,recalibration_intercept_slope_apparent,reconstructed,event_rate,300,0.16804960728099239,0.01584912400795731,0.14138637685758104,0.19837681545242106,,,
VitalDB,0.55,history_MAR,strong,recalibration_intercept_slope_apparent,reconstructed,oe,300,1.0051191341831032,0.04069097648021978,0.9261078575630101,1.0884618545049787,1.0,0.005119134183103169,0.04094437588332942
VitalDB,0.55,history_MAR,strong,recalibration_intercept_slope_apparent,reconstructed,brier,300,0.12708982625868614,0.01220330338702253,0.10415987027514026,0.15051536408341304,,,
VitalDB,0.55,history_MAR,strong,recalibration_intercept_slope_apparent,reconstructed,auc,300,0.6826242807300092,0.04410666587387196,0.5873042688735414,0.7578029504047694,,,
VitalDB,0.55,history_MAR,strong,recalibration_intercept_slope_apparent,reconstructed,calibration_intercept,300,-0.34618378213339146,0.3112183479372829,-1.116551623134152,0.025330285173090786,0.0,-0.34618378213339146,0.46516364314580927
VitalDB,0.55,history_MAR,strong,recalibration_intercept_slope_apparent,reconstructed,calibration_slope,300,0.763576919619193,0.1987760760779323,0.2865875703826865,1.0069869399722107,1.0,-0.23642308038080695,0.3086682603210437
VitalDB,0.55,history_MAR,strong,recalibration_intercept_slope_apparent,reconstructed,outcome_observed_fraction,300,0.574917695473251,0.025281453248220405,0.5246913580246914,0.6265432098765432,,,
VitalDB,0.55,history_MAR,strong,recalibration_intercept_slope_apparent,reconstructed,reconstructed_sensitivity,300,0.6668115942028986,0.0619993546490819,0.5652173913043478,0.7940217391304343,,,
VitalDB,0.55,history_MAR,strong,recalibration_intercept_slope_apparent,reconstructed,ess,300,186.27333333333334,8.191190852423412,170.0,203.0,,,
VitalDB,0.55,history_MAR,strong,recalibration_intercept_slope_apparent,reconstructed,event_rate_se,300,0.02737843490439626,0.0013341880731424817,0.024582659387432208,0.02992373701824725,,,
VitalDB,0.55,history_MAR,strong,recalibration_intercept_slope_truth,full,event_rate,300,0.1419753086419753,0.0,0.1419753086419753,0.1419753086419753,,,
VitalDB,0.55,history_MAR,strong,recalibration_intercept_slope_truth,full,oe,300,0.955584689018855,0.10421567353939855,0.7817526906388648,1.1672219938069788,1.0,-0.04441531098114504,0.11312569751734021
VitalDB,0.55,history_MAR,strong,recalibration_intercept_slope_truth,full,brier,300,0.11266039396929604,0.003609369081967265,0.10878740514235057,0.12150611057806347,,,
VitalDB,0.55,history_MAR,strong,recalibration_intercept_slope_truth,full,auc,300,0.6794815451986238,0.02486841646017747,0.6138665154832655,0.708562715045355,,,
VitalDB,0.55,history_MAR,strong,recalibration_intercept_slope_truth,full,calibration_intercept,300,-0.3420731453888618,0.33744495671193203,-1.0600891965505073,0.1888053849452242,0.0,-0.3420731453888618,0.4801078753195432
VitalDB,0.55,history_MAR,strong,recalibration_intercept_slope_truth,full,calibration_slope,300,0.8303059029184711,0.2134569219816924,0.3836982279487718,1.2185162949099235,1.0,-0.16969409708152894,0.27241157207628686
VitalDB,0.55,history_MAR,strong,recalibration_intercept_slope_truth,full,outcome_observed_fraction,300,0.574917695473251,0.025281453248220405,0.5246913580246914,0.6265432098765432,,,
VitalDB,0.55,history_MAR,strong,recalibration_intercept_slope_truth,full,reconstructed_sensitivity,300,0.6668115942028986,0.0619993546490819,0.5652173913043478,0.7940217391304343,,,
VitalDB,0.55,history_MAR,strong,recalibration_intercept_slope_truth,full,ess,300,324.0,0.0,324.0,324.0,,,
VitalDB,0.55,history_MAR,strong,recalibration_intercept_slope_truth,full,event_rate_se,300,0.01939026741183426,3.475243859842279e-18,0.019390267411834264,0.019390267411834264,,,
VitalDB,0.55,history_MAR,strong,recalibration_intercept_truth,full,event_rate,300,0.1419753086419753,0.0,0.1419753086419753,0.1419753086419753,,,
VitalDB,0.55,history_MAR,strong,recalibration_intercept_truth,full,oe,300,1.0030465789477894,0.10615508929754848,0.8221234030536632,1.2078049546825103,1.0,0.003046578947789369,0.10602179783945236
VitalDB,0.55,history_MAR,strong,recalibration_intercept_truth,full,brier,300,0.11242208172746933,0.002905541525475134,0.10982390372162161,0.12097899778084412,,,
VitalDB,0.55,history_MAR,strong,recalibration_intercept_truth,full,auc,300,0.6937428318214993,0.017388704510681127,0.6504242258367219,0.7104512042539881,,,
VitalDB,0.55,history_MAR,strong,recalibration_intercept_truth,full,calibration_intercept,300,-0.617667002072411,0.12903621592852849,-0.8860233747108343,-0.3953602314733546,0.0,-0.617667002072411,0.6309575019921732
VitalDB,0.55,history_MAR,strong,recalibration_intercept_truth,full,calibration_slope,300,0.6174928345128893,0.059410554965181335,0.4773164697118202,0.6658742564739609,1.0,-0.3825071654871107,0.38707826122131583
VitalDB,0.55,history_MAR,strong,recalibration_intercept_truth,full,outcome_observed_fraction,300,0.574917695473251,0.025281453248220405,0.5246913580246914,0.6265432098765432,,,
VitalDB,0.55,history_MAR,strong,recalibration_intercept_truth,full,reconstructed_sensitivity,300,0.6668115942028986,0.0619993546490819,0.5652173913043478,0.7940217391304343,,,
VitalDB,0.55,history_MAR,strong,recalibration_intercept_truth,full,ess,300,324.0,0.0,324.0,324.0,,,
VitalDB,0.55,history_MAR,strong,recalibration_intercept_truth,full,event_rate_se,300,0.01939026741183426,3.475243859842279e-18,0.019390267411834264,0.019390267411834264,,,
VitalDB,0.55,history_MAR,strong,reference_05pct_recalibration,full_heldout,event_rate,297,0.14269680936347603,0.005855861492399109,0.1326530612244898,0.15306122448979592,,,
VitalDB,0.55,history_MAR,strong,reference_05pct_recalibration,full_heldout,oe,297,1.6163919191449827,3.025596231748971,0.5391456662397514,4.730892006092887,1.0,0.6163919191449827,3.0827502694375233
VitalDB,0.55,history_MAR,strong,reference_05pct_recalibration,full_heldout,brier,297,0.12180966302868522,0.01419983048307853,0.10747438051538681,0.1574569060496614,,,
VitalDB,0.55,history_MAR,strong,reference_05pct_recalibration,full_heldout,auc,297,0.6619864555521925,0.12117798926215108,0.27038926681783826,0.7248673469046496,,,
VitalDB,0.55,history_MAR,strong,reference_05pct_recalibration,full_heldout,calibration_intercept,297,1.2957222824245767,21.228661059371184,-8.968890435237,14.656629926551249,0.0,1.2957222824245767,21.232465381294404
VitalDB,0.55,history_MAR,strong,reference_05pct_recalibration,full_heldout,calibration_slope,297,1.6678895227413235,10.48400677608129,-3.620195723360416,7.521232420048009,1.0,0.6678895227413235,10.487630444818574
VitalDB,0.55,history_MAR,strong,reference_05pct_recalibration,full_heldout,outcome_observed_fraction,297,0.5749989608014299,0.025384373039985093,0.5246913580246914,0.6265432098765432,,,
VitalDB,0.55,history_MAR,strong,reference_05pct_recalibration,full_heldout,reconstructed_sensitivity,297,0.6671058410188846,0.06208033359282288,0.5652173913043478,0.7956521739130428,,,
VitalDB,0.55,history_MAR,strong,reference_05pct_recalibration,full_heldout,ess,297,294.0,0.0,294.0,294.0,,,
VitalDB,0.55,history_MAR,strong,reference_05pct_recalibration,full_heldout,event_rate_se,297,0.020392754964937525,0.00035102615618733774,0.019782510190303478,0.020998338616454712,,,
VitalDB,0.55,history_MAR,strong,reference_05pct_recalibration,full_heldout,reference_sample_n,297,30.0,0.0,30.0,30.0,,,
VitalDB,0.55,history_MAR,strong,reference_05pct_recalibration,full_heldout,evaluation_n,297,294.0,0.0,294.0,294.0,,,
VitalDB,0.55,history_MAR,strong,reference_10pct_recalibration,full_heldout,event_rate,298,0.14286537973661753,0.006083796314977712,0.13058419243986255,0.15463917525773196,,,
VitalDB,0.55,history_MAR,strong,reference_10pct_recalibration,full_heldout,oe,298,1.5859090989902433,3.081537798490277,0.5481549409044153,4.751438873361191,1.0,0.5859090989902433,3.13166079305724
VitalDB,0.55,history_MAR,strong,reference_10pct_recalibration,full_heldout,brier,298,0.12152559800764713,0.013751687882467334,0.1075077384895864,0.15654769929235846,,,
VitalDB,0.55,history_MAR,strong,reference_10pct_recalibration,full_heldout,auc,298,0.6674166312976498,0.11381610116295973,0.26930455843740564,0.726814145920485,,,
VitalDB,0.55,history_MAR,strong,reference_10pct_recalibration,full_heldout,calibration_intercept,298,0.7946127008532634,27.990736941109937,-8.416846977870875,13.847538043869697,0.0,0.7946127008532634,27.955028738827504
VitalDB,0.55,history_MAR,strong,reference_10pct_recalibration,full_heldout,calibration_slope,298,1.554057154787888,12.822655848209521,-2.785524910058272,7.329377047940694,1.0,0.5540571547878881,12.813107963254879
VitalDB,0.55,history_MAR,strong,reference_10pct_recalibration,full_heldout,outcome_observed_fraction,298,0.5750062142679592,0.02534191171597484,0.5246913580246914,0.6265432098765432,,,
VitalDB,0.55,history_MAR,strong,reference_10pct_recalibration,full_heldout,reconstructed_sensitivity,298,0.6669827837758974,0.062012128940382875,0.5652173913043478,0.7951086956521737,,,
VitalDB,0.55,history_MAR,strong,reference_10pct_recalibration,full_heldout,ess,298,291.0,0.0,291.0,291.0,,,
VitalDB,0.55,history_MAR,strong,reference_10pct_recalibration,full_heldout,event_rate_se,298,0.02050724381844491,0.000365684178497167,0.019752068152595607,0.021195044218573513,,,
VitalDB,0.55,history_MAR,strong,reference_10pct_recalibration,full_heldout,reference_sample_n,298,33.0,0.0,33.0,33.0,,,
VitalDB,0.55,history_MAR,strong,reference_10pct_recalibration,full_heldout,evaluation_n,298,291.0,0.0,291.0,291.0,,,
VitalDB,0.55,history_MAR,strong,reference_20pct_recalibration,full_heldout,event_rate,300,0.14319176319176316,0.009036245133108743,0.1274131274131274,0.16032818532818524,,,
VitalDB,0.55,history_MAR,strong,reference_20pct_recalibration,full_heldout,oe,300,1.152909523890095,0.4259156484210105,0.629023203273212,2.203546000682161,1.0,0.15290952389009504,0.4518636759034216
VitalDB,0.55,history_MAR,strong,reference_20pct_recalibration,full_heldout,brier,300,0.11535152248051131,0.008512961385392764,0.10427319145586103,0.13774174468866296,,,
VitalDB,0.55,history_MAR,strong,reference_20pct_recalibration,full_heldout,auc,300,0.6926221081175169,0.06658959164636566,0.6443040319909138,0.7462128309844116,,,
VitalDB,0.55,history_MAR,strong,reference_20pct_recalibration,full_heldout,calibration_intercept,300,0.5818076574433636,10.301871627405632,-1.3237829047519618,7.301895145578625,0.0,0.5818076574433636,10.301130875509724
VitalDB,0.55,history_MAR,strong,reference_20pct_recalibration,full_heldout,calibration_slope,300,1.247217297932094,4.527703679707853,0.2462399556558462,4.998270451451493,1.0,0.2472172979320939,4.526906596665404
VitalDB,0.55,history_MAR,strong,reference_20pct_recalibration,full_heldout,outcome_observed_fraction,300,0.574917695473251,0.025281453248220405,0.5246913580246914,0.6265432098765432,,,
VitalDB,0.55,history_MAR,strong,reference_20pct_recalibration,full_heldout,reconstructed_sensitivity,300,0.6668115942028986,0.0619993546490819,0.5652173913043478,0.7940217391304343,,,
VitalDB,0.55,history_MAR,strong,reference_20pct_recalibration,full_heldout,ess,300,259.0,0.0,259.0,259.0,,,
VitalDB,0.55,history_MAR,strong,reference_20pct_recalibration,full_heldout,event_rate_se,300,0.02174981095217234,0.0005753251872265239,0.020718654267498027,0.022798102543760846,,,
VitalDB,0.55,history_MAR,strong,reference_20pct_recalibration,full_heldout,reference_sample_n,300,65.0,0.0,65.0,65.0,,,
VitalDB,0.55,history_MAR,strong,reference_20pct_recalibration,full_heldout,evaluation_n,300,259.0,0.0,259.0,259.0,,,
VitalDB,0.55,history_MAR,strong,reference_30pct_recalibration,full_heldout,event_rate,300,0.14272861356932154,0.011879644655429043,0.11946902654867257,0.168141592920354,,,
VitalDB,0.55,history_MAR,strong,reference_30pct_recalibration,full_heldout,oe,300,1.0869144414941077,0.3297336192995548,0.6419012227184278,1.9782672124035874,1.0,0.08691444149410765,0.3404643382758736
VitalDB,0.55,history_MAR,strong,reference_30pct_recalibration,full_heldout,brier,300,0.11303699408623072,0.009086327321610228,0.09856832808736227,0.13299600910142922,,,
VitalDB,0.55,history_MAR,strong,reference_30pct_recalibration,full_heldout,auc,300,0.7014852843154161,0.02907419469182433,0.6448060604211864,0.7599433713569838,,,
VitalDB,0.55,history_MAR,strong,reference_30pct_recalibration,full_heldout,calibration_intercept,300,0.36587459874761774,1.7828785044017232,-1.0454599732296097,3.851479134861143,0.0,0.36587459874761774,1.8171198266106714
VitalDB,0.55,history_MAR,strong,reference_30pct_recalibration,full_heldout,calibration_slope,300,1.175846483816365,0.9880830343925606,0.37210802113875513,3.1511073262024945,1.0,0.17584648381636492,1.00198588236003
VitalDB,0.55,history_MAR,strong,reference_30pct_recalibration,full_heldout,outcome_observed_fraction,300,0.574917695473251,0.025281453248220405,0.5246913580246914,0.6265432098765432,,,
VitalDB,0.55,history_MAR,strong,reference_30pct_recalibration,full_heldout,reconstructed_sensitivity,300,0.6668115942028986,0.0619993546490819,0.5652173913043478,0.7940217391304343,,,
VitalDB,0.55,history_MAR,strong,reference_30pct_recalibration,full_heldout,ess,300,226.0,0.0,226.0,226.0,,,
VitalDB,0.55,history_MAR,strong,reference_30pct_recalibration,full_heldout,event_rate_se,300,0.02324068353979102,0.0008085699252793735,0.021574749482665086,0.024877576146280455,,,
VitalDB,0.55,history_MAR,strong,reference_30pct_recalibration,full_heldout,reference_sample_n,300,98.0,0.0,98.0,98.0,,,
VitalDB,0.55,history_MAR,strong,reference_30pct_recalibration,full_heldout,evaluation_n,300,226.0,0.0,226.0,226.0,,,
VitalDB,0.55,history_MAR,weak,AIPW_design_probability,reconstructed,event_rate,300,0.11436908089321056,0.013847931717263623,0.08603770239262312,0.13975513816286247,0.1419753086419753,-0.02760622774876474,0.030874419929555124
VitalDB,0.55,history_MAR,weak,AIPW_design_probability,reconstructed,oe,300,1.141291845218961,0.13818884805779885,0.8585723287726963,1.3946199293291064,1.4167750646420612,-0.27548321942310006,0.30809658883565305
VitalDB,0.55,history_MAR,weak,AIPW_design_probability,reconstructed,outcome_observed_fraction,300,0.5895987654320988,0.025669849763399904,0.5401234567901234,0.6388888888888888,,,
VitalDB,0.55,history_MAR,weak,AIPW_design_probability,reconstructed,reconstructed_sensitivity,300,0.6434782608695652,0.0620504901077062,0.5,0.7608695652173914,,,
VitalDB,0.55,history_MAR,weak,AIPW_design_probability,reconstructed,ess,300,172.52340555069458,7.731983623030189,157.6829260519264,186.8681592359109,324.0,-151.47659444930542,151.67314514487066
VitalDB,0.55,history_MAR,weak,AIPW_design_probability,reconstructed,event_rate_se,300,0.020859829020307346,0.0014204257159982044,0.017890797273549346,0.023565234292999535,0.019390267411834264,0.0014695616084730821,0.002042179025383941
VitalDB,0.55,history_MAR,weak,AIPW_design_probability,reconstructed,event_rate_interval_coverage,300,0.8233333333333334,,,,,,
VitalDB,0.55,history_MAR,weak,Gamma2_prediction_sensitivity_region,full,event_rate,300,0.12666844568418892,0.009026826892129245,0.10665483100796005,0.14348188328665892,0.1419753086419753,-0.015306862957786382,0.01776265873501073
VitalDB,0.55,history_MAR,weak,Gamma2_prediction_sensitivity_region,full,outcome_observed_fraction,300,0.5895987654320988,0.025669849763399904,0.5401234567901234,0.6388888888888888,,,
VitalDB,0.55,history_MAR,weak,Gamma2_prediction_sensitivity_region,full,reconstructed_sensitivity,300,0.6434782608695652,0.0620504901077062,0.5,0.7608695652173914,,,
VitalDB,0.55,history_MAR,weak,Gamma2_prediction_sensitivity_region,full,MNAR_event_rate_coverage,300,0.5866666666666667,,,,,,
VitalDB,0.55,history_MAR,weak,IPAW_design_probability_truncated99,reconstructed,event_rate,300,0.11404829313423108,0.014346616894859169,0.08386817211114798,0.1413787441147687,0.1419753086419753,-0.02792701550774422,0.03138562611732561
VitalDB,0.55,history_MAR,weak,IPAW_design_probability_truncated99,reconstructed,oe,300,1.1440010027681853,0.1408670331359816,0.8609689581769082,1.4122298465787764,1.4167750646420612,-0.2727740618738759,0.30689259486932075
VitalDB,0.55,history_MAR,weak,IPAW_design_probability_truncated99,reconstructed,brier,300,0.09090982616348836,0.011683186367637481,0.06674672462342408,0.1120856714614609,0.11053590028892503,-0.01962607412543667,0.022830344714854428
VitalDB,0.55,history_MAR,weak,IPAW_design_probability_truncated99,reconstructed,auc,300,0.7071443600637224,0.038457531882622194,0.6349342937294172,0.7831013317338977,0.7044103847356897,0.002733975328032656,0.03849060197505599
VitalDB,0.55,history_MAR,weak,IPAW_design_probability_truncated99,reconstructed,calibration_intercept,300,-0.47398311512478064,0.2187534000758466,-0.8866257861483913,-0.043350885267716396,-0.22511057884817762,-0.24887253627660302,0.33110584288211625
VitalDB,0.55,history_MAR,weak,IPAW_design_probability_truncated99,reconstructed,calibration_slope,300,0.6761546180961225,0.11231114745505132,0.4866448196735592,0.9237979705750183,0.6581631632744903,0.017991454821632225,0.11355809222505257
VitalDB,0.55,history_MAR,weak,IPAW_design_probability_truncated99,reconstructed,outcome_observed_fraction,300,0.5895987654320988,0.025669849763399904,0.5401234567901234,0.6388888888888888,,,
VitalDB,0.55,history_MAR,weak,IPAW_design_probability_truncated99,reconstructed,reconstructed_sensitivity,300,0.6434782608695652,0.0620504901077062,0.5,0.7608695652173914,,,
VitalDB,0.55,history_MAR,weak,IPAW_design_probability_truncated99,reconstructed,ess,300,172.89482384731068,7.7295863240632094,158.17460599442177,187.43117098067523,324.0,-151.10517615268932,151.3020872620752
VitalDB,0.55,history_MAR,weak,IPAW_design_probability_truncated99,reconstructed,event_rate_se,300,0.020675120293574073,0.0017254835842739266,0.017441696794511335,0.024301453952291007,0.019390267411834264,0.0012848528817398092,0.002149003540089038
VitalDB,0.55,history_MAR,weak,IPAW_design_probability_truncated99,reconstructed,weight_p99,300,3.3425771153834694,0.13116693101788088,3.0536320365758436,3.5302879861901495,,,
VitalDB,0.55,history_MAR,weak,IPAW_design_probability_truncated99,reconstructed,weight_max,300,3.35331617443422,0.12868087295197195,3.0697128416177706,3.5647800595950727,,,
VitalDB,0.55,history_MAR,weak,IPAW_design_probability_truncated99,reconstructed,event_rate_interval_coverage,300,0.7866666666666666,,,,,,
VitalDB,0.55,history_MAR,weak,IPAW_design_probability_untruncated,reconstructed,event_rate,300,0.1139035337903038,0.014328825675797713,0.08378477758161797,0.14119745308008214,0.1419753086419753,-0.028071774851671505,0.031506434333632725
VitalDB,0.55,history_MAR,weak,IPAW_design_probability_untruncated,reconstructed,oe,300,1.1422768441180036,0.14087245075550342,0.8584725275913514,1.4116799374919984,1.4167750646420612,-0.2744982205240576,0.30842854974012435
VitalDB,0.55,history_MAR,weak,IPAW_design_probability_untruncated,reconstructed,brier,300,0.09082136559889248,0.011666091877808399,0.06671695652635637,0.1119774417684863,0.11053590028892503,-0.01971453469003255,0.022897749207006338
VitalDB,0.55,history_MAR,weak,IPAW_design_probability_untruncated,reconstructed,auc,300,0.706948927960921,0.03846366966834501,0.6345809996184236,0.782630723057578,0.7044103847356897,0.0025385432252312823,0.03848332850877221
VitalDB,0.55,history_MAR,weak,IPAW_design_probability_untruncated,reconstructed,calibration_intercept,300,-0.4764024972672028,0.21900436507454782,-0.8883409051119486,-0.04987011789687932,-0.22511057884817762,-0.2512919184190252,0.333092575437141
VitalDB,0.55,history_MAR,weak,IPAW_design_probability_untruncated,reconstructed,calibration_slope,300,0.6758865819532999,0.1123082689232627,0.486115268647326,0.9227131624090762,0.6581631632744903,0.017723418678809555,0.11351309622231176
VitalDB,0.55,history_MAR,weak,IPAW_design_probability_untruncated,reconstructed,outcome_observed_fraction,300,0.5895987654320988,0.025669849763399904,0.5401234567901234,0.6388888888888888,,,
VitalDB,0.55,history_MAR,weak,IPAW_design_probability_untruncated,reconstructed,reconstructed_sensitivity,300,0.6434782608695652,0.0620504901077062,0.5,0.7608695652173914,,,
VitalDB,0.55,history_MAR,weak,IPAW_design_probability_untruncated,reconstructed,ess,300,172.52340555069458,7.731983623030189,157.6829260519264,186.8681592359109,324.0,-151.47659444930542,151.67314514487066
VitalDB,0.55,history_MAR,weak,IPAW_design_probability_untruncated,reconstructed,event_rate_se,300,0.020656034908764845,0.0017243142799452452,0.01742780710305735,0.024282016245246566,0.019390267411834264,0.001265767496930581,0.002136706864902685
VitalDB,0.55,history_MAR,weak,IPAW_design_probability_untruncated,reconstructed,weight_p99,300,3.35331617443422,0.12868087295197195,3.0697128416177706,3.5647800595950727,,,
VitalDB,0.55,history_MAR,weak,IPAW_design_probability_untruncated,reconstructed,weight_max,300,3.6606231760705956,0.18940024138881922,3.262733273248949,3.909337493169492,,,
VitalDB,0.55,history_MAR,weak,IPAW_design_probability_untruncated,reconstructed,event_rate_interval_coverage,300,0.7833333333333333,,,,,,
VitalDB,0.55,history_MAR,weak,full_reference,full,event_rate,300,0.1419753086419753,0.0,0.1419753086419753,0.1419753086419753,0.1419753086419753,0.0,0.0
VitalDB,0.55,history_MAR,weak,full_reference,full,oe,300,1.4167750646420616,4.448312140598118e-16,1.4167750646420612,1.4167750646420612,1.4167750646420612,4.440892098500626e-16,0.0
VitalDB,0.55,history_MAR,weak,full_reference,full,brier,300,0.11053590028892503,0.0,0.11053590028892503,0.11053590028892503,0.11053590028892503,0.0,0.0
VitalDB,0.55,history_MAR,weak,full_reference,full,auc,300,0.7044103847356897,0.0,0.7044103847356897,0.7044103847356897,0.7044103847356897,0.0,0.0
VitalDB,0.55,history_MAR,weak,full_reference,full,calibration_intercept,300,-0.2251105788481776,2.7801950878738235e-17,-0.22511057884817762,-0.22511057884817762,-0.22511057884817762,2.7755575615628914e-17,0.0
VitalDB,0.55,history_MAR,weak,full_reference,full,calibration_slope,300,0.6581631632744902,1.1120780351495294e-16,0.6581631632744903,0.6581631632744903,0.6581631632744903,-1.1102230246251565e-16,0.0
VitalDB,0.55,history_MAR,weak,full_reference,full,outcome_observed_fraction,300,0.5895987654320988,0.025669849763399904,0.5401234567901234,0.6388888888888888,,,
VitalDB,0.55,history_MAR,weak,full_reference,full,reconstructed_sensitivity,300,0.6434782608695652,0.0620504901077062,0.5,0.7608695652173914,,,
VitalDB,0.55,history_MAR,weak,full_reference,full,ess,300,324.0,0.0,324.0,324.0,324.0,0.0,0.0
VitalDB,0.55,history_MAR,weak,full_reference,full,event_rate_se,300,0.01939026741183426,3.475243859842279e-18,0.019390267411834264,0.019390267411834264,0.019390267411834264,-3.469446951953614e-18,0.0
VitalDB,0.55,history_MAR,weak,full_reference,full,event_rate_interval_coverage,300,1.0,,,,,,
VitalDB,0.55,history_MAR,weak,naive,reconstructed,event_rate,300,0.15789810561657655,0.016080409759849996,0.12404260503770584,0.18530919410436225,0.1419753086419753,0.01592279697460125,0.022610906872839804
VitalDB,0.55,history_MAR,weak,naive,reconstructed,oe,300,1.3113123374661286,0.1304012078859076,1.0287699285455914,1.552709394086191,1.4167750646420612,-0.10546272717593252,0.16754157769967176
VitalDB,0.55,history_MAR,weak,naive,reconstructed,brier,300,0.11756297093542993,0.012451915703957955,0.09170763629964016,0.13980481939265899,0.11053590028892503,0.0070270706465049015,0.014279814163839237
VitalDB,0.55,history_MAR,weak,naive,reconstructed,auc,300,0.7147353163370874,0.033348067707742714,0.6504575521854934,0.7807099055669939,0.7044103847356897,0.010324931601397691,0.03485671891731825
VitalDB,0.55,history_MAR,weak,naive,reconstructed,calibration_intercept,300,-0.2570313036295765,0.1957060581310034,-0.6323698033523802,0.12726062412599176,-0.22511057884817762,-0.031920724781398874,0.19797000864385553
VitalDB,0.55,history_MAR,weak,naive,reconstructed,calibration_slope,300,0.6516506516302589,0.09844115761413959,0.4957123555044572,0.8612048389888507,0.6581631632744903,-0.006512511644231389,0.0984924977614374
VitalDB,0.55,history_MAR,weak,naive,reconstructed,outcome_observed_fraction,300,0.5895987654320988,0.025669849763399904,0.5401234567901234,0.6388888888888888,,,
VitalDB,0.55,history_MAR,weak,naive,reconstructed,reconstructed_sensitivity,300,0.6434782608695652,0.0620504901077062,0.5,0.7608695652173914,,,
VitalDB,0.55,history_MAR,weak,naive,reconstructed,ess,300,191.03,8.31703132334157,175.0,207.0,324.0,-132.97,133.2289883371233
VitalDB,0.55,history_MAR,weak,naive,reconstructed,event_rate_se,300,0.026360400824687828,0.0013971935191519514,0.023582307801133368,0.029045978332224838,0.019390267411834264,0.006970133412853564,0.007108333303747887
VitalDB,0.55,history_MAR,weak,naive,reconstructed,event_rate_interval_coverage,300,0.9933333333333333,,,,,,
VitalDB,0.55,history_MAR,weak,recalibration_intercept_apparent,reconstructed,event_rate,300,0.15789810561657655,0.016080409759849996,0.12404260503770584,0.18530919410436225,,,
VitalDB,0.55,history_MAR,weak,recalibration_intercept_apparent,reconstructed,oe,300,0.9954739006323355,0.022236776309113904,0.9442477331118322,1.0364214984047884,1.0,-0.00452609936766446,0.022656379867610606
VitalDB,0.55,history_MAR,weak,recalibration_intercept_apparent,reconstructed,brier,300,0.12011998712909891,0.012971356866416687,0.0919515069822731,0.1435848243882515,,,
VitalDB,0.55,history_MAR,weak,recalibration_intercept_apparent,reconstructed,auc,300,0.7024813663927048,0.03812723554921208,0.629825919989314,0.7778050625373267,,,
VitalDB,0.55,history_MAR,weak,recalibration_intercept_apparent,reconstructed,calibration_intercept,300,-0.5816854565888246,0.17067466072300172,-0.8911986330262478,-0.248192890650919,0.0,-0.5816854565888246,0.6061276356955011
VitalDB,0.55,history_MAR,weak,recalibration_intercept_apparent,reconstructed,calibration_slope,300,0.6101923251515189,0.11016178942731253,0.4182593948296509,0.836127838918861,1.0,-0.3898076748484811,0.4050249265840816
VitalDB,0.55,history_MAR,weak,recalibration_intercept_apparent,reconstructed,outcome_observed_fraction,300,0.5895987654320988,0.025669849763399904,0.5401234567901234,0.6388888888888888,,,
VitalDB,0.55,history_MAR,weak,recalibration_intercept_apparent,reconstructed,reconstructed_sensitivity,300,0.6434782608695652,0.0620504901077062,0.5,0.7608695652173914,,,
VitalDB,0.55,history_MAR,weak,recalibration_intercept_apparent,reconstructed,ess,300,191.03,8.31703132334157,175.0,207.0,,,
VitalDB,0.55,history_MAR,weak,recalibration_intercept_apparent,reconstructed,event_rate_se,300,0.026360400824687828,0.0013971935191519514,0.023582307801133368,0.029045978332224838,,,
VitalDB,0.55,history_MAR,weak,recalibration_intercept_slope_apparent,reconstructed,event_rate,300,0.15789810561657655,0.016080409759849996,0.12404260503770584,0.18530919410436225,,,
VitalDB,0.55,history_MAR,weak,recalibration_intercept_slope_apparent,reconstructed,oe,300,1.005262022154429,0.034883783404639164,0.9381326519063292,1.086750591439074,1.0,0.005262022154429058,0.035220888129443025
VitalDB,0.55,history_MAR,weak,recalibration_intercept_slope_apparent,reconstructed,brier,300,0.11992448419470468,0.012462745864797509,0.09441623340154795,0.14477199461968465,,,
VitalDB,0.55,history_MAR,weak,recalibration_intercept_slope_apparent,reconstructed,auc,300,0.6877720259757266,0.04461143852473015,0.5862449796649142,0.769685329235891,,,
VitalDB,0.55,history_MAR,weak,recalibration_intercept_slope_apparent,reconstructed,calibration_intercept,300,-0.320176458185263,0.2951434765328627,-1.0589053632577135,0.057981453168402294,0.0,-0.320176458185263,0.4351232820057985
VitalDB,0.55,history_MAR,weak,recalibration_intercept_slope_apparent,reconstructed,calibration_slope,300,0.7908424557550154,0.1821376991122714,0.32358983019183046,1.011546306369003,1.0,-0.20915754424498456,0.27714696332640065
VitalDB,0.55,history_MAR,weak,recalibration_intercept_slope_apparent,reconstructed,outcome_observed_fraction,300,0.5895987654320988,0.025669849763399904,0.5401234567901234,0.6388888888888888,,,
VitalDB,0.55,history_MAR,weak,recalibration_intercept_slope_apparent,reconstructed,reconstructed_sensitivity,300,0.6434782608695652,0.0620504901077062,0.5,0.7608695652173914,,,
VitalDB,0.55,history_MAR,weak,recalibration_intercept_slope_apparent,reconstructed,ess,300,191.03,8.31703132334157,175.0,207.0,,,
VitalDB,0.55,history_MAR,weak,recalibration_intercept_slope_apparent,reconstructed,event_rate_se,300,0.026360400824687828,0.0013971935191519514,0.023582307801133368,0.029045978332224838,,,
VitalDB,0.55,history_MAR,weak,recalibration_intercept_slope_truth,full,event_rate,300,0.1419753086419753,0.0,0.1419753086419753,0.1419753086419753,,,
VitalDB,0.55,history_MAR,weak,recalibration_intercept_slope_truth,full,oe,300,1.0222056692449955,0.11916403421474335,0.8343955251597327,1.3256475537699144,1.0,0.022205669244995452,0.12101993736618862
VitalDB,0.55,history_MAR,weak,recalibration_intercept_slope_truth,full,brier,300,0.11195674680106378,0.0032333910012123553,0.10862264354246995,0.12018675909675675,,,
VitalDB,0.55,history_MAR,weak,recalibration_intercept_slope_truth,full,auc,300,0.683366697945991,0.02179268180136128,0.6234223490772599,0.7077025336252737,,,
VitalDB,0.55,history_MAR,weak,recalibration_intercept_slope_truth,full,calibration_intercept,300,-0.2557979209559745,0.31978363420793793,-0.942941072515188,0.30726724536074235,0.0,-0.2557979209559745,0.40908834884852335
VitalDB,0.55,history_MAR,weak,recalibration_intercept_slope_truth,full,calibration_slope,300,0.8392964949809736,0.19436973705835411,0.41282458108174497,1.1900930715323832,1.0,-0.16070350501902642,0.2519509460733448
VitalDB,0.55,history_MAR,weak,recalibration_intercept_slope_truth,full,outcome_observed_fraction,300,0.5895987654320988,0.025669849763399904,0.5401234567901234,0.6388888888888888,,,
VitalDB,0.55,history_MAR,weak,recalibration_intercept_slope_truth,full,reconstructed_sensitivity,300,0.6434782608695652,0.0620504901077062,0.5,0.7608695652173914,,,
VitalDB,0.55,history_MAR,weak,recalibration_intercept_slope_truth,full,ess,300,324.0,0.0,324.0,324.0,,,
VitalDB,0.55,history_MAR,weak,recalibration_intercept_slope_truth,full,event_rate_se,300,0.01939026741183426,3.475243859842279e-18,0.019390267411834264,0.019390267411834264,,,
VitalDB,0.55,history_MAR,weak,recalibration_intercept_truth,full,event_rate,300,0.1419753086419753,0.0,0.1419753086419753,0.1419753086419753,,,
VitalDB,0.55,history_MAR,weak,recalibration_intercept_truth,full,oe,300,1.065178672226066,0.12233787379478345,0.873907642509874,1.375086717835023,1.0,0.0651786722260661,0.13843744493416235
VitalDB,0.55,history_MAR,weak,recalibration_intercept_truth,full,brier,300,0.11175773158753159,0.0023680640010291785,0.1096133943327604,0.11885937117015127,,,
VitalDB,0.55,history_MAR,weak,recalibration_intercept_truth,full,auc,300,0.6953959441142737,0.013590389768571761,0.6573154519862372,0.7091883015326869,,,
VitalDB,0.55,history_MAR,weak,recalibration_intercept_truth,full,calibration_intercept,300,-0.5548617717833643,0.1331402406391956,-0.850654168120446,-0.28329168801495935,0.0,-0.5548617717833643,0.5705600947476486
VitalDB,0.55,history_MAR,weak,recalibration_intercept_truth,full,calibration_slope,300,0.6223862531759783,0.048941763205110976,0.4725642529567418,0.6654219339634693,1.0,-0.3776137468240217,0.3807616756653469
VitalDB,0.55,history_MAR,weak,recalibration_intercept_truth,full,outcome_observed_fraction,300,0.5895987654320988,0.025669849763399904,0.5401234567901234,0.6388888888888888,,,
VitalDB,0.55,history_MAR,weak,recalibration_intercept_truth,full,reconstructed_sensitivity,300,0.6434782608695652,0.0620504901077062,0.5,0.7608695652173914,,,
VitalDB,0.55,history_MAR,weak,recalibration_intercept_truth,full,ess,300,324.0,0.0,324.0,324.0,,,
VitalDB,0.55,history_MAR,weak,recalibration_intercept_truth,full,event_rate_se,300,0.01939026741183426,3.475243859842279e-18,0.019390267411834264,0.019390267411834264,,,
VitalDB,0.55,history_MAR,weak,reference_05pct_recalibration,full_heldout,event_rate,299,0.14202671034969172,0.006351690885568129,0.1292517006802721,0.15306122448979592,,,
VitalDB,0.55,history_MAR,weak,reference_05pct_recalibration,full_heldout,oe,299,1.7773912127537874,3.914797333448656,0.47281713639123985,4.916940743985585,1.0,0.7773912127537874,3.9848110299888133
VitalDB,0.55,history_MAR,weak,reference_05pct_recalibration,full_heldout,brier,299,0.12171295226931518,0.014527327015938575,0.10735198937097533,0.15943121670497204,,,
VitalDB,0.55,history_MAR,weak,reference_05pct_recalibration,full_heldout,auc,299,0.6603223539302686,0.12560606319223577,0.26762716575558226,0.7223604826546003,,,
VitalDB,0.55,history_MAR,weak,reference_05pct_recalibration,full_heldout,calibration_intercept,299,-0.0971307008552684,24.344195461339613,-14.840413813983055,15.34499171615396,0.0,-0.0971307008552684,24.303646103972497
VitalDB,0.55,history_MAR,weak,reference_05pct_recalibration,full_heldout,calibration_slope,299,0.9866197385204644,11.165594279062175,-4.999799144495613,8.540224739476493,1.0,-0.013380261479535638,11.146915109425725
VitalDB,0.55,history_MAR,weak,reference_05pct_recalibration,full_heldout,outcome_observed_fraction,299,0.5896919773731368,0.025661977950824255,0.5401234567901234,0.6388888888888888,,,
VitalDB,0.55,history_MAR,weak,reference_05pct_recalibration,full_heldout,reconstructed_sensitivity,299,0.643449178420823,0.062152466412958934,0.5,0.7608695652173914,,,
VitalDB,0.55,history_MAR,weak,reference_05pct_recalibration,full_heldout,ess,299,294.0,0.0,294.0,294.0,,,
VitalDB,0.55,history_MAR,weak,reference_05pct_recalibration,full_heldout,event_rate_se,299,0.020351648632219787,0.00038384343014221696,0.019565492543623577,0.020998338616454712,,,
VitalDB,0.55,history_MAR,weak,reference_05pct_recalibration,full_heldout,reference_sample_n,299,30.0,0.0,30.0,30.0,,,
VitalDB,0.55,history_MAR,weak,reference_05pct_recalibration,full_heldout,evaluation_n,299,294.0,0.0,294.0,294.0,,,
VitalDB,0.55,history_MAR,weak,reference_10pct_recalibration,full_heldout,event_rate,300,0.14217640320733102,0.00644027877794215,0.12878006872852235,0.15463917525773196,,,
VitalDB,0.55,history_MAR,weak,reference_10pct_recalibration,full_heldout,oe,300,1.7525001441021137,4.03808783059722,0.5010089763130339,4.945067324693164,1.0,0.7525001441021137,4.10098231525883
VitalDB,0.55,history_MAR,weak,reference_10pct_recalibration,full_heldout,brier,300,0.12029236688574561,0.013188015599587323,0.10695453744107852,0.1510235035926471,,,
VitalDB,0.55,history_MAR,weak,reference_10pct_recalibration,full_heldout,auc,300,0.6628520395448371,0.12259363820804778,0.2660268059392897,0.7247386064404137,,,
VitalDB,0.55,history_MAR,weak,reference_10pct_recalibration,full_heldout,calibration_intercept,300,0.8015669476605652,17.784177201971843,-11.832887223559647,14.819843805123353,0.0,0.8015669476605652,17.772597215757365
VitalDB,0.55,history_MAR,weak,reference_10pct_recalibration,full_heldout,calibration_slope,300,1.5038436900692764,8.896343354697976,-3.692484251244528,8.341329050801116,1.0,0.5038436900692764,8.89578367159142
VitalDB,0.55,history_MAR,weak,reference_10pct_recalibration,full_heldout,outcome_observed_fraction,300,0.5895987654320988,0.025669849763399904,0.5401234567901234,0.6388888888888888,,,
VitalDB,0.55,history_MAR,weak,reference_10pct_recalibration,full_heldout,reconstructed_sensitivity,300,0.6434782608695652,0.0620504901077062,0.5,0.7608695652173914,,,
VitalDB,0.55,history_MAR,weak,reference_10pct_recalibration,full_heldout,ess,300,291.0,0.0,291.0,291.0,,,
VitalDB,0.55,history_MAR,weak,reference_10pct_recalibration,full_heldout,event_rate_se,300,0.020465101913363204,0.00039037887285962365,0.019634915620966302,0.021195044218573513,,,
VitalDB,0.55,history_MAR,weak,reference_10pct_recalibration,full_heldout,reference_sample_n,300,33.0,0.0,33.0,33.0,,,
VitalDB,0.55,history_MAR,weak,reference_10pct_recalibration,full_heldout,evaluation_n,300,291.0,0.0,291.0,291.0,,,
VitalDB,0.55,history_MAR,weak,reference_20pct_recalibration,full_heldout,event_rate,300,0.1421235521235521,0.009779309451687528,0.12355212355212356,0.16216216216216217,,,
VitalDB,0.55,history_MAR,weak,reference_20pct_recalibration,full_heldout,oe,300,1.110828713725851,0.4451837600380054,0.5753759498851128,2.315808374891588,1.0,0.11082871372585101,0.45805125847117933
VitalDB,0.55,history_MAR,weak,reference_20pct_recalibration,full_heldout,brier,300,0.11473037083520587,0.009091530764200656,0.10322569727652992,0.13778522251019415,,,
VitalDB,0.55,history_MAR,weak,reference_20pct_recalibration,full_heldout,auc,300,0.6963044672621873,0.061801181898853794,0.6579528716693909,0.745296631289477,,,
VitalDB,0.55,history_MAR,weak,reference_20pct_recalibration,full_heldout,calibration_intercept,300,0.4551431707733896,11.257097845759953,-1.2838496565177362,11.524127020707171,0.0,0.4551431707733896,11.24753304989817
VitalDB,0.55,history_MAR,weak,reference_20pct_recalibration,full_heldout,calibration_slope,300,1.2698607601082705,5.583766843779871,0.3106669527882167,7.424587512036029,1.0,0.26986076010827054,5.580980990977838
VitalDB,0.55,history_MAR,weak,reference_20pct_recalibration,full_heldout,outcome_observed_fraction,300,0.5895987654320988,0.025669849763399904,0.5401234567901234,0.6388888888888888,,,
VitalDB,0.55,history_MAR,weak,reference_20pct_recalibration,full_heldout,reconstructed_sensitivity,300,0.6434782608695652,0.0620504901077062,0.5,0.7608695652173914,,,
VitalDB,0.55,history_MAR,weak,reference_20pct_recalibration,full_heldout,ess,300,259.0,0.0,259.0,259.0,,,
VitalDB,0.55,history_MAR,weak,reference_20pct_recalibration,full_heldout,event_rate_se,300,0.021679185107312968,0.0006300835309387212,0.020447408414756684,0.022903658837129595,,,
VitalDB,0.55,history_MAR,weak,reference_20pct_recalibration,full_heldout,reference_sample_n,300,65.0,0.0,65.0,65.0,,,
VitalDB,0.55,history_MAR,weak,reference_20pct_recalibration,full_heldout,evaluation_n,300,259.0,0.0,259.0,259.0,,,
VitalDB,0.55,history_MAR,weak,reference_30pct_recalibration,full_heldout,event_rate,300,0.14202064896755162,0.01190431276247709,0.11946902654867257,0.16371681415929204,,,
VitalDB,0.55,history_MAR,weak,reference_30pct_recalibration,full_heldout,oe,300,1.0500257533868966,0.29932386922180204,0.5946623810557932,1.634481285119383,1.0,0.05002575338689663,0.3029830117771468
VitalDB,0.55,history_MAR,weak,reference_30pct_recalibration,full_heldout,brier,300,0.11222611237942177,0.008637657505809998,0.09790100604079306,0.13076960518413375,,,
VitalDB,0.55,history_MAR,weak,reference_30pct_recalibration,full_heldout,auc,300,0.7007699161162427,0.049044403477934005,0.6481735611568447,0.7621492715442125,,,
VitalDB,0.55,history_MAR,weak,reference_30pct_recalibration,full_heldout,calibration_intercept,300,0.16639394812313363,3.9285411288337833,-1.1289784255686208,3.8952395493686804,0.0,0.16639394812313363,3.9255162160206174
VitalDB,0.55,history_MAR,weak,reference_30pct_recalibration,full_heldout,calibration_slope,300,1.1020772526280453,2.0385550904050405,0.42342989171362755,3.1680239890300794,1.0,0.10207725262804535,2.037712998911199
VitalDB,0.55,history_MAR,weak,reference_30pct_recalibration,full_heldout,outcome_observed_fraction,300,0.5895987654320988,0.025669849763399904,0.5401234567901234,0.6388888888888888,,,
VitalDB,0.55,history_MAR,weak,reference_30pct_recalibration,full_heldout,reconstructed_sensitivity,300,0.6434782608695652,0.0620504901077062,0.5,0.7608695652173914,,,
VitalDB,0.55,history_MAR,weak,reference_30pct_recalibration,full_heldout,ess,300,226.0,0.0,226.0,226.0,,,
VitalDB,0.55,history_MAR,weak,reference_30pct_recalibration,full_heldout,event_rate_se,300,0.023191997535054326,0.0008193247557261128,0.021574749482665082,0.024613258075699584,,,
VitalDB,0.55,history_MAR,weak,reference_30pct_recalibration,full_heldout,reference_sample_n,300,98.0,0.0,98.0,98.0,,,
VitalDB,0.55,history_MAR,weak,reference_30pct_recalibration,full_heldout,evaluation_n,300,226.0,0.0,226.0,226.0,,,
VitalDB,0.55,mixed_MNAR,strong,AIPW_design_probability,reconstructed,event_rate,300,0.12333533212071439,0.011925597649726083,0.09897619287359313,0.14618672366624172,0.1419753086419753,-0.018639976521260912,0.022117742600725916
VitalDB,0.55,mixed_MNAR,strong,AIPW_design_probability,reconstructed,oe,300,1.2307662847109562,0.11900582955373536,0.9876858405719402,1.4588008777944443,1.4167750646420612,-0.18600877993110498,0.22071349238550209
VitalDB,0.55,mixed_MNAR,strong,AIPW_design_probability,reconstructed,outcome_observed_fraction,300,0.5430761316872428,0.021980245380940552,0.5,0.5787808641975308,,,
VitalDB,0.55,mixed_MNAR,strong,AIPW_design_probability,reconstructed,reconstructed_sensitivity,300,0.7447101449275363,0.052219284151624926,0.6304347826086957,0.8478260869565217,,,
VitalDB,0.55,mixed_MNAR,strong,AIPW_design_probability,reconstructed,ess,300,127.6534549083397,11.22131635535406,101.77823680603805,146.87160624455998,324.0,-196.3465450916603,196.6658688835182
VitalDB,0.55,mixed_MNAR,strong,AIPW_design_probability,reconstructed,event_rate_se,300,0.020729044082873637,0.001497782213387559,0.018141392266442288,0.024117071649167994,0.019390267411834264,0.0013387766710393732,0.002007036794662786
VitalDB,0.55,mixed_MNAR,strong,AIPW_design_probability,reconstructed,event_rate_interval_coverage,300,0.94,,,,,,
VitalDB,0.55,mixed_MNAR,strong,Gamma2_prediction_sensitivity_region,full,event_rate,300,0.13728895462235044,0.007688836062905948,0.12132802379048425,0.1509809965647459,0.1419753086419753,-0.004686354019624861,0.008993500616157375
VitalDB,0.55,mixed_MNAR,strong,Gamma2_prediction_sensitivity_region,full,outcome_observed_fraction,300,0.5430761316872428,0.021980245380940552,0.5,0.5787808641975308,,,
VitalDB,0.55,mixed_MNAR,strong,Gamma2_prediction_sensitivity_region,full,reconstructed_sensitivity,300,0.7447101449275363,0.052219284151624926,0.6304347826086957,0.8478260869565217,,,
VitalDB,0.55,mixed_MNAR,strong,Gamma2_prediction_sensitivity_region,full,MNAR_event_rate_coverage,300,0.93,,,,,,
VitalDB,0.55,mixed_MNAR,strong,IPAW_design_probability_truncated99,reconstructed,event_rate,300,0.12481983455630709,0.013767020287933059,0.0977225275323498,0.15203361648726435,0.1419753086419753,-0.017155474085668213,0.021982023774447305
VitalDB,0.55,mixed_MNAR,strong,IPAW_design_probability_truncated99,reconstructed,oe,300,1.2337139387205842,0.12149707123817778,0.9906696593462908,1.4634475480856257,1.4167750646420612,-0.18306112592147694,0.21959897316554602
VitalDB,0.55,mixed_MNAR,strong,IPAW_design_probability_truncated99,reconstructed,brier,300,0.09702592228071016,0.011811732561549998,0.07401716932012237,0.12077404781355938,0.11053590028892503,-0.013509978008214865,0.017932414091090598
VitalDB,0.55,mixed_MNAR,strong,IPAW_design_probability_truncated99,reconstructed,auc,300,0.7233168249558459,0.04293158188160072,0.6283444763507929,0.7984822911990681,0.7044103847356897,0.018906440220156195,0.0468447485734748
VitalDB,0.55,mixed_MNAR,strong,IPAW_design_probability_truncated99,reconstructed,calibration_intercept,300,-0.2562382001239625,0.24455891248796827,-0.7917870607533273,0.13965578557154704,-0.22511057884817762,-0.03112762127578486,0.24612725762227575
VitalDB,0.55,mixed_MNAR,strong,IPAW_design_probability_truncated99,reconstructed,calibration_slope,300,0.7330703715480763,0.15032229574772812,0.41608678502290314,1.006839575734186,0.6581631632744903,0.07490720827358599,0.16772763579152247
VitalDB,0.55,mixed_MNAR,strong,IPAW_design_probability_truncated99,reconstructed,outcome_observed_fraction,300,0.5430761316872428,0.021980245380940552,0.5,0.5787808641975308,,,
VitalDB,0.55,mixed_MNAR,strong,IPAW_design_probability_truncated99,reconstructed,reconstructed_sensitivity,300,0.7447101449275363,0.052219284151624926,0.6304347826086957,0.8478260869565217,,,
VitalDB,0.55,mixed_MNAR,strong,IPAW_design_probability_truncated99,reconstructed,ess,300,135.045915494384,8.168702536042842,117.16761767967195,149.51929185267738,324.0,-188.954084505616,189.12998526623807
VitalDB,0.55,mixed_MNAR,strong,IPAW_design_probability_truncated99,reconstructed,event_rate_se,300,0.021699174645578787,0.0019090748955817242,0.01832091603567521,0.02536823465022834,0.019390267411834264,0.0023089072337445227,0.0029939056455498088
VitalDB,0.55,mixed_MNAR,strong,IPAW_design_probability_truncated99,reconstructed,weight_p99,300,5.712120018234788,0.9906229895666956,4.340382442537177,8.037781663608285,,,
VitalDB,0.55,mixed_MNAR,strong,IPAW_design_probability_truncated99,reconstructed,weight_max,300,5.884101008739609,1.0478569384824137,4.4030180981966724,8.285262350133344,,,
VitalDB,0.55,mixed_MNAR,strong,IPAW_design_probability_truncated99,reconstructed,event_rate_interval_coverage,300,0.9366666666666666,,,,,,
VitalDB,0.55,mixed_MNAR,strong,IPAW_design_probability_untruncated,reconstructed,event_rate,300,0.12325738946910053,0.013687106646712223,0.09705727677830306,0.15079036437211943,0.1419753086419753,-0.01871791917287477,0.023174833984868567
VitalDB,0.55,mixed_MNAR,strong,IPAW_design_probability_untruncated,reconstructed,oe,300,1.2311827356672755,0.12130864853383967,0.9878685268912804,1.45928963346433,1.4167750646420612,-0.18559232897478561,0.22161057771692222
VitalDB,0.55,mixed_MNAR,strong,IPAW_design_probability_untruncated,reconstructed,brier,300,0.09581697201755415,0.011736556213303082,0.07306702578404524,0.11889781988623573,0.11053590028892503,-0.014718928271370876,0.01881314554684102
VitalDB,0.55,mixed_MNAR,strong,IPAW_design_probability_untruncated,reconstructed,auc,300,0.7268591549516846,0.04275319666691908,0.6294790752900693,0.801200219366057,0.7044103847356897,0.022448770215994895,0.048225411593543356
VitalDB,0.55,mixed_MNAR,strong,IPAW_design_probability_untruncated,reconstructed,calibration_intercept,300,-0.24795100764579805,0.24370664139438178,-0.7787275117240959,0.14646199467460475,-0.22511057884817762,-0.022840428797620438,0.2443698750334348
VitalDB,0.55,mixed_MNAR,strong,IPAW_design_probability_untruncated,reconstructed,calibration_slope,300,0.7393653981755367,0.14946371070130168,0.4243065533118474,1.0094685644194592,0.6581631632744903,0.08120223490104639,0.16987860106599195
VitalDB,0.55,mixed_MNAR,strong,IPAW_design_probability_untruncated,reconstructed,outcome_observed_fraction,300,0.5430761316872428,0.021980245380940552,0.5,0.5787808641975308,,,
VitalDB,0.55,mixed_MNAR,strong,IPAW_design_probability_untruncated,reconstructed,reconstructed_sensitivity,300,0.7447101449275363,0.052219284151624926,0.6304347826086957,0.8478260869565217,,,
VitalDB,0.55,mixed_MNAR,strong,IPAW_design_probability_untruncated,reconstructed,ess,300,127.6534549083397,11.22131635535406,101.77823680603805,146.87160624455998,324.0,-196.3465450916603,196.6658688835182
VitalDB,0.55,mixed_MNAR,strong,IPAW_design_probability_untruncated,reconstructed,event_rate_se,300,0.0216213839167177,0.0019142988143245941,0.018202482132337168,0.025325534681750254,0.019390267411834264,0.0022311165048834354,0.002937721170519663
VitalDB,0.55,mixed_MNAR,strong,IPAW_design_probability_untruncated,reconstructed,weight_p99,300,5.884101008739609,1.0478569384824137,4.4030180981966724,8.285262350133344,,,
VitalDB,0.55,mixed_MNAR,strong,IPAW_design_probability_untruncated,reconstructed,weight_max,300,9.300042037755839,3.130313705014905,5.302239962689168,16.35461134790867,,,
VitalDB,0.55,mixed_MNAR,strong,IPAW_design_probability_untruncated,reconstructed,event_rate_interval_coverage,300,0.9233333333333333,,,,,,
VitalDB,0.55,mixed_MNAR,strong,full_reference,full,event_rate,300,0.1419753086419753,0.0,0.1419753086419753,0.1419753086419753,0.1419753086419753,0.0,0.0
VitalDB,0.55,mixed_MNAR,strong,full_reference,full,oe,300,1.4167750646420616,4.448312140598118e-16,1.4167750646420612,1.4167750646420612,1.4167750646420612,4.440892098500626e-16,0.0
VitalDB,0.55,mixed_MNAR,strong,full_reference,full,brier,300,0.11053590028892503,0.0,0.11053590028892503,0.11053590028892503,0.11053590028892503,0.0,0.0
VitalDB,0.55,mixed_MNAR,strong,full_reference,full,auc,300,0.7044103847356897,0.0,0.7044103847356897,0.7044103847356897,0.7044103847356897,0.0,0.0
VitalDB,0.55,mixed_MNAR,strong,full_reference,full,calibration_intercept,300,-0.2251105788481776,2.7801950878738235e-17,-0.22511057884817762,-0.22511057884817762,-0.22511057884817762,2.7755575615628914e-17,0.0
VitalDB,0.55,mixed_MNAR,strong,full_reference,full,calibration_slope,300,0.6581631632744902,1.1120780351495294e-16,0.6581631632744903,0.6581631632744903,0.6581631632744903,-1.1102230246251565e-16,0.0
VitalDB,0.55,mixed_MNAR,strong,full_reference,full,outcome_observed_fraction,300,0.5430761316872428,0.021980245380940552,0.5,0.5787808641975308,,,
VitalDB,0.55,mixed_MNAR,strong,full_reference,full,reconstructed_sensitivity,300,0.7447101449275363,0.052219284151624926,0.6304347826086957,0.8478260869565217,,,
VitalDB,0.55,mixed_MNAR,strong,full_reference,full,ess,300,324.0,0.0,324.0,324.0,324.0,0.0,0.0
VitalDB,0.55,mixed_MNAR,strong,full_reference,full,event_rate_se,300,0.01939026741183426,3.475243859842279e-18,0.019390267411834264,0.019390267411834264,0.019390267411834264,-3.469446951953614e-18,0.0
VitalDB,0.55,mixed_MNAR,strong,full_reference,full,event_rate_interval_coverage,300,1.0,,,,,,
VitalDB,0.55,mixed_MNAR,strong,naive,reconstructed,event_rate,300,0.19782602344600633,0.015182739723230624,0.16964114832535884,0.22636312812417783,0.1419753086419753,0.05585071480403103,0.05787097324513872
VitalDB,0.55,mixed_MNAR,strong,naive,reconstructed,oe,300,1.4383688579917298,0.10515450054486311,1.2227957982036364,1.6332347767687778,1.4167750646420612,0.0215937933496686,0.10717696891645302
VitalDB,0.55,mixed_MNAR,strong,naive,reconstructed,brier,300,0.14535458774062424,0.012346439824377267,0.12109811273958354,0.16751048362650287,0.11053590028892503,0.03481868745169921,0.036935991349111325
VitalDB,0.55,mixed_MNAR,strong,naive,reconstructed,auc,300,0.6928929584739902,0.03025793864828991,0.638383819387862,0.7541906422551584,0.7044103847356897,-0.011517426261699493,0.03232865833023721
VitalDB,0.55,mixed_MNAR,strong,naive,reconstructed,calibration_intercept,300,-0.11626226861311134,0.14500835193834924,-0.39863895413293876,0.15783924819778092,-0.22511057884817762,0.10884831023506628,0.1811222939502455
VitalDB,0.55,mixed_MNAR,strong,naive,reconstructed,calibration_slope,300,0.6315047096527241,0.09215466776418708,0.45211332448942393,0.8385205845920528,0.6581631632744903,-0.02665845362176622,0.09578542511396222
VitalDB,0.55,mixed_MNAR,strong,naive,reconstructed,outcome_observed_fraction,300,0.5430761316872428,0.021980245380940552,0.5,0.5787808641975308,,,
VitalDB,0.55,mixed_MNAR,strong,naive,reconstructed,reconstructed_sensitivity,300,0.7447101449275363,0.052219284151624926,0.6304347826086957,0.8478260869565217,,,
VitalDB,0.55,mixed_MNAR,strong,naive,reconstructed,ess,300,175.95666666666668,7.121599503424739,162.0,187.52499999999998,324.0,-148.04333333333332,148.2139557081811
VitalDB,0.55,mixed_MNAR,strong,naive,reconstructed,event_rate_se,300,0.03002213036288631,0.0012436045718285389,0.02779530293076133,0.032661595739864296,0.019390267411834264,0.010631862951052045,0.010704107013973141
VitalDB,0.55,mixed_MNAR,strong,naive,reconstructed,event_rate_interval_coverage,300,0.59,,,,,,
VitalDB,0.55,mixed_MNAR,strong,recalibration_intercept_apparent,reconstructed,event_rate,300,0.19782602344600633,0.015182739723230624,0.16964114832535884,0.22636312812417783,,,
VitalDB,0.55,mixed_MNAR,strong,recalibration_intercept_apparent,reconstructed,oe,300,1.0000152984206623,0.02754257460550228,0.9388053615043704,1.0631638764297697,1.0,1.529842066227971e-05,0.027496636252852244
VitalDB,0.55,mixed_MNAR,strong,recalibration_intercept_apparent,reconstructed,brier,300,0.1479274006032471,0.012926281859024237,0.12366777266342208,0.17352780939452228,,,
VitalDB,0.55,mixed_MNAR,strong,recalibration_intercept_apparent,reconstructed,auc,300,0.678882103393606,0.034458981641726144,0.6076814882032667,0.7406801562680282,,,
VitalDB,0.55,mixed_MNAR,strong,recalibration_intercept_apparent,reconstructed,calibration_intercept,300,-0.5303842330941658,0.12947321214349827,-0.7974255818512358,-0.2955884096008417,0.0,-0.5303842330941658,0.5459073819511565
VitalDB,0.55,mixed_MNAR,strong,recalibration_intercept_apparent,reconstructed,calibration_slope,300,0.5790619453685144,0.10699695778622414,0.3420797339270611,0.7767978131493288,1.0,-0.4209380546314856,0.43427990242376496
VitalDB,0.55,mixed_MNAR,strong,recalibration_intercept_apparent,reconstructed,outcome_observed_fraction,300,0.5430761316872428,0.021980245380940552,0.5,0.5787808641975308,,,
VitalDB,0.55,mixed_MNAR,strong,recalibration_intercept_apparent,reconstructed,reconstructed_sensitivity,300,0.7447101449275363,0.052219284151624926,0.6304347826086957,0.8478260869565217,,,
VitalDB,0.55,mixed_MNAR,strong,recalibration_intercept_apparent,reconstructed,ess,300,175.95666666666668,7.121599503424739,162.0,187.52499999999998,,,
VitalDB,0.55,mixed_MNAR,strong,recalibration_intercept_apparent,reconstructed,event_rate_se,300,0.03002213036288631,0.0012436045718285389,0.02779530293076133,0.032661595739864296,,,
VitalDB,0.55,mixed_MNAR,strong,recalibration_intercept_slope_apparent,reconstructed,event_rate,300,0.19782602344600633,0.015182739723230624,0.16964114832535884,0.22636312812417783,,,
VitalDB,0.55,mixed_MNAR,strong,recalibration_intercept_slope_apparent,reconstructed,oe,300,1.0052467917673684,0.03744876036297066,0.9327895699324094,1.0888333249004385,1.0,0.0052467917673684195,0.03775266583608258
VitalDB,0.55,mixed_MNAR,strong,recalibration_intercept_slope_apparent,reconstructed,brier,300,0.14672486208712854,0.012489544472259646,0.12368632301190446,0.1727523336186073,,,
VitalDB,0.55,mixed_MNAR,strong,recalibration_intercept_slope_apparent,reconstructed,auc,300,0.66483482310701,0.04309012955135098,0.5824586888494957,0.7359615247819472,,,
VitalDB,0.55,mixed_MNAR,strong,recalibration_intercept_slope_apparent,reconstructed,calibration_intercept,300,-0.29485056125470877,0.26128863562677623,-0.8167238510637556,0.0417008447957823,0.0,-0.29485056125470877,0.39367630367629025
VitalDB,0.55,mixed_MNAR,strong,recalibration_intercept_slope_apparent,reconstructed,calibration_slope,300,0.7714704380311901,0.1928530429987214,0.40068112975211984,1.0091188784930105,1.0,-0.2285295619688099,0.29882115481818994
VitalDB,0.55,mixed_MNAR,strong,recalibration_intercept_slope_apparent,reconstructed,outcome_observed_fraction,300,0.5430761316872428,0.021980245380940552,0.5,0.5787808641975308,,,
VitalDB,0.55,mixed_MNAR,strong,recalibration_intercept_slope_apparent,reconstructed,reconstructed_sensitivity,300,0.7447101449275363,0.052219284151624926,0.6304347826086957,0.8478260869565217,,,
VitalDB,0.55,mixed_MNAR,strong,recalibration_intercept_slope_apparent,reconstructed,ess,300,175.95666666666668,7.121599503424739,162.0,187.52499999999998,,,
VitalDB,0.55,mixed_MNAR,strong,recalibration_intercept_slope_apparent,reconstructed,event_rate_se,300,0.03002213036288631,0.0012436045718285389,0.02779530293076133,0.032661595739864296,,,
VitalDB,0.55,mixed_MNAR,strong,recalibration_intercept_slope_truth,full,event_rate,300,0.1419753086419753,0.0,0.1419753086419753,0.1419753086419753,,,
VitalDB,0.55,mixed_MNAR,strong,recalibration_intercept_slope_truth,full,oe,300,0.8835311364893895,0.08702964370321212,0.7412511114011147,1.0735051235395927,1.0,-0.11646886351061048,0.1453062553859407
VitalDB,0.55,mixed_MNAR,strong,recalibration_intercept_slope_truth,full,brier,300,0.11320339290465485,0.003917032050312819,0.10885294932788538,0.12288913700280049,,,
VitalDB,0.55,mixed_MNAR,strong,recalibration_intercept_slope_truth,full,auc,300,0.6807593055989991,0.024617356358597724,0.6268317954332187,0.7063692524241476,,,
VitalDB,0.55,mixed_MNAR,strong,recalibration_intercept_slope_truth,full,calibration_intercept,300,-0.3832320925832342,0.3022778641238911,-1.0434919961124498,0.17059998719653446,0.0,-0.3832320925832342,0.4877849637916574
VitalDB,0.55,mixed_MNAR,strong,recalibration_intercept_slope_truth,full,calibration_slope,300,0.8609829176141675,0.21606208875746283,0.43576706130274134,1.3147103916672584,1.0,-0.13901708238583255,0.25661832742936797
VitalDB,0.55,mixed_MNAR,strong,recalibration_intercept_slope_truth,full,outcome_observed_fraction,300,0.5430761316872428,0.021980245380940552,0.5,0.5787808641975308,,,
VitalDB,0.55,mixed_MNAR,strong,recalibration_intercept_slope_truth,full,reconstructed_sensitivity,300,0.7447101449275363,0.052219284151624926,0.6304347826086957,0.8478260869565217,,,
VitalDB,0.55,mixed_MNAR,strong,recalibration_intercept_slope_truth,full,ess,300,324.0,0.0,324.0,324.0,,,
VitalDB,0.55,mixed_MNAR,strong,recalibration_intercept_slope_truth,full,event_rate_se,300,0.01939026741183426,3.475243859842279e-18,0.019390267411834264,0.019390267411834264,,,
VitalDB,0.55,mixed_MNAR,strong,recalibration_intercept_truth,full,event_rate,300,0.1419753086419753,0.0,0.1419753086419753,0.1419753086419753,,,
VitalDB,0.55,mixed_MNAR,strong,recalibration_intercept_truth,full,oe,300,0.9580495038336005,0.08160975490406282,0.8276990213302685,1.1347553258243894,1.0,-0.041950496166399454,0.09163948776113541
VitalDB,0.55,mixed_MNAR,strong,recalibration_intercept_truth,full,brier,300,0.11297264228975097,0.0029950491297892016,0.11002691126362141,0.1222653271936659,,,
VitalDB,0.55,mixed_MNAR,strong,recalibration_intercept_truth,full,auc,300,0.6938072150974872,0.015151378103472524,0.6510028933375039,0.7089087425711604,,,
VitalDB,0.55,mixed_MNAR,strong,recalibration_intercept_truth,full,calibration_intercept,300,-0.6600220576003438,0.11648906191587619,-0.9280348702672927,-0.46414683346006724,0.0,-0.6600220576003438,0.6701892163609808
VitalDB,0.55,mixed_MNAR,strong,recalibration_intercept_truth,full,calibration_slope,300,0.6151103419414962,0.05645136983383959,0.44603956130342676,0.6600405920097328,1.0,-0.38488965805850384,0.38899380909296627
VitalDB,0.55,mixed_MNAR,strong,recalibration_intercept_truth,full,outcome_observed_fraction,300,0.5430761316872428,0.021980245380940552,0.5,0.5787808641975308,,,
VitalDB,0.55,mixed_MNAR,strong,recalibration_intercept_truth,full,reconstructed_sensitivity,300,0.7447101449275363,0.052219284151624926,0.6304347826086957,0.8478260869565217,,,
VitalDB,0.55,mixed_MNAR,strong,recalibration_intercept_truth,full,ess,300,324.0,0.0,324.0,324.0,,,
VitalDB,0.55,mixed_MNAR,strong,recalibration_intercept_truth,full,event_rate_se,300,0.01939026741183426,3.475243859842279e-18,0.019390267411834264,0.019390267411834264,,,
VitalDB,0.55,mixed_MNAR,strong,reference_05pct_recalibration,full_heldout,event_rate,296,0.14158163265306123,0.006328988016257517,0.1292517006802721,0.15306122448979592,,,
VitalDB,0.55,mixed_MNAR,strong,reference_05pct_recalibration,full_heldout,oe,296,514.82666251867,8833.634653587022,0.5069795718669858,4.199606384996284,1.0,513.82666251867,8833.65686962654
VitalDB,0.55,mixed_MNAR,strong,reference_05pct_recalibration,full_heldout,brier,296,0.12057952992165644,0.013460789003091288,0.10739503400748841,0.15117171678969302,,,
VitalDB,0.55,mixed_MNAR,strong,reference_05pct_recalibration,full_heldout,auc,296,0.6622392753830879,0.12449238016093413,0.2689620989585451,0.7265211640211641,,,
VitalDB,0.55,mixed_MNAR,strong,reference_05pct_recalibration,full_heldout,calibration_intercept,296,-0.2612388254350235,15.366179077993419,-8.663369298801458,10.67225224792608,0.0,-0.2612388254350235,15.342424981219025
VitalDB,0.55,mixed_MNAR,strong,reference_05pct_recalibration,full_heldout,calibration_slope,296,0.7815608928542231,7.698079088887605,-3.687363868030306,6.988410917382033,1.0,-0.21843910714577686,7.688168388834477
VitalDB,0.55,mixed_MNAR,strong,reference_05pct_recalibration,full_heldout,outcome_observed_fraction,296,0.5430013346680014,0.022098251545453352,0.5,0.5790895061728395,,,
VitalDB,0.55,mixed_MNAR,strong,reference_05pct_recalibration,full_heldout,reconstructed_sensitivity,296,0.745005875440658,0.05237584324038538,0.6304347826086957,0.8478260869565217,,,
VitalDB,0.55,mixed_MNAR,strong,reference_05pct_recalibration,full_heldout,ess,296,294.0,0.0,294.0,294.0,,,
VitalDB,0.55,mixed_MNAR,strong,reference_05pct_recalibration,full_heldout,event_rate_se,296,0.02032502055034948,0.00038332496056825557,0.01956549254362358,0.020998338616454712,,,
VitalDB,0.55,mixed_MNAR,strong,reference_05pct_recalibration,full_heldout,reference_sample_n,296,30.0,0.0,30.0,30.0,,,
VitalDB,0.55,mixed_MNAR,strong,reference_05pct_recalibration,full_heldout,evaluation_n,296,294.0,0.0,294.0,294.0,,,
VitalDB,0.55,mixed_MNAR,strong,reference_10pct_recalibration,full_heldout,event_rate,296,0.14169452958112752,0.006787623274305148,0.12714776632302405,0.15120274914089346,,,
VitalDB,0.55,mixed_MNAR,strong,reference_10pct_recalibration,full_heldout,oe,296,523.6597149958446,8988.147784987672,0.4777208172702519,3.251691233881355,1.0,522.6597149958446,8988.161402758453
VitalDB,0.55,mixed_MNAR,strong,reference_10pct_recalibration,full_heldout,brier,296,0.11985011119844337,0.011881189128420646,0.10736935799510662,0.149755631187989,,,
VitalDB,0.55,mixed_MNAR,strong,reference_10pct_recalibration,full_heldout,auc,296,0.6658885654791912,0.12037998915367405,0.26990243902439026,0.728090363731534,,,
VitalDB,0.55,mixed_MNAR,strong,reference_10pct_recalibration,full_heldout,calibration_intercept,296,-0.13566956401812502,26.924267205535383,-9.136814308791198,13.901615912998945,0.0,-0.13566956401812502,26.87909093866828
VitalDB,0.55,mixed_MNAR,strong,reference_10pct_recalibration,full_heldout,calibration_slope,296,0.9657394277852226,13.663045279316908,-3.9055682850628948,6.507302485388793,1.0,-0.03426057221477741,13.639989312625996
VitalDB,0.55,mixed_MNAR,strong,reference_10pct_recalibration,full_heldout,outcome_observed_fraction,296,0.5430013346680014,0.022098251545453352,0.5,0.5790895061728395,,,
VitalDB,0.55,mixed_MNAR,strong,reference_10pct_recalibration,full_heldout,reconstructed_sensitivity,296,0.745005875440658,0.05237584324038538,0.6304347826086957,0.8478260869565217,,,
VitalDB,0.55,mixed_MNAR,strong,reference_10pct_recalibration,full_heldout,ess,296,291.0,0.0,291.0,291.0,,,
VitalDB,0.55,mixed_MNAR,strong,reference_10pct_recalibration,full_heldout,event_rate_se,296,0.02043527809754526,0.0004131412223202781,0.019528920473301695,0.02100077545558355,,,
VitalDB,0.55,mixed_MNAR,strong,reference_10pct_recalibration,full_heldout,reference_sample_n,296,33.0,0.0,33.0,33.0,,,
VitalDB,0.55,mixed_MNAR,strong,reference_10pct_recalibration,full_heldout,evaluation_n,296,291.0,0.0,291.0,291.0,,,
VitalDB,0.55,mixed_MNAR,strong,reference_20pct_recalibration,full_heldout,event_rate,300,0.14225225225225224,0.009859195621258815,0.12355212355212356,0.1583011583011583,,,
VitalDB,0.55,mixed_MNAR,strong,reference_20pct_recalibration,full_heldout,oe,300,1.1213713565490457,0.4340639662379595,0.5912470936120794,2.1422298889582643,1.0,0.12137135654904574,0.4500161047719995
VitalDB,0.55,mixed_MNAR,strong,reference_20pct_recalibration,full_heldout,brier,300,0.11477507058907316,0.008820195909420984,0.10316807422038472,0.1350282645406452,,,
VitalDB,0.55,mixed_MNAR,strong,reference_20pct_recalibration,full_heldout,auc,300,0.6987684445367116,0.05680453222767384,0.6609055804683608,0.7439461883408071,,,
VitalDB,0.55,mixed_MNAR,strong,reference_20pct_recalibration,full_heldout,calibration_intercept,300,2.2306927361942708,17.856206673033043,-1.3119233486915647,14.030567320074548,0.0,2.2306927361942708,17.965447200414452
VitalDB,0.55,mixed_MNAR,strong,reference_20pct_recalibration,full_heldout,calibration_slope,300,2.0519126818789353,8.444628502518592,0.33484230888992617,8.447877886493131,1.0,1.0519126818789353,8.495914606485597
VitalDB,0.55,mixed_MNAR,strong,reference_20pct_recalibration,full_heldout,outcome_observed_fraction,300,0.5430761316872428,0.021980245380940552,0.5,0.5787808641975308,,,
VitalDB,0.55,mixed_MNAR,strong,reference_20pct_recalibration,full_heldout,reconstructed_sensitivity,300,0.7447101449275363,0.052219284151624926,0.6304347826086957,0.8478260869565217,,,
VitalDB,0.55,mixed_MNAR,strong,reference_20pct_recalibration,full_heldout,ess,300,259.0,0.0,259.0,259.0,,,
VitalDB,0.55,mixed_MNAR,strong,reference_20pct_recalibration,full_heldout,event_rate_se,300,0.021687179427927267,0.0006323726534986185,0.020447408414756684,0.02268143506161645,,,
VitalDB,0.55,mixed_MNAR,strong,reference_20pct_recalibration,full_heldout,reference_sample_n,300,65.0,0.0,65.0,65.0,,,
VitalDB,0.55,mixed_MNAR,strong,reference_20pct_recalibration,full_heldout,evaluation_n,300,259.0,0.0,259.0,259.0,,,
VitalDB,0.55,mixed_MNAR,strong,reference_30pct_recalibration,full_heldout,event_rate,300,0.14299410029498524,0.012827588217959224,0.11714601769911505,0.16603982300884945,,,
VitalDB,0.55,mixed_MNAR,strong,reference_30pct_recalibration,full_heldout,oe,300,1.0975879335772605,0.37191379576235556,0.6266403079608083,1.9106847186878606,1.0,0.09758793357726048,0.3839039072736585
VitalDB,0.55,mixed_MNAR,strong,reference_30pct_recalibration,full_heldout,brier,300,0.11316437703105398,0.009977418621281736,0.09905836900954917,0.1362638984722091,,,
VitalDB,0.55,mixed_MNAR,strong,reference_30pct_recalibration,full_heldout,auc,300,0.702670395548489,0.04690124030759966,0.6530527177489062,0.7552876491787782,,,
VitalDB,0.55,mixed_MNAR,strong,reference_30pct_recalibration,full_heldout,calibration_intercept,300,0.3246693002899993,6.988396427539376,-1.1644187464577258,3.868668907112359,0.0,0.3246693002899993,6.984289691937262
VitalDB,0.55,mixed_MNAR,strong,reference_30pct_recalibration,full_heldout,calibration_slope,300,1.1598878828453276,3.2336208967959945,0.4012695372232325,3.160882256390628,1.0,0.15988788284532762,3.23218407462547
VitalDB,0.55,mixed_MNAR,strong,reference_30pct_recalibration,full_heldout,outcome_observed_fraction,300,0.5430761316872428,0.021980245380940552,0.5,0.5787808641975308,,,
VitalDB,0.55,mixed_MNAR,strong,reference_30pct_recalibration,full_heldout,reconstructed_sensitivity,300,0.7447101449275363,0.052219284151624926,0.6304347826086957,0.8478260869565217,,,
VitalDB,0.55,mixed_MNAR,strong,reference_30pct_recalibration,full_heldout,ess,300,226.0,0.0,226.0,226.0,,,
VitalDB,0.55,mixed_MNAR,strong,reference_30pct_recalibration,full_heldout,event_rate_se,300,0.02325397303692919,0.0008786792820421064,0.021390908145789162,0.024752025062754535,,,
VitalDB,0.55,mixed_MNAR,strong,reference_30pct_recalibration,full_heldout,reference_sample_n,300,98.0,0.0,98.0,98.0,,,
VitalDB,0.55,mixed_MNAR,strong,reference_30pct_recalibration,full_heldout,evaluation_n,300,226.0,0.0,226.0,226.0,,,
VitalDB,0.55,mixed_MNAR,weak,AIPW_design_probability,reconstructed,event_rate,300,0.11817820800039343,0.014032439983122497,0.09326493949395122,0.14638050471637823,0.1419753086419753,-0.023797100641581873,0.027614398531428826
VitalDB,0.55,mixed_MNAR,weak,AIPW_design_probability,reconstructed,oe,300,1.1793032174436755,0.14003006053896624,0.9306931039226812,1.460734623615881,1.4167750646420612,-0.23747184719838565,0.2755647558624134
VitalDB,0.55,mixed_MNAR,weak,AIPW_design_probability,reconstructed,outcome_observed_fraction,300,0.572551440329218,0.023811822315118997,0.5246913580246914,0.6141975308641975,,,
VitalDB,0.55,mixed_MNAR,weak,AIPW_design_probability,reconstructed,reconstructed_sensitivity,300,0.676304347826087,0.06216971323333355,0.5652173913043478,0.8043478260869565,,,
VitalDB,0.55,mixed_MNAR,weak,AIPW_design_probability,reconstructed,ess,300,158.09579535584194,7.021551970643883,144.01249583511432,170.73196421239845,324.0,-165.90420464415806,166.05222964491284
VitalDB,0.55,mixed_MNAR,weak,AIPW_design_probability,reconstructed,event_rate_se,300,0.02082429799845969,0.0014165418602187262,0.01811170910782834,0.023373844671783394,0.019390267411834264,0.0014340305866254247,0.0020140372213516833
VitalDB,0.55,mixed_MNAR,weak,AIPW_design_probability,reconstructed,event_rate_interval_coverage,300,0.85,,,,,,
VitalDB,0.55,mixed_MNAR,weak,Gamma2_prediction_sensitivity_region,full,event_rate,300,0.12815229355501145,0.009282294775820123,0.11175593909819155,0.1466907019391425,0.1419753086419753,-0.013823015086963847,0.016641800956586083
VitalDB,0.55,mixed_MNAR,weak,Gamma2_prediction_sensitivity_region,full,outcome_observed_fraction,300,0.572551440329218,0.023811822315118997,0.5246913580246914,0.6141975308641975,,,
VitalDB,0.55,mixed_MNAR,weak,Gamma2_prediction_sensitivity_region,full,reconstructed_sensitivity,300,0.676304347826087,0.06216971323333355,0.5652173913043478,0.8043478260869565,,,
VitalDB,0.55,mixed_MNAR,weak,Gamma2_prediction_sensitivity_region,full,MNAR_event_rate_coverage,300,0.5933333333333334,,,,,,
VitalDB,0.55,mixed_MNAR,weak,IPAW_design_probability_truncated99,reconstructed,event_rate,300,0.11878112607507613,0.014668097346019713,0.09382762685603373,0.1494604401950561,0.1419753086419753,-0.023194182566899174,0.027430020192600154
VitalDB,0.55,mixed_MNAR,weak,IPAW_design_probability_truncated99,reconstructed,oe,300,1.181399921983823,0.14284278582259094,0.9332735145672698,1.4570038500714293,1.4167750646420612,-0.23537514265823822,0.27520447980499785
VitalDB,0.55,mixed_MNAR,weak,IPAW_design_probability_truncated99,reconstructed,brier,300,0.09318554387128104,0.012004153086173483,0.07313218779587731,0.1173732766640526,0.11053590028892503,-0.017350356417643986,0.021086825906977583
VitalDB,0.55,mixed_MNAR,weak,IPAW_design_probability_truncated99,reconstructed,auc,300,0.7195702406339367,0.0393952803740975,0.642816722827018,0.7961035421330606,0.7044103847356897,0.015159855898246977,0.042150160769446506
VitalDB,0.55,mixed_MNAR,weak,IPAW_design_probability_truncated99,reconstructed,calibration_intercept,300,-0.34931965694156614,0.22352697875391803,-0.7853895234736284,0.051814390248149975,-0.22511057884817762,-0.12420907809338852,0.2553931432339061
VitalDB,0.55,mixed_MNAR,weak,IPAW_design_probability_truncated99,reconstructed,calibration_slope,300,0.7164872531413622,0.12559454471548723,0.48853867793555866,0.9762815694045127,0.6581631632744903,0.058324089866871875,0.13828633032786897
VitalDB,0.55,mixed_MNAR,weak,IPAW_design_probability_truncated99,reconstructed,outcome_observed_fraction,300,0.572551440329218,0.023811822315118997,0.5246913580246914,0.6141975308641975,,,
VitalDB,0.55,mixed_MNAR,weak,IPAW_design_probability_truncated99,reconstructed,reconstructed_sensitivity,300,0.676304347826087,0.06216971323333355,0.5652173913043478,0.8043478260869565,,,
VitalDB,0.55,mixed_MNAR,weak,IPAW_design_probability_truncated99,reconstructed,ess,300,159.73193024335242,7.0581203610054475,145.1387537780084,171.91792820957832,324.0,-164.26806975664758,164.41912829025858
VitalDB,0.55,mixed_MNAR,weak,IPAW_design_probability_truncated99,reconstructed,event_rate_se,300,0.0211613344710699,0.001735332325493208,0.018044737740746237,0.024587950642356617,0.019390267411834264,0.001771067059235635,0.0024775025490625735
VitalDB,0.55,mixed_MNAR,weak,IPAW_design_probability_truncated99,reconstructed,weight_p99,300,4.06027848824629,0.4643786623026508,3.172544364541418,4.627715858818053,,,
VitalDB,0.55,mixed_MNAR,weak,IPAW_design_probability_truncated99,reconstructed,weight_max,300,4.103135315215775,0.45322640349210774,3.2151691460952967,4.698626822850499,,,
VitalDB,0.55,mixed_MNAR,weak,IPAW_design_probability_truncated99,reconstructed,event_rate_interval_coverage,300,0.8466666666666667,,,,,,
VitalDB,0.55,mixed_MNAR,weak,IPAW_design_probability_untruncated,reconstructed,event_rate,300,0.11831124412670649,0.014612808343161907,0.09336076072111274,0.14868051466406387,0.1419753086419753,-0.023664064515268812,0.027799466478655187
VitalDB,0.55,mixed_MNAR,weak,IPAW_design_probability_untruncated,reconstructed,oe,300,1.1805787354062378,0.14267083724126414,0.9327673609420364,1.4563446058880194,1.4167750646420612,-0.23619632923582334,0.27581846176595387
VitalDB,0.55,mixed_MNAR,weak,IPAW_design_probability_untruncated,reconstructed,brier,300,0.09281843539368502,0.011955281415255991,0.07282625553296242,0.1169826586641514,0.11053590028892503,-0.01771746489524001,0.02136260487049666
VitalDB,0.55,mixed_MNAR,weak,IPAW_design_probability_untruncated,reconstructed,auc,300,0.720595118705995,0.03933304256228556,0.643654433410072,0.7973527356444342,0.7044103847356897,0.016184733970305287,0.04247207188383245
VitalDB,0.55,mixed_MNAR,weak,IPAW_design_probability_untruncated,reconstructed,calibration_intercept,300,-0.34690298501559924,0.22334931050066467,-0.7830913699442379,0.052124641943604534,-0.22511057884817762,-0.12179240616742162,0.2540708988704441
VitalDB,0.55,mixed_MNAR,weak,IPAW_design_probability_untruncated,reconstructed,calibration_slope,300,0.718411016806514,0.12529073403770583,0.4906761527759021,0.977480918782194,0.6581631632744903,0.060247853532023665,0.13883531970457288
VitalDB,0.55,mixed_MNAR,weak,IPAW_design_probability_untruncated,reconstructed,outcome_observed_fraction,300,0.572551440329218,0.023811822315118997,0.5246913580246914,0.6141975308641975,,,
VitalDB,0.55,mixed_MNAR,weak,IPAW_design_probability_untruncated,reconstructed,reconstructed_sensitivity,300,0.676304347826087,0.06216971323333355,0.5652173913043478,0.8043478260869565,,,
VitalDB,0.55,mixed_MNAR,weak,IPAW_design_probability_untruncated,reconstructed,ess,300,158.09579535584194,7.021551970643883,144.01249583511432,170.73196421239845,324.0,-165.90420464415806,166.05222964491284
VitalDB,0.55,mixed_MNAR,weak,IPAW_design_probability_untruncated,reconstructed,event_rate_se,300,0.021109685373743088,0.0017349772886055008,0.017999696875846148,0.0245093980817541,0.019390267411834264,0.0017194179619088243,0.0024405963408707437
VitalDB,0.55,mixed_MNAR,weak,IPAW_design_probability_untruncated,reconstructed,weight_p99,300,4.103135315215775,0.45322640349210774,3.2151691460952967,4.698626822850499,,,
VitalDB,0.55,mixed_MNAR,weak,IPAW_design_probability_untruncated,reconstructed,weight_max,300,5.109816920054012,0.8450851190023547,3.852809800325114,6.554652642396019,,,
VitalDB,0.55,mixed_MNAR,weak,IPAW_design_probability_untruncated,reconstructed,event_rate_interval_coverage,300,0.83,,,,,,
VitalDB,0.55,mixed_MNAR,weak,full_reference,full,event_rate,300,0.1419753086419753,0.0,0.1419753086419753,0.1419753086419753,0.1419753086419753,0.0,0.0
VitalDB,0.55,mixed_MNAR,weak,full_reference,full,oe,300,1.4167750646420616,4.448312140598118e-16,1.4167750646420612,1.4167750646420612,1.4167750646420612,4.440892098500626e-16,0.0
VitalDB,0.55,mixed_MNAR,weak,full_reference,full,brier,300,0.11053590028892503,0.0,0.11053590028892503,0.11053590028892503,0.11053590028892503,0.0,0.0
VitalDB,0.55,mixed_MNAR,weak,full_reference,full,auc,300,0.7044103847356897,0.0,0.7044103847356897,0.7044103847356897,0.7044103847356897,0.0,0.0
VitalDB,0.55,mixed_MNAR,weak,full_reference,full,calibration_intercept,300,-0.2251105788481776,2.7801950878738235e-17,-0.22511057884817762,-0.22511057884817762,-0.22511057884817762,2.7755575615628914e-17,0.0
VitalDB,0.55,mixed_MNAR,weak,full_reference,full,calibration_slope,300,0.6581631632744902,1.1120780351495294e-16,0.6581631632744903,0.6581631632744903,0.6581631632744903,-1.1102230246251565e-16,0.0
VitalDB,0.55,mixed_MNAR,weak,full_reference,full,outcome_observed_fraction,300,0.572551440329218,0.023811822315118997,0.5246913580246914,0.6141975308641975,,,
VitalDB,0.55,mixed_MNAR,weak,full_reference,full,reconstructed_sensitivity,300,0.676304347826087,0.06216971323333355,0.5652173913043478,0.8043478260869565,,,
VitalDB,0.55,mixed_MNAR,weak,full_reference,full,ess,300,324.0,0.0,324.0,324.0,324.0,0.0,0.0
VitalDB,0.55,mixed_MNAR,weak,full_reference,full,event_rate_se,300,0.01939026741183426,3.475243859842279e-18,0.019390267411834264,0.019390267411834264,0.019390267411834264,-3.469446951953614e-18,0.0
VitalDB,0.55,mixed_MNAR,weak,full_reference,full,event_rate_interval_coverage,300,1.0,,,,,,
VitalDB,0.55,mixed_MNAR,weak,naive,reconstructed,event_rate,300,0.17060849523768556,0.01662066239858031,0.14247643219724437,0.20459709709709706,0.1419753086419753,0.028633186595710264,0.03309357901160159
VitalDB,0.55,mixed_MNAR,weak,naive,reconstructed,oe,300,1.3210186541870412,0.12804723835938478,1.0949916171531224,1.5749655311444442,1.4167750646420612,-0.09575641045501992,0.1597207930854876
VitalDB,0.55,mixed_MNAR,weak,naive,reconstructed,brier,300,0.12557660164007695,0.0128394868866683,0.10392844921732414,0.1504952137157219,0.11053590028892503,0.015040701351151917,0.01976172089088131
VitalDB,0.55,mixed_MNAR,weak,naive,reconstructed,auc,300,0.7138518614886713,0.031241525409726387,0.6496806408284211,0.778647237886922,0.7044103847356897,0.00944147675298157,0.03258712859658829
VitalDB,0.55,mixed_MNAR,weak,naive,reconstructed,calibration_intercept,300,-0.17636652394972102,0.1765898540797905,-0.5304978276654727,0.13948985753804147,-0.22511057884817762,0.048744054898456596,0.18290984900578494
VitalDB,0.55,mixed_MNAR,weak,naive,reconstructed,calibration_slope,300,0.676917146384712,0.09683433546020367,0.49666978556240987,0.878886002726779,0.6581631632744903,0.018753983110221695,0.09847509386356366
VitalDB,0.55,mixed_MNAR,weak,naive,reconstructed,outcome_observed_fraction,300,0.572551440329218,0.023811822315118997,0.5246913580246914,0.6141975308641975,,,
VitalDB,0.55,mixed_MNAR,weak,naive,reconstructed,reconstructed_sensitivity,300,0.676304347826087,0.06216971323333355,0.5652173913043478,0.8043478260869565,,,
VitalDB,0.55,mixed_MNAR,weak,naive,reconstructed,ess,300,185.50666666666666,7.715030430098556,170.0,199.0,324.0,-138.49333333333334,138.70734179078866
VitalDB,0.55,mixed_MNAR,weak,naive,reconstructed,event_rate_se,300,0.02759595931746666,0.0013576414139289921,0.025127227153978603,0.03015105372772273,0.019390267411834264,0.008205691905632397,0.00831687596947396
VitalDB,0.55,mixed_MNAR,weak,naive,reconstructed,event_rate_interval_coverage,300,0.9666666666666667,,,,,,
VitalDB,0.55,mixed_MNAR,weak,recalibration_intercept_apparent,reconstructed,event_rate,300,0.17060849523768556,0.01662066239858031,0.14247643219724437,0.20459709709709706,,,
VitalDB,0.55,mixed_MNAR,weak,recalibration_intercept_apparent,reconstructed,oe,300,1.0003062792655062,0.028450553953463055,0.9392058038404386,1.052439312033806,1.0,0.000306279265506193,0.02840474808630642
VitalDB,0.55,mixed_MNAR,weak,recalibration_intercept_apparent,reconstructed,brier,300,0.1282983386219213,0.013226703567308574,0.10608919688502602,0.15502288328923733,,,
VitalDB,0.55,mixed_MNAR,weak,recalibration_intercept_apparent,reconstructed,auc,300,0.7002933593610251,0.03798821180320032,0.6294986871743498,0.7647737552566446,,,
VitalDB,0.55,mixed_MNAR,weak,recalibration_intercept_apparent,reconstructed,calibration_intercept,300,-0.5244875151702426,0.1671762044216723,-0.8926622539484789,-0.22492268850089905,0.0,-0.5244875151702426,0.5504015600297744
VitalDB,0.55,mixed_MNAR,weak,recalibration_intercept_apparent,reconstructed,calibration_slope,300,0.6267760901249116,0.1156502513940156,0.4111210406516602,0.8365360388155937,1.0,-0.37322390987508836,0.3906743967565857
VitalDB,0.55,mixed_MNAR,weak,recalibration_intercept_apparent,reconstructed,outcome_observed_fraction,300,0.572551440329218,0.023811822315118997,0.5246913580246914,0.6141975308641975,,,
VitalDB,0.55,mixed_MNAR,weak,recalibration_intercept_apparent,reconstructed,reconstructed_sensitivity,300,0.676304347826087,0.06216971323333355,0.5652173913043478,0.8043478260869565,,,
VitalDB,0.55,mixed_MNAR,weak,recalibration_intercept_apparent,reconstructed,ess,300,185.50666666666666,7.715030430098556,170.0,199.0,,,
VitalDB,0.55,mixed_MNAR,weak,recalibration_intercept_apparent,reconstructed,event_rate_se,300,0.02759595931746666,0.0013576414139289921,0.025127227153978603,0.03015105372772273,,,
VitalDB,0.55,mixed_MNAR,weak,recalibration_intercept_slope_apparent,reconstructed,event_rate,300,0.17060849523768556,0.01662066239858031,0.14247643219724437,0.20459709709709706,,,
VitalDB,0.55,mixed_MNAR,weak,recalibration_intercept_slope_apparent,reconstructed,oe,300,1.0076316961684475,0.03990082671430707,0.9397818180501988,1.0988548387553958,1.0,0.007631696168447499,0.04055874553021055
VitalDB,0.55,mixed_MNAR,weak,recalibration_intercept_slope_apparent,reconstructed,brier,300,0.12832387479507082,0.01364400515999427,0.10542740618735835,0.15619002119927686,,,
VitalDB,0.55,mixed_MNAR,weak,recalibration_intercept_slope_apparent,reconstructed,auc,300,0.6839402135438761,0.04745641144666772,0.5921011904761905,0.759552128782898,,,
VitalDB,0.55,mixed_MNAR,weak,recalibration_intercept_slope_apparent,reconstructed,calibration_intercept,300,-0.31268913216339644,0.2996806845912848,-0.9535212609718475,0.04186698164047931,0.0,-0.31268913216339644,0.43276280383270255
VitalDB,0.55,mixed_MNAR,weak,recalibration_intercept_slope_apparent,reconstructed,calibration_slope,300,0.7826281224247774,0.20158337411521052,0.3474196650797376,1.0119287418017338,1.0,-0.21737187757522258,0.29622784647044614
VitalDB,0.55,mixed_MNAR,weak,recalibration_intercept_slope_apparent,reconstructed,outcome_observed_fraction,300,0.572551440329218,0.023811822315118997,0.5246913580246914,0.6141975308641975,,,
VitalDB,0.55,mixed_MNAR,weak,recalibration_intercept_slope_apparent,reconstructed,reconstructed_sensitivity,300,0.676304347826087,0.06216971323333355,0.5652173913043478,0.8043478260869565,,,
VitalDB,0.55,mixed_MNAR,weak,recalibration_intercept_slope_apparent,reconstructed,ess,300,185.50666666666666,7.715030430098556,170.0,199.0,,,
VitalDB,0.55,mixed_MNAR,weak,recalibration_intercept_slope_apparent,reconstructed,event_rate_se,300,0.02759595931746666,0.0013576414139289921,0.025127227153978603,0.03015105372772273,,,
VitalDB,0.55,mixed_MNAR,weak,recalibration_intercept_slope_truth,full,event_rate,300,0.1419753086419753,0.0,0.1419753086419753,0.1419753086419753,,,
VitalDB,0.55,mixed_MNAR,weak,recalibration_intercept_slope_truth,full,oe,300,1.0030230612619266,0.11960414350095888,0.8038560361735904,1.2398240852032023,1.0,0.0030230612619266406,0.1194428993488074
VitalDB,0.55,mixed_MNAR,weak,recalibration_intercept_slope_truth,full,brier,300,0.11234954891207584,0.003777271777176291,0.1085980949460119,0.12149960908161583,,,
VitalDB,0.55,mixed_MNAR,weak,recalibration_intercept_slope_truth,full,auc,300,0.6812636847044103,0.02770662097086244,0.6287750234594933,0.7113817641538942,,,
VitalDB,0.55,mixed_MNAR,weak,recalibration_intercept_slope_truth,full,calibration_intercept,300,-0.3340041539514624,0.33112140511850957,-1.0103521161768851,0.3055836931164376,0.0,-0.3340041539514624,0.46993051454592316
VitalDB,0.55,mixed_MNAR,weak,recalibration_intercept_slope_truth,full,calibration_slope,300,0.8054300357048445,0.208641555148473,0.38147397372028136,1.2258780272352598,1.0,-0.1945699642951555,0.28503274410520296
VitalDB,0.55,mixed_MNAR,weak,recalibration_intercept_slope_truth,full,outcome_observed_fraction,300,0.572551440329218,0.023811822315118997,0.5246913580246914,0.6141975308641975,,,
VitalDB,0.55,mixed_MNAR,weak,recalibration_intercept_slope_truth,full,reconstructed_sensitivity,300,0.676304347826087,0.06216971323333355,0.5652173913043478,0.8043478260869565,,,
VitalDB,0.55,mixed_MNAR,weak,recalibration_intercept_slope_truth,full,ess,300,324.0,0.0,324.0,324.0,,,
VitalDB,0.55,mixed_MNAR,weak,recalibration_intercept_slope_truth,full,event_rate_se,300,0.01939026741183426,3.475243859842279e-18,0.019390267411834264,0.019390267411834264,,,
VitalDB,0.55,mixed_MNAR,weak,recalibration_intercept_truth,full,event_rate,300,0.1419753086419753,0.0,0.1419753086419753,0.1419753086419753,,,
VitalDB,0.55,mixed_MNAR,weak,recalibration_intercept_truth,full,oe,300,1.0589633513163603,0.11406230216765174,0.8674804595832935,1.296692485737086,1.0,0.058963351316360324,0.12823228225238478
VitalDB,0.55,mixed_MNAR,weak,recalibration_intercept_truth,full,brier,300,0.11204164761385187,0.0025834531871577683,0.10977677644383066,0.11992119414676394,,,
VitalDB,0.55,mixed_MNAR,weak,recalibration_intercept_truth,full,auc,300,0.6942258367219268,0.01559302327305189,0.6435564591804818,0.7085998592430404,,,
VitalDB,0.55,mixed_MNAR,weak,recalibration_intercept_truth,full,calibration_intercept,300,-0.5675905905957107,0.13476752160524388,-0.8548986169026089,-0.3421217209640648,0.0,-0.5675905905957107,0.5833188000251739
VitalDB,0.55,mixed_MNAR,weak,recalibration_intercept_truth,full,calibration_slope,300,0.6179632368881808,0.05570459370125429,0.4497592023563766,0.6634021480256066,1.0,-0.3820367631118192,0.3860631383455042
VitalDB,0.55,mixed_MNAR,weak,recalibration_intercept_truth,full,outcome_observed_fraction,300,0.572551440329218,0.023811822315118997,0.5246913580246914,0.6141975308641975,,,
VitalDB,0.55,mixed_MNAR,weak,recalibration_intercept_truth,full,reconstructed_sensitivity,300,0.676304347826087,0.06216971323333355,0.5652173913043478,0.8043478260869565,,,
VitalDB,0.55,mixed_MNAR,weak,recalibration_intercept_truth,full,ess,300,324.0,0.0,324.0,324.0,,,
VitalDB,0.55,mixed_MNAR,weak,recalibration_intercept_truth,full,event_rate_se,300,0.01939026741183426,3.475243859842279e-18,0.019390267411834264,0.019390267411834264,,,
VitalDB,0.55,mixed_MNAR,weak,reference_05pct_recalibration,full_heldout,event_rate,299,0.1419812071985985,0.0059671862383964425,0.1292517006802721,0.15306122448979592,,,
VitalDB,0.55,mixed_MNAR,weak,reference_05pct_recalibration,full_heldout,oe,299,1.391138477063898,1.6845354651312627,0.49674428000340026,4.270634898052953,1.0,0.3911384770638979,1.726603179872158
VitalDB,0.55,mixed_MNAR,weak,reference_05pct_recalibration,full_heldout,brier,299,0.12192662565695167,0.014960815602674786,0.1070948597499971,0.15272156661698869,,,
VitalDB,0.55,mixed_MNAR,weak,reference_05pct_recalibration,full_heldout,auc,299,0.6595233663881788,0.12613502640476712,0.26703574855180673,0.7260803375626567,,,
VitalDB,0.55,mixed_MNAR,weak,reference_05pct_recalibration,full_heldout,calibration_intercept,299,0.5939874262102772,21.507568123567733,-9.996434272640702,10.181574788149916,0.0,0.5939874262102772,21.479786601510185
VitalDB,0.55,mixed_MNAR,weak,reference_05pct_recalibration,full_heldout,calibration_slope,299,1.4376069471851023,7.444642144205896,-3.7972236344139354,9.976519421828831,1.0,0.4376069471851023,7.445054486437869
VitalDB,0.55,mixed_MNAR,weak,reference_05pct_recalibration,full_heldout,outcome_observed_fraction,299,0.5725463479086667,0.023851577940896762,0.5246913580246914,0.6141975308641975,,,
VitalDB,0.55,mixed_MNAR,weak,reference_05pct_recalibration,full_heldout,reconstructed_sensitivity,299,0.6761669332557801,0.0622282849612809,0.5652173913043478,0.8043478260869565,,,
VitalDB,0.55,mixed_MNAR,weak,reference_05pct_recalibration,full_heldout,ess,299,294.0,0.0,294.0,294.0,,,
VitalDB,0.55,mixed_MNAR,weak,reference_05pct_recalibration,full_heldout,event_rate_se,299,0.02034976967472458,0.0003591544438085489,0.019565492543623577,0.020998338616454712,,,
VitalDB,0.55,mixed_MNAR,weak,reference_05pct_recalibration,full_heldout,reference_sample_n,299,30.0,0.0,30.0,30.0,,,
VitalDB,0.55,mixed_MNAR,weak,reference_05pct_recalibration,full_heldout,evaluation_n,299,294.0,0.0,294.0,294.0,,,
VitalDB,0.55,mixed_MNAR,weak,reference_10pct_recalibration,full_heldout,event_rate,299,0.1420082979921617,0.00619200782909796,0.13058419243986255,0.15463917525773196,,,
VitalDB,0.55,mixed_MNAR,weak,reference_10pct_recalibration,full_heldout,oe,299,1.3257423426613468,1.6263506969624775,0.5363135710887114,4.105563747017135,1.0,0.32574234266134683,1.655982624903828
VitalDB,0.55,mixed_MNAR,weak,reference_10pct_recalibration,full_heldout,brier,299,0.12016342997760887,0.013656448151298644,0.10712672601568674,0.1545926119264842,,,
VitalDB,0.55,mixed_MNAR,weak,reference_10pct_recalibration,full_heldout,auc,299,0.6620014523318251,0.12300054239088112,0.2660390243902439,0.7293227091633466,,,
VitalDB,0.55,mixed_MNAR,weak,reference_10pct_recalibration,full_heldout,calibration_intercept,299,-2.96051928610425,55.16490703259741,-13.844544839265255,10.809645031117912,0.0,-2.96051928610425,55.15209720774276
VitalDB,0.55,mixed_MNAR,weak,reference_10pct_recalibration,full_heldout,calibration_slope,299,0.8928999155794807,5.727876453360449,-5.392243422576578,7.682124496396898,1.0,-0.10710008442051933,5.719292914219913
VitalDB,0.55,mixed_MNAR,weak,reference_10pct_recalibration,full_heldout,outcome_observed_fraction,299,0.5725463479086667,0.023851577940896762,0.5246913580246914,0.6141975308641975,,,
VitalDB,0.55,mixed_MNAR,weak,reference_10pct_recalibration,full_heldout,reconstructed_sensitivity,299,0.6761669332557801,0.0622282849612809,0.5652173913043478,0.8043478260869565,,,
VitalDB,0.55,mixed_MNAR,weak,reference_10pct_recalibration,full_heldout,ess,299,291.0,0.0,291.0,291.0,,,
VitalDB,0.55,mixed_MNAR,weak,reference_10pct_recalibration,full_heldout,event_rate_se,299,0.020455553699980995,0.00037457448004728265,0.019752068152595607,0.021195044218573513,,,
VitalDB,0.55,mixed_MNAR,weak,reference_10pct_recalibration,full_heldout,reference_sample_n,299,33.0,0.0,33.0,33.0,,,
VitalDB,0.55,mixed_MNAR,weak,reference_10pct_recalibration,full_heldout,evaluation_n,299,291.0,0.0,291.0,291.0,,,
VitalDB,0.55,mixed_MNAR,weak,reference_20pct_recalibration,full_heldout,event_rate,300,0.14196911196911197,0.009359800425403287,0.12355212355212356,0.1583011583011583,,,
VitalDB,0.55,mixed_MNAR,weak,reference_20pct_recalibration,full_heldout,oe,300,1.1048063887482473,0.42298062002007736,0.5721948008959467,2.0807621174824287,1.0,0.10480638874824733,0.4350868978552552
VitalDB,0.55,mixed_MNAR,weak,reference_20pct_recalibration,full_heldout,brier,300,0.11448014224528208,0.008755767830518938,0.103073256217512,0.13751475687957898,,,
VitalDB,0.55,mixed_MNAR,weak,reference_20pct_recalibration,full_heldout,auc,300,0.6915475561828822,0.07174616579582097,0.6475955685415145,0.7499170437405731,,,
VitalDB,0.55,mixed_MNAR,weak,reference_20pct_recalibration,full_heldout,calibration_intercept,300,0.38061433830013347,6.473708158356484,-1.4998002594568176,9.177944925211227,0.0,0.38061433830013347,6.4741075268868045
VitalDB,0.55,mixed_MNAR,weak,reference_20pct_recalibration,full_heldout,calibration_slope,300,1.2371769370143644,3.345559305586139,0.25602797373443237,6.101008928878622,1.0,0.23717693701436438,3.3483892759188274
VitalDB,0.55,mixed_MNAR,weak,reference_20pct_recalibration,full_heldout,outcome_observed_fraction,300,0.572551440329218,0.023811822315118997,0.5246913580246914,0.6141975308641975,,,
VitalDB,0.55,mixed_MNAR,weak,reference_20pct_recalibration,full_heldout,reconstructed_sensitivity,300,0.676304347826087,0.06216971323333355,0.5652173913043478,0.8043478260869565,,,
VitalDB,0.55,mixed_MNAR,weak,reference_20pct_recalibration,full_heldout,ess,300,259.0,0.0,259.0,259.0,,,
VitalDB,0.55,mixed_MNAR,weak,reference_20pct_recalibration,full_heldout,event_rate_se,300,0.0216708724486895,0.0006010372657695245,0.020447408414756684,0.022681435061616448,,,
VitalDB,0.55,mixed_MNAR,weak,reference_20pct_recalibration,full_heldout,reference_sample_n,300,65.0,0.0,65.0,65.0,,,
VitalDB,0.55,mixed_MNAR,weak,reference_20pct_recalibration,full_heldout,evaluation_n,300,259.0,0.0,259.0,259.0,,,
VitalDB,0.55,mixed_MNAR,weak,reference_30pct_recalibration,full_heldout,event_rate,300,0.14202064896755162,0.012820643999093865,0.11714601769911505,0.16603982300884945,,,
VitalDB,0.55,mixed_MNAR,weak,reference_30pct_recalibration,full_heldout,oe,300,1.0771254300432043,0.35290790006128037,0.6081523562723001,1.882057741566672,1.0,0.07712543004320427,0.3606621289590295
VitalDB,0.55,mixed_MNAR,weak,reference_30pct_recalibration,full_heldout,brier,300,0.11303774861124535,0.009978485527072135,0.09854092105709214,0.1372205278324962,,,
VitalDB,0.55,mixed_MNAR,weak,reference_30pct_recalibration,full_heldout,auc,300,0.6962362828517742,0.05524990143967785,0.6463295661559425,0.7586626013716137,,,
VitalDB,0.55,mixed_MNAR,weak,reference_30pct_recalibration,full_heldout,calibration_intercept,300,-0.2835855546302632,9.8644874193915,-1.1872739389293903,4.137891407934178,0.0,-0.2835855546302632,9.852115125222456
VitalDB,0.55,mixed_MNAR,weak,reference_30pct_recalibration,full_heldout,calibration_slope,300,0.8513021827416799,5.251767891318178,0.3987090695840389,3.8195868541338007,1.0,-0.1486978172583201,5.2451158365210295
VitalDB,0.55,mixed_MNAR,weak,reference_30pct_recalibration,full_heldout,outcome_observed_fraction,300,0.572551440329218,0.023811822315118997,0.5246913580246914,0.6141975308641975,,,
VitalDB,0.55,mixed_MNAR,weak,reference_30pct_recalibration,full_heldout,reconstructed_sensitivity,300,0.676304347826087,0.06216971323333355,0.5652173913043478,0.8043478260869565,,,
VitalDB,0.55,mixed_MNAR,weak,reference_30pct_recalibration,full_heldout,ess,300,226.0,0.0,226.0,226.0,,,
VitalDB,0.55,mixed_MNAR,weak,reference_30pct_recalibration,full_heldout,event_rate_se,300,0.02318769630535693,0.0008781805434104828,0.021390908145789162,0.024752025062754535,,,
VitalDB,0.55,mixed_MNAR,weak,reference_30pct_recalibration,full_heldout,reference_sample_n,300,98.0,0.0,98.0,98.0,,,
VitalDB,0.55,mixed_MNAR,weak,reference_30pct_recalibration,full_heldout,evaluation_n,300,226.0,0.0,226.0,226.0,,,
VitalDB,0.55,outcome_MNAR,strong,AIPW_design_probability,reconstructed,event_rate,300,0.14105413136050163,0.007544413117279539,0.12611643354944188,0.1559171459544437,0.1419753086419753,-0.000921177281473673,0.007587951610094488
VitalDB,0.55,outcome_MNAR,strong,AIPW_design_probability,reconstructed,oe,300,1.4075826141026664,0.07528588234222007,1.2585189636390761,1.5559009989227328,1.4167750646420612,-0.00919245053939477,0.07572035402298162
VitalDB,0.55,outcome_MNAR,strong,AIPW_design_probability,reconstructed,outcome_observed_fraction,300,0.5319958847736627,0.022496871015519903,0.48912037037037037,0.5740740740740741,,,
VitalDB,0.55,outcome_MNAR,strong,AIPW_design_probability,reconstructed,reconstructed_sensitivity,300,0.9418840579710144,0.031903990843438784,0.8695652173913043,1.0,,,
VitalDB,0.55,outcome_MNAR,strong,AIPW_design_probability,reconstructed,ess,300,143.78764999089228,6.866892797585858,131.5194447123928,156.85363579026327,324.0,-180.21235000910772,180.34269636382942
VitalDB,0.55,outcome_MNAR,strong,AIPW_design_probability,reconstructed,event_rate_se,300,0.020597598270121142,0.00042745571345358417,0.01976165103587239,0.02147217704855836,0.019390267411834264,0.0012073308582868786,0.0012805300180183036
VitalDB,0.55,outcome_MNAR,strong,AIPW_design_probability,reconstructed,event_rate_interval_coverage,300,1.0,,,,,,
VitalDB,0.55,outcome_MNAR,strong,Gamma2_prediction_sensitivity_region,full,event_rate,300,0.1733683171622648,0.005226946525709234,0.1632392054352396,0.1829599104861831,0.1419753086419753,0.031393008520289506,0.031823747171532926
VitalDB,0.55,outcome_MNAR,strong,Gamma2_prediction_sensitivity_region,full,outcome_observed_fraction,300,0.5319958847736627,0.022496871015519903,0.48912037037037037,0.5740740740740741,,,
VitalDB,0.55,outcome_MNAR,strong,Gamma2_prediction_sensitivity_region,full,reconstructed_sensitivity,300,0.9418840579710144,0.031903990843438784,0.8695652173913043,1.0,,,
VitalDB,0.55,outcome_MNAR,strong,Gamma2_prediction_sensitivity_region,full,MNAR_event_rate_coverage,300,0.013333333333333334,,,,,,
VitalDB,0.55,outcome_MNAR,strong,IPAW_design_probability_truncated99,reconstructed,event_rate,300,0.1419866480337967,0.010208194404173749,0.1236947858890397,0.161710623483029,0.1419753086419753,1.1339391821407752e-05,0.01019117285359736
VitalDB,0.55,outcome_MNAR,strong,IPAW_design_probability_truncated99,reconstructed,oe,300,1.4185607063570498,0.09233994545082284,1.2466789970604948,1.6023332525023588,1.4167750646420612,0.0017856417149886283,0.09220320940062612
VitalDB,0.55,outcome_MNAR,strong,IPAW_design_probability_truncated99,reconstructed,brier,300,0.11052461625503919,0.00804346200418141,0.09637853431714102,0.12661855868630978,0.11053590028892503,-1.1284033885838873e-05,0.008030052972350496
VitalDB,0.55,outcome_MNAR,strong,IPAW_design_probability_truncated99,reconstructed,auc,300,0.7060961178085784,0.01912842116699919,0.6725231156290817,0.7441476513488764,0.7044103847356897,0.0016857330728886621,0.019170772998169012
VitalDB,0.55,outcome_MNAR,strong,IPAW_design_probability_truncated99,reconstructed,calibration_intercept,300,-0.2109612173124423,0.1477420545058172,-0.48077157609637344,0.09441607622519992,-0.22511057884817762,0.014149361535735316,0.14817273721089905
VitalDB,0.55,outcome_MNAR,strong,IPAW_design_probability_truncated99,reconstructed,calibration_slope,300,0.6645126554002243,0.060629936930744054,0.5590036928015266,0.7924108051346956,0.6581631632744903,0.006349492125733991,0.060860923464677565
VitalDB,0.55,outcome_MNAR,strong,IPAW_design_probability_truncated99,reconstructed,outcome_observed_fraction,300,0.5319958847736627,0.022496871015519903,0.48912037037037037,0.5740740740740741,,,
VitalDB,0.55,outcome_MNAR,strong,IPAW_design_probability_truncated99,reconstructed,reconstructed_sensitivity,300,0.9418840579710144,0.031903990843438784,0.8695652173913043,1.0,,,
VitalDB,0.55,outcome_MNAR,strong,IPAW_design_probability_truncated99,reconstructed,ess,300,144.67911233577524,6.854077405837413,132.488004792265,157.73849922000605,324.0,-179.32088766422476,179.45139323833752
VitalDB,0.55,outcome_MNAR,strong,IPAW_design_probability_truncated99,reconstructed,event_rate_se,300,0.021698721375572577,0.0013345672401366292,0.019345599061365185,0.02419709135355232,0.019390267411834264,0.0023084539637383134,0.0026653503563478405
VitalDB,0.55,outcome_MNAR,strong,IPAW_design_probability_truncated99,reconstructed,weight_p99,300,4.220539080141641,0.2838986943275814,3.7028490536667804,4.755011873249908,,,
VitalDB,0.55,outcome_MNAR,strong,IPAW_design_probability_truncated99,reconstructed,weight_max,300,4.272055437673231,0.2894517606324214,3.74445726890875,4.836385503219913,,,
VitalDB,0.55,outcome_MNAR,strong,IPAW_design_probability_truncated99,reconstructed,event_rate_interval_coverage,300,1.0,,,,,,
VitalDB,0.55,outcome_MNAR,strong,IPAW_design_probability_untruncated,reconstructed,event_rate,300,0.14159074868491836,0.010184272520018108,0.12355586068405634,0.16130818234367816,0.1419753086419753,-0.00038455995705694024,0.010174554622522518
VitalDB,0.55,outcome_MNAR,strong,IPAW_design_probability_untruncated,reconstructed,oe,300,1.414748353988858,0.09270654856611665,1.2404257423353735,1.60057092763778,1.4167750646420612,-0.0020267106532032564,0.09257409657110756
VitalDB,0.55,outcome_MNAR,strong,IPAW_design_probability_untruncated,reconstructed,brier,300,0.11025813750299543,0.008025754791716574,0.09611828760899432,0.12627895452058813,0.11053590028892503,-0.0002777627859296,0.00801718048996984
VitalDB,0.55,outcome_MNAR,strong,IPAW_design_probability_untruncated,reconstructed,auc,300,0.7058056316039297,0.01928076842921457,0.6704549518432799,0.7441210676740715,0.7044103847356897,0.0013952468682399966,0.019299108397546786
VitalDB,0.55,outcome_MNAR,strong,IPAW_design_probability_untruncated,reconstructed,calibration_intercept,300,-0.21489289466781894,0.14923925870999247,-0.4902747419513601,0.09345153189483242,-0.22511057884817762,0.010217684180358677,0.1493402699291674
VitalDB,0.55,outcome_MNAR,strong,IPAW_design_probability_untruncated,reconstructed,calibration_slope,300,0.6643990216702435,0.0610327457561162,0.5581399167205332,0.7934687590658535,0.6581631632744903,0.0062358583957531355,0.061249206778108585
VitalDB,0.55,outcome_MNAR,strong,IPAW_design_probability_untruncated,reconstructed,outcome_observed_fraction,300,0.5319958847736627,0.022496871015519903,0.48912037037037037,0.5740740740740741,,,
VitalDB,0.55,outcome_MNAR,strong,IPAW_design_probability_untruncated,reconstructed,reconstructed_sensitivity,300,0.9418840579710144,0.031903990843438784,0.8695652173913043,1.0,,,
VitalDB,0.55,outcome_MNAR,strong,IPAW_design_probability_untruncated,reconstructed,ess,300,143.78764999089228,6.866892797585858,131.5194447123928,156.85363579026327,324.0,-180.21235000910772,180.34269636382942
VitalDB,0.55,outcome_MNAR,strong,IPAW_design_probability_untruncated,reconstructed,event_rate_se,300,0.021666682410514015,0.0013351894736846161,0.019322913882756323,0.024173307548730556,0.019390267411834264,0.002276414998679751,0.002637963938422372
VitalDB,0.55,outcome_MNAR,strong,IPAW_design_probability_untruncated,reconstructed,weight_p99,300,4.272055437673231,0.2894517606324214,3.74445726890875,4.836385503219913,,,
VitalDB,0.55,outcome_MNAR,strong,IPAW_design_probability_untruncated,reconstructed,weight_max,300,4.987324890526441,0.5444207928532576,4.100553162310125,5.860546402933845,,,
VitalDB,0.55,outcome_MNAR,strong,IPAW_design_probability_untruncated,reconstructed,event_rate_interval_coverage,300,1.0,,,,,,
VitalDB,0.55,outcome_MNAR,strong,full_reference,full,event_rate,300,0.1419753086419753,0.0,0.1419753086419753,0.1419753086419753,0.1419753086419753,0.0,0.0
VitalDB,0.55,outcome_MNAR,strong,full_reference,full,oe,300,1.4167750646420616,4.448312140598118e-16,1.4167750646420612,1.4167750646420612,1.4167750646420612,4.440892098500626e-16,0.0
VitalDB,0.55,outcome_MNAR,strong,full_reference,full,brier,300,0.11053590028892503,0.0,0.11053590028892503,0.11053590028892503,0.11053590028892503,0.0,0.0
VitalDB,0.55,outcome_MNAR,strong,full_reference,full,auc,300,0.7044103847356897,0.0,0.7044103847356897,0.7044103847356897,0.7044103847356897,0.0,0.0
VitalDB,0.55,outcome_MNAR,strong,full_reference,full,calibration_intercept,300,-0.2251105788481776,2.7801950878738235e-17,-0.22511057884817762,-0.22511057884817762,-0.22511057884817762,2.7755575615628914e-17,0.0
VitalDB,0.55,outcome_MNAR,strong,full_reference,full,calibration_slope,300,0.6581631632744902,1.1120780351495294e-16,0.6581631632744903,0.6581631632744903,0.6581631632744903,-1.1102230246251565e-16,0.0
VitalDB,0.55,outcome_MNAR,strong,full_reference,full,outcome_observed_fraction,300,0.5319958847736627,0.022496871015519903,0.48912037037037037,0.5740740740740741,,,
VitalDB,0.55,outcome_MNAR,strong,full_reference,full,reconstructed_sensitivity,300,0.9418840579710144,0.031903990843438784,0.8695652173913043,1.0,,,
VitalDB,0.55,outcome_MNAR,strong,full_reference,full,ess,300,324.0,0.0,324.0,324.0,324.0,0.0,0.0
VitalDB,0.55,outcome_MNAR,strong,full_reference,full,event_rate_se,300,0.01939026741183426,3.475243859842279e-18,0.019390267411834264,0.019390267411834264,0.019390267411834264,-3.469446951953614e-18,0.0
VitalDB,0.55,outcome_MNAR,strong,full_reference,full,event_rate_interval_coverage,300,1.0,,,,,,
VitalDB,0.55,outcome_MNAR,strong,naive,reconstructed,event_rate,300,0.25422253567634134,0.013891082402370693,0.22776061776061776,0.28037711666925585,0.1419753086419753,0.11224722703436604,0.11310065844184813
VitalDB,0.55,outcome_MNAR,strong,naive,reconstructed,oe,300,2.0191253870754964,0.09650314275579924,1.8393635685045764,2.2234401732951077,1.4167750646420612,0.6023503224334352,0.6100063316410772
VitalDB,0.55,outcome_MNAR,strong,naive,reconstructed,brier,300,0.18845695619756103,0.010750480459470219,0.16876467995140204,0.2081541371290388,0.11053590028892503,0.077921055908636,0.07865671326250033
VitalDB,0.55,outcome_MNAR,strong,naive,reconstructed,auc,300,0.6820275123881189,0.01796657140253103,0.6513480577773628,0.7204032624172014,0.7044103847356897,-0.02238287234757086,0.02868300315860756
VitalDB,0.55,outcome_MNAR,strong,naive,reconstructed,calibration_intercept,300,0.13859977997515036,0.11713100102439745,-0.07049912552933388,0.3702347121693045,-0.22511057884817762,0.363710358823328,0.38204602376987007
VitalDB,0.55,outcome_MNAR,strong,naive,reconstructed,calibration_slope,300,0.5312024382698158,0.051010489698245495,0.44930616769405946,0.6356025400943841,0.6581631632744903,-0.12696072500467448,0.13679335578200866
VitalDB,0.55,outcome_MNAR,strong,naive,reconstructed,outcome_observed_fraction,300,0.5319958847736627,0.022496871015519903,0.48912037037037037,0.5740740740740741,,,
VitalDB,0.55,outcome_MNAR,strong,naive,reconstructed,reconstructed_sensitivity,300,0.9418840579710144,0.031903990843438784,0.8695652173913043,1.0,,,
VitalDB,0.55,outcome_MNAR,strong,naive,reconstructed,ess,300,172.36666666666667,7.288986209028448,158.475,186.0,324.0,-151.63333333333333,151.80783905977978
VitalDB,0.55,outcome_MNAR,strong,naive,reconstructed,event_rate_se,300,0.03317514034997739,0.0012232188113539093,0.030852811072034303,0.03566083351044608,0.019390267411834264,0.01378487293814313,0.013838858285048872
VitalDB,0.55,outcome_MNAR,strong,naive,reconstructed,event_rate_interval_coverage,300,0.0,,,,,,
VitalDB,0.55,outcome_MNAR,strong,recalibration_intercept_apparent,reconstructed,event_rate,300,0.25422253567634134,0.013891082402370693,0.22776061776061776,0.28037711666925585,,,
VitalDB,0.55,outcome_MNAR,strong,recalibration_intercept_apparent,reconstructed,oe,300,0.9983381691873755,0.02100550044578134,0.9457153091363583,1.041891069103664,1.0,-0.0016618308126244985,0.021036205942713354
VitalDB,0.55,outcome_MNAR,strong,recalibration_intercept_apparent,reconstructed,brier,300,0.18084767463266563,0.011139995644171603,0.1615858446575458,0.204686705258818,,,
VitalDB,0.55,outcome_MNAR,strong,recalibration_intercept_apparent,reconstructed,auc,300,0.6707768118852865,0.02382732365772644,0.6182776726158283,0.7139224137931034,,,
VitalDB,0.55,outcome_MNAR,strong,recalibration_intercept_apparent,reconstructed,calibration_intercept,300,-0.4992461899557489,0.07005408419716626,-0.6543518061206323,-0.38088771960744877,0.0,-0.4992461899557489,0.5041209917427161
VitalDB,0.55,outcome_MNAR,strong,recalibration_intercept_apparent,reconstructed,calibration_slope,300,0.49465943854938765,0.06973088238522732,0.334141576299349,0.6190228858561518,1.0,-0.5053405614506123,0.5101129982846105
VitalDB,0.55,outcome_MNAR,strong,recalibration_intercept_apparent,reconstructed,outcome_observed_fraction,300,0.5319958847736627,0.022496871015519903,0.48912037037037037,0.5740740740740741,,,
VitalDB,0.55,outcome_MNAR,strong,recalibration_intercept_apparent,reconstructed,reconstructed_sensitivity,300,0.9418840579710144,0.031903990843438784,0.8695652173913043,1.0,,,
VitalDB,0.55,outcome_MNAR,strong,recalibration_intercept_apparent,reconstructed,ess,300,172.36666666666667,7.288986209028448,158.475,186.0,,,
VitalDB,0.55,outcome_MNAR,strong,recalibration_intercept_apparent,reconstructed,event_rate_se,300,0.03317514034997739,0.0012232188113539093,0.030852811072034303,0.03566083351044608,,,
VitalDB,0.55,outcome_MNAR,strong,recalibration_intercept_slope_apparent,reconstructed,event_rate,300,0.25422253567634134,0.013891082402370693,0.22776061776061776,0.28037711666925585,,,
VitalDB,0.55,outcome_MNAR,strong,recalibration_intercept_slope_apparent,reconstructed,oe,300,1.0035587943482818,0.03166864709765575,0.9530672243812374,1.0665522154009326,1.0,0.0035587943482817685,0.03181548703874531
VitalDB,0.55,outcome_MNAR,strong,recalibration_intercept_slope_apparent,reconstructed,brier,300,0.17709034616273228,0.010625654805027907,0.15895914498563202,0.20184326307762376,,,
VitalDB,0.55,outcome_MNAR,strong,recalibration_intercept_slope_apparent,reconstructed,auc,300,0.6541215602944412,0.03129003035046858,0.5869615262575248,0.7030686363040316,,,
VitalDB,0.55,outcome_MNAR,strong,recalibration_intercept_slope_apparent,reconstructed,calibration_intercept,300,-0.24985530991202098,0.2006703294419936,-0.7286055739774148,0.010391629547271594,0.0,-0.24985530991202098,0.32025306931528763
VitalDB,0.55,outcome_MNAR,strong,recalibration_intercept_slope_apparent,reconstructed,calibration_slope,300,0.7526137403199222,0.19613031012907725,0.2860304486780396,1.000145096243621,1.0,-0.24738625968007777,0.3154977596877498
VitalDB,0.55,outcome_MNAR,strong,recalibration_intercept_slope_apparent,reconstructed,outcome_observed_fraction,300,0.5319958847736627,0.022496871015519903,0.48912037037037037,0.5740740740740741,,,
VitalDB,0.55,outcome_MNAR,strong,recalibration_intercept_slope_apparent,reconstructed,reconstructed_sensitivity,300,0.9418840579710144,0.031903990843438784,0.8695652173913043,1.0,,,
VitalDB,0.55,outcome_MNAR,strong,recalibration_intercept_slope_apparent,reconstructed,ess,300,172.36666666666667,7.288986209028448,158.475,186.0,,,
VitalDB,0.55,outcome_MNAR,strong,recalibration_intercept_slope_apparent,reconstructed,event_rate_se,300,0.03317514034997739,0.0012232188113539093,0.030852811072034303,0.03566083351044608,,,
VitalDB,0.55,outcome_MNAR,strong,recalibration_intercept_slope_truth,full,event_rate,300,0.1419753086419753,0.0,0.1419753086419753,0.1419753086419753,,,
VitalDB,0.55,outcome_MNAR,strong,recalibration_intercept_slope_truth,full,oe,300,0.617066889286857,0.037610600086635144,0.5540783353852438,0.6868596519529175,1.0,-0.38293311071314295,0.3847695535363014
VitalDB,0.55,outcome_MNAR,strong,recalibration_intercept_slope_truth,full,brier,300,0.12167853202800444,0.004948321307614464,0.11442972541787738,0.1339635299968999,,,
VitalDB,0.55,outcome_MNAR,strong,recalibration_intercept_slope_truth,full,auc,300,0.6788768115942028,0.025171343016170664,0.6218603378167031,0.705583359399437,,,
VitalDB,0.55,outcome_MNAR,strong,recalibration_intercept_slope_truth,full,calibration_intercept,300,-0.6678073336553493,0.26096193414486657,-1.2113441643870173,-0.18918466809762363,0.0,-0.6678073336553493,0.7168268704410113
VitalDB,0.55,outcome_MNAR,strong,recalibration_intercept_slope_truth,full,calibration_slope,300,0.9812477842103174,0.23678148417860692,0.44799641010539887,1.3852781011492161,1.0,-0.018752215789682558,0.237129146126495
VitalDB,0.55,outcome_MNAR,strong,recalibration_intercept_slope_truth,full,outcome_observed_fraction,300,0.5319958847736627,0.022496871015519903,0.48912037037037037,0.5740740740740741,,,
VitalDB,0.55,outcome_MNAR,strong,recalibration_intercept_slope_truth,full,reconstructed_sensitivity,300,0.9418840579710144,0.031903990843438784,0.8695652173913043,1.0,,,
VitalDB,0.55,outcome_MNAR,strong,recalibration_intercept_slope_truth,full,ess,300,324.0,0.0,324.0,324.0,,,
VitalDB,0.55,outcome_MNAR,strong,recalibration_intercept_slope_truth,full,event_rate_se,300,0.01939026741183426,3.475243859842279e-18,0.019390267411834264,0.019390267411834264,,,
VitalDB,0.55,outcome_MNAR,strong,recalibration_intercept_truth,full,event_rate,300,0.1419753086419753,0.0,0.1419753086419753,0.1419753086419753,,,
VitalDB,0.55,outcome_MNAR,strong,recalibration_intercept_truth,full,oe,300,0.6548870274252039,0.03660048500309157,0.592757409590851,0.7276612914575135,1.0,-0.3451129725747961,0.34704191969203363
VitalDB,0.55,outcome_MNAR,strong,recalibration_intercept_truth,full,brier,300,0.12328919929429095,0.004478017914136437,0.1172852924738869,0.13480803373330374,,,
VitalDB,0.55,outcome_MNAR,strong,recalibration_intercept_truth,full,auc,300,0.6943280158481909,0.013919092662111264,0.6542403034094464,0.7055462152017518,,,
VitalDB,0.55,outcome_MNAR,strong,recalibration_intercept_truth,full,calibration_intercept,300,-1.0109305027602367,0.08017763735981802,-1.2074398034416256,-0.8822887135907982,0.0,-1.0109305027602367,1.0140944269471288
VitalDB,0.55,outcome_MNAR,strong,recalibration_intercept_truth,full,calibration_slope,300,0.6198146616850636,0.05122508678646251,0.47180088117207164,0.6594830091433741,1.0,-0.3801853383149364,0.38360937721533306
VitalDB,0.55,outcome_MNAR,strong,recalibration_intercept_truth,full,outcome_observed_fraction,300,0.5319958847736627,0.022496871015519903,0.48912037037037037,0.5740740740740741,,,
VitalDB,0.55,outcome_MNAR,strong,recalibration_intercept_truth,full,reconstructed_sensitivity,300,0.9418840579710144,0.031903990843438784,0.8695652173913043,1.0,,,
VitalDB,0.55,outcome_MNAR,strong,recalibration_intercept_truth,full,ess,300,324.0,0.0,324.0,324.0,,,
VitalDB,0.55,outcome_MNAR,strong,recalibration_intercept_truth,full,event_rate_se,300,0.01939026741183426,3.475243859842279e-18,0.019390267411834264,0.019390267411834264,,,
VitalDB,0.55,outcome_MNAR,strong,reference_05pct_recalibration,full_heldout,event_rate,298,0.1419211980094051,0.006411954714094324,0.1292517006802721,0.15306122448979592,,,
VitalDB,0.55,outcome_MNAR,strong,reference_05pct_recalibration,full_heldout,oe,298,1.4266136443951816,2.2050641158657847,0.47613357808490514,3.689028478111387,1.0,0.42661364439518157,2.2423181058195825
VitalDB,0.55,outcome_MNAR,strong,reference_05pct_recalibration,full_heldout,brier,298,0.1218552517360877,0.014430854841159194,0.10799552146767438,0.15429421661245502,,,
VitalDB,0.55,outcome_MNAR,strong,reference_05pct_recalibration,full_heldout,auc,298,0.6609881208460134,0.12476529195603633,0.26605441234143323,0.7246235675067996,,,
VitalDB,0.55,outcome_MNAR,strong,reference_05pct_recalibration,full_heldout,calibration_intercept,298,-1.5526346903433998,19.02991146607402,-15.841253180524674,11.072440189003258,0.0,-1.5526346903433998,19.061295293766648
VitalDB,0.55,outcome_MNAR,strong,reference_05pct_recalibration,full_heldout,calibration_slope,298,0.07437184753022384,12.47901733909601,-7.336970829341363,6.67528521542596,1.0,-0.9256281524697761,12.492401337611769
VitalDB,0.55,outcome_MNAR,strong,reference_05pct_recalibration,full_heldout,outcome_observed_fraction,298,0.5321277653492419,0.022513008310990956,0.48896604938271604,0.5740740740740741,,,
VitalDB,0.55,outcome_MNAR,strong,reference_05pct_recalibration,full_heldout,reconstructed_sensitivity,298,0.9419317187044063,0.0319561361417362,0.8695652173913043,1.0,,,
VitalDB,0.55,outcome_MNAR,strong,reference_05pct_recalibration,full_heldout,ess,298,294.0,0.0,294.0,294.0,,,
VitalDB,0.55,outcome_MNAR,strong,reference_05pct_recalibration,full_heldout,event_rate_se,298,0.020345171306992694,0.00038906404422128885,0.019565492543623577,0.020998338616454712,,,
VitalDB,0.55,outcome_MNAR,strong,reference_05pct_recalibration,full_heldout,reference_sample_n,298,30.0,0.0,30.0,30.0,,,
VitalDB,0.55,outcome_MNAR,strong,reference_05pct_recalibration,full_heldout,evaluation_n,298,294.0,0.0,294.0,294.0,,,
VitalDB,0.55,outcome_MNAR,strong,reference_10pct_recalibration,full_heldout,event_rate,299,0.14189336735280259,0.00660735618495135,0.12714776632302405,0.15463917525773196,,,
VitalDB,0.55,outcome_MNAR,strong,reference_10pct_recalibration,full_heldout,oe,299,1.2079643885128832,0.736730914451928,0.4976430897349608,3.5409713170535695,1.0,0.20796438851288324,0.7643339157437711
VitalDB,0.55,outcome_MNAR,strong,reference_10pct_recalibration,full_heldout,brier,299,0.12090541149262657,0.01440605413996874,0.10726602356847241,0.15389886805062317,,,
VitalDB,0.55,outcome_MNAR,strong,reference_10pct_recalibration,full_heldout,auc,299,0.6616494238195572,0.12508182966669815,0.2629402208135679,0.7277345350306093,,,
VitalDB,0.55,outcome_MNAR,strong,reference_10pct_recalibration,full_heldout,calibration_intercept,299,-0.8854475951974827,11.340121669199617,-13.33385877804942,9.832456900113872,0.0,-0.8854475951974827,11.355715832494155
VitalDB,0.55,outcome_MNAR,strong,reference_10pct_recalibration,full_heldout,calibration_slope,299,0.6143932030404436,4.963137953894779,-5.922831816602564,5.969344664577609,1.0,-0.38560679695955635,4.969813599216102
VitalDB,0.55,outcome_MNAR,strong,reference_10pct_recalibration,full_heldout,outcome_observed_fraction,299,0.5320512820512819,0.022514080295727486,0.4890432098765432,0.5740740740740741,,,
VitalDB,0.55,outcome_MNAR,strong,reference_10pct_recalibration,full_heldout,reconstructed_sensitivity,299,0.9418351025156319,0.03194618727109583,0.8695652173913043,1.0,,,
VitalDB,0.55,outcome_MNAR,strong,reference_10pct_recalibration,full_heldout,ess,299,291.0,0.0,291.0,291.0,,,
VitalDB,0.55,outcome_MNAR,strong,reference_10pct_recalibration,full_heldout,event_rate_se,299,0.020447648161788255,0.00040337536657659214,0.019528920473301695,0.021195044218573513,,,
VitalDB,0.55,outcome_MNAR,strong,reference_10pct_recalibration,full_heldout,reference_sample_n,299,33.0,0.0,33.0,33.0,,,
VitalDB,0.55,outcome_MNAR,strong,reference_10pct_recalibration,full_heldout,evaluation_n,299,291.0,0.0,291.0,291.0,,,
VitalDB,0.55,outcome_MNAR,strong,reference_20pct_recalibration,full_heldout,event_rate,300,0.14146718146718146,0.009423478237030922,0.12355212355212356,0.1583011583011583,,,
VitalDB,0.55,outcome_MNAR,strong,reference_20pct_recalibration,full_heldout,oe,300,1.0513684924467008,0.33264130138111475,0.5766754351561371,1.9075791190473432,1.0,0.05136849244670083,0.33603589582486565
VitalDB,0.55,outcome_MNAR,strong,reference_20pct_recalibration,full_heldout,brier,300,0.11420052343184042,0.008332787788111801,0.10276775870012346,0.13569991311072663,,,
VitalDB,0.55,outcome_MNAR,strong,reference_20pct_recalibration,full_heldout,auc,300,0.6854609475300322,0.0913312167440978,0.258910136666986,0.7465459015965773,,,
VitalDB,0.55,outcome_MNAR,strong,reference_20pct_recalibration,full_heldout,calibration_intercept,300,-0.4359959451982475,63.965592843573475,-13.857210049157462,6.934663572657146,0.0,-0.4359959451982475,63.86038289425832
VitalDB,0.55,outcome_MNAR,strong,reference_20pct_recalibration,full_heldout,calibration_slope,300,1.330311912992322,33.90169884433127,-5.634306531419292,4.666979923422302,1.0,0.330311912992322,33.84676065066136
VitalDB,0.55,outcome_MNAR,strong,reference_20pct_recalibration,full_heldout,outcome_observed_fraction,300,0.5319958847736627,0.022496871015519903,0.48912037037037037,0.5740740740740741,,,
VitalDB,0.55,outcome_MNAR,strong,reference_20pct_recalibration,full_heldout,reconstructed_sensitivity,300,0.9418840579710144,0.031903990843438784,0.8695652173913043,1.0,,,
VitalDB,0.55,outcome_MNAR,strong,reference_20pct_recalibration,full_heldout,ess,300,259.0,0.0,259.0,259.0,,,
VitalDB,0.55,outcome_MNAR,strong,reference_20pct_recalibration,full_heldout,event_rate_se,300,0.021638405141083224,0.000611680583601951,0.020447408414756684,0.022681435061616448,,,
VitalDB,0.55,outcome_MNAR,strong,reference_20pct_recalibration,full_heldout,reference_sample_n,300,65.0,0.0,65.0,65.0,,,
VitalDB,0.55,outcome_MNAR,strong,reference_20pct_recalibration,full_heldout,evaluation_n,300,259.0,0.0,259.0,259.0,,,
VitalDB,0.55,outcome_MNAR,strong,reference_30pct_recalibration,full_heldout,event_rate,300,0.14238938053097341,0.01225151509081258,0.11504424778761062,0.16371681415929204,,,
VitalDB,0.55,outcome_MNAR,strong,reference_30pct_recalibration,full_heldout,oe,300,1.054295844633519,0.2931445525008567,0.6013895517363568,1.694978192780057,1.0,0.05429584463351911,0.29764966259546083
VitalDB,0.55,outcome_MNAR,strong,reference_30pct_recalibration,full_heldout,brier,300,0.11239890644021469,0.008932868116281726,0.09871448321799575,0.13311381716799234,,,
VitalDB,0.55,outcome_MNAR,strong,reference_30pct_recalibration,full_heldout,auc,300,0.7038261563184591,0.039430286381219044,0.6529560935198822,0.762462800256579,,,
VitalDB,0.55,outcome_MNAR,strong,reference_30pct_recalibration,full_heldout,calibration_intercept,300,0.7421191243486109,7.5928017227548485,-1.053117464754465,4.227354511649915,0.0,0.7421191243486109,7.616377748146164
VitalDB,0.55,outcome_MNAR,strong,reference_30pct_recalibration,full_heldout,calibration_slope,300,1.4009507379109691,3.8770847043660157,0.4008826781756896,3.444115982655695,1.0,0.40095073791096913,3.8913289948779073
VitalDB,0.55,outcome_MNAR,strong,reference_30pct_recalibration,full_heldout,outcome_observed_fraction,300,0.5319958847736627,0.022496871015519903,0.48912037037037037,0.5740740740740741,,,
VitalDB,0.55,outcome_MNAR,strong,reference_30pct_recalibration,full_heldout,reconstructed_sensitivity,300,0.9418840579710144,0.031903990843438784,0.8695652173913043,1.0,,,
VitalDB,0.55,outcome_MNAR,strong,reference_30pct_recalibration,full_heldout,ess,300,226.0,0.0,226.0,226.0,,,
VitalDB,0.55,outcome_MNAR,strong,reference_30pct_recalibration,full_heldout,event_rate_se,300,0.02321526732034798,0.000849772584052781,0.02122457550766333,0.02461325807569958,,,
VitalDB,0.55,outcome_MNAR,strong,reference_30pct_recalibration,full_heldout,reference_sample_n,300,98.0,0.0,98.0,98.0,,,
VitalDB,0.55,outcome_MNAR,strong,reference_30pct_recalibration,full_heldout,evaluation_n,300,226.0,0.0,226.0,226.0,,,
VitalDB,0.55,outcome_MNAR,weak,AIPW_design_probability,reconstructed,event_rate,300,0.13113646177310065,0.010799715496354775,0.10815734579546181,0.1507926003979597,0.1419753086419753,-0.010838846868874652,0.015288089374840547
VitalDB,0.55,outcome_MNAR,weak,AIPW_design_probability,reconstructed,oe,300,1.3086139476127638,0.10777062410935448,1.079304789308801,1.504763033937867,1.4167750646420612,-0.10816111702929732,0.15256021641702255
VitalDB,0.55,outcome_MNAR,weak,AIPW_design_probability,reconstructed,outcome_observed_fraction,300,0.5665432098765433,0.026658116758221714,0.5154320987654321,0.6141975308641975,,,
VitalDB,0.55,outcome_MNAR,weak,AIPW_design_probability,reconstructed,reconstructed_sensitivity,300,0.8243478260869566,0.05395861798990564,0.6956521739130435,0.9130434782608695,,,
VitalDB,0.55,outcome_MNAR,weak,AIPW_design_probability,reconstructed,ess,300,159.65436048039115,7.959930442765073,143.756419767629,173.25532460163922,324.0,-164.34563951960885,164.53765076759998
VitalDB,0.55,outcome_MNAR,weak,AIPW_design_probability,reconstructed,event_rate_se,300,0.02073665487618764,0.0007583065753013539,0.01917956125355797,0.022149853505775384,0.019390267411834264,0.0013463874643533762,0.0015446265902927354
VitalDB,0.55,outcome_MNAR,weak,AIPW_design_probability,reconstructed,event_rate_interval_coverage,300,0.9866666666666667,,,,,,
VitalDB,0.55,outcome_MNAR,weak,Gamma2_prediction_sensitivity_region,full,event_rate,300,0.15304480358855407,0.00805331200825787,0.1351397083912895,0.16798896396655655,0.1419753086419753,0.011069494946578773,0.013681131771909159
VitalDB,0.55,outcome_MNAR,weak,Gamma2_prediction_sensitivity_region,full,outcome_observed_fraction,300,0.5665432098765433,0.026658116758221714,0.5154320987654321,0.6141975308641975,,,
VitalDB,0.55,outcome_MNAR,weak,Gamma2_prediction_sensitivity_region,full,reconstructed_sensitivity,300,0.8243478260869566,0.05395861798990564,0.6956521739130435,0.9130434782608695,,,
VitalDB,0.55,outcome_MNAR,weak,Gamma2_prediction_sensitivity_region,full,MNAR_event_rate_coverage,300,0.8333333333333334,,,,,,
VitalDB,0.55,outcome_MNAR,weak,IPAW_design_probability_truncated99,reconstructed,event_rate,300,0.13148054958081096,0.01171166393781958,0.10914102293590207,0.1554966714183798,0.1419753086419753,-0.010494759061164344,0.01571132806937954
VitalDB,0.55,outcome_MNAR,weak,IPAW_design_probability_truncated99,reconstructed,oe,300,1.3120147732572853,0.11609196406792537,1.0765827311861387,1.5240814278912087,1.4167750646420612,-0.10476029138477583,0.15622784096238346
VitalDB,0.55,outcome_MNAR,weak,IPAW_design_probability_truncated99,reconstructed,brier,300,0.10324201892671123,0.009395065338346012,0.08565892872304415,0.12158650814354012,0.11053590028892503,-0.007293881362213803,0.011881655350250419
VitalDB,0.55,outcome_MNAR,weak,IPAW_design_probability_truncated99,reconstructed,auc,300,0.7061549400765557,0.026455032855243837,0.6520395900754304,0.7597797217799563,0.7044103847356897,0.0017445553408659276,0.026468459358857055
VitalDB,0.55,outcome_MNAR,weak,IPAW_design_probability_truncated99,reconstructed,calibration_intercept,300,-0.3150653075437218,0.1793436766919235,-0.6428073316043645,0.045861335188085404,-0.22511057884817762,-0.08995472869554419,0.20037163905145908
VitalDB,0.55,outcome_MNAR,weak,IPAW_design_probability_truncated99,reconstructed,calibration_slope,300,0.6641246964225466,0.07842751177747237,0.5147284026484049,0.8222535077569868,0.6581631632744903,0.005961533148056253,0.07852331861132456
VitalDB,0.55,outcome_MNAR,weak,IPAW_design_probability_truncated99,reconstructed,outcome_observed_fraction,300,0.5665432098765433,0.026658116758221714,0.5154320987654321,0.6141975308641975,,,
VitalDB,0.55,outcome_MNAR,weak,IPAW_design_probability_truncated99,reconstructed,reconstructed_sensitivity,300,0.8243478260869566,0.05395861798990564,0.6956521739130435,0.9130434782608695,,,
VitalDB,0.55,outcome_MNAR,weak,IPAW_design_probability_truncated99,reconstructed,ess,300,160.10120603695913,7.994107224084208,144.14371732132997,173.73545377548322,324.0,-163.89879396304087,164.09298398676825
VitalDB,0.55,outcome_MNAR,weak,IPAW_design_probability_truncated99,reconstructed,event_rate_se,300,0.02111924118789567,0.0013779774193769564,0.01870615498071909,0.02396772742507643,0.019390267411834264,0.0017289737760614078,0.002209489235259235
VitalDB,0.55,outcome_MNAR,weak,IPAW_design_probability_truncated99,reconstructed,weight_p99,300,3.8758560700532643,0.19095858489478557,3.106842858182246,4.109377886562426,,,
VitalDB,0.55,outcome_MNAR,weak,IPAW_design_probability_truncated99,reconstructed,weight_max,300,3.8929611653319807,0.17789553485634532,3.25092624861771,4.130028534394681,,,
VitalDB,0.55,outcome_MNAR,weak,IPAW_design_probability_truncated99,reconstructed,event_rate_interval_coverage,300,0.98,,,,,,
VitalDB,0.55,outcome_MNAR,weak,IPAW_design_probability_untruncated,reconstructed,event_rate,300,0.13129519464937564,0.011681682884964566,0.10898891898350893,0.15523428851287677,0.1419753086419753,-0.01068011399259966,0.015813654781118156
VitalDB,0.55,outcome_MNAR,weak,IPAW_design_probability_untruncated,reconstructed,oe,300,1.3100452789282055,0.11619235764155086,1.0741094035052834,1.5217955534556744,1.4167750646420612,-0.10672978571385561,0.15762902308769133
VitalDB,0.55,outcome_MNAR,weak,IPAW_design_probability_untruncated,reconstructed,brier,300,0.10312355980742743,0.009367604642022761,0.08554016032428091,0.12147972711762671,0.11053590028892503,-0.007412340481497595,0.011933243541487944
VitalDB,0.55,outcome_MNAR,weak,IPAW_design_probability_untruncated,reconstructed,auc,300,0.705995290118939,0.026484607753123543,0.6516773275450535,0.7598912396044785,0.7044103847356897,0.001584905383249291,0.026487888894446483
VitalDB,0.55,outcome_MNAR,weak,IPAW_design_probability_untruncated,reconstructed,calibration_intercept,300,-0.31749373380695084,0.17985670512546525,-0.6465292719034752,0.04476293169482379,-0.22511057884817762,-0.09238315495877322,0.20192883296877137
VitalDB,0.55,outcome_MNAR,weak,IPAW_design_probability_untruncated,reconstructed,calibration_slope,300,0.66389165210612,0.07845272693334406,0.5157821393566685,0.8227724627452826,0.6581631632744903,0.005728488831629686,0.0785310756730164
VitalDB,0.55,outcome_MNAR,weak,IPAW_design_probability_untruncated,reconstructed,outcome_observed_fraction,300,0.5665432098765433,0.026658116758221714,0.5154320987654321,0.6141975308641975,,,
VitalDB,0.55,outcome_MNAR,weak,IPAW_design_probability_untruncated,reconstructed,reconstructed_sensitivity,300,0.8243478260869566,0.05395861798990564,0.6956521739130435,0.9130434782608695,,,
VitalDB,0.55,outcome_MNAR,weak,IPAW_design_probability_untruncated,reconstructed,ess,300,159.65436048039115,7.959930442765073,143.756419767629,173.25532460163922,324.0,-164.34563951960885,164.53765076759998
VitalDB,0.55,outcome_MNAR,weak,IPAW_design_probability_untruncated,reconstructed,event_rate_se,300,0.021100788212119265,0.0013764294147034666,0.018682738639259164,0.023955864402904765,0.019390267411834264,0.0017105208002850016,0.002194111243477953
VitalDB,0.55,outcome_MNAR,weak,IPAW_design_probability_untruncated,reconstructed,weight_p99,300,3.8929611653319807,0.17789553485634532,3.25092624861771,4.130028534394681,,,
VitalDB,0.55,outcome_MNAR,weak,IPAW_design_probability_untruncated,reconstructed,weight_max,300,4.247793616594236,0.21720635176171438,3.889210612091597,4.502394560295359,,,
VitalDB,0.55,outcome_MNAR,weak,IPAW_design_probability_untruncated,reconstructed,event_rate_interval_coverage,300,0.98,,,,,,
VitalDB,0.55,outcome_MNAR,weak,full_reference,full,event_rate,300,0.1419753086419753,0.0,0.1419753086419753,0.1419753086419753,0.1419753086419753,0.0,0.0
VitalDB,0.55,outcome_MNAR,weak,full_reference,full,oe,300,1.4167750646420616,4.448312140598118e-16,1.4167750646420612,1.4167750646420612,1.4167750646420612,4.440892098500626e-16,0.0
VitalDB,0.55,outcome_MNAR,weak,full_reference,full,brier,300,0.11053590028892503,0.0,0.11053590028892503,0.11053590028892503,0.11053590028892503,0.0,0.0
VitalDB,0.55,outcome_MNAR,weak,full_reference,full,auc,300,0.7044103847356897,0.0,0.7044103847356897,0.7044103847356897,0.7044103847356897,0.0,0.0
VitalDB,0.55,outcome_MNAR,weak,full_reference,full,calibration_intercept,300,-0.2251105788481776,2.7801950878738235e-17,-0.22511057884817762,-0.22511057884817762,-0.22511057884817762,2.7755575615628914e-17,0.0
VitalDB,0.55,outcome_MNAR,weak,full_reference,full,calibration_slope,300,0.6581631632744902,1.1120780351495294e-16,0.6581631632744903,0.6581631632744903,0.6581631632744903,-1.1102230246251565e-16,0.0
VitalDB,0.55,outcome_MNAR,weak,full_reference,full,outcome_observed_fraction,300,0.5665432098765433,0.026658116758221714,0.5154320987654321,0.6141975308641975,,,
VitalDB,0.55,outcome_MNAR,weak,full_reference,full,reconstructed_sensitivity,300,0.8243478260869566,0.05395861798990564,0.6956521739130435,0.9130434782608695,,,
VitalDB,0.55,outcome_MNAR,weak,full_reference,full,ess,300,324.0,0.0,324.0,324.0,324.0,0.0,0.0
VitalDB,0.55,outcome_MNAR,weak,full_reference,full,event_rate_se,300,0.01939026741183426,3.475243859842279e-18,0.019390267411834264,0.019390267411834264,0.019390267411834264,-3.469446951953614e-18,0.0
VitalDB,0.55,outcome_MNAR,weak,full_reference,full,event_rate_interval_coverage,300,1.0,,,,,,
VitalDB,0.55,outcome_MNAR,weak,naive,reconstructed,event_rate,300,0.20912152031021633,0.01549463809408003,0.17578117924101078,0.24016134397870922,0.1419753086419753,0.06714621166824103,0.06890498727738938
VitalDB,0.55,outcome_MNAR,weak,naive,reconstructed,oe,300,1.689356508260504,0.1236541302546503,1.4317297999831913,1.9241054786163896,1.4167750646420612,0.27258144361844283,0.29923238381072903
VitalDB,0.55,outcome_MNAR,weak,naive,reconstructed,brier,300,0.15508133280645847,0.011971596417823825,0.12900212675258615,0.17634434772638855,0.11053590028892503,0.04454543251753344,0.04612089492369745
VitalDB,0.55,outcome_MNAR,weak,naive,reconstructed,auc,300,0.6937657139219305,0.02445021193628681,0.6438663399901381,0.7428907450076804,0.7044103847356897,-0.010644670813759194,0.02662947935872713
VitalDB,0.55,outcome_MNAR,weak,naive,reconstructed,calibration_intercept,300,-0.04031366694828835,0.15489883515267244,-0.329587862712345,0.2690368851065178,-0.22511057884817762,0.18479691189988928,0.24096383327991644
VitalDB,0.55,outcome_MNAR,weak,naive,reconstructed,calibration_slope,300,0.5765057315193479,0.06838764654762901,0.4525341253804099,0.7271474453495651,0.6581631632744903,-0.0816574317551424,0.10643879365078673
VitalDB,0.55,outcome_MNAR,weak,naive,reconstructed,outcome_observed_fraction,300,0.5665432098765433,0.026658116758221714,0.5154320987654321,0.6141975308641975,,,
VitalDB,0.55,outcome_MNAR,weak,naive,reconstructed,reconstructed_sensitivity,300,0.8243478260869566,0.05395861798990564,0.6956521739130435,0.9130434782608695,,,
VitalDB,0.55,outcome_MNAR,weak,naive,reconstructed,ess,300,183.56,8.637229829663836,167.0,199.0,324.0,-140.44,140.7044656955374
VitalDB,0.55,outcome_MNAR,weak,naive,reconstructed,event_rate_se,300,0.030017915677216265,0.001322215434909523,0.02762395128935607,0.03262811495965956,0.019390267411834264,0.010627648265382001,0.01070931061258391
VitalDB,0.55,outcome_MNAR,weak,naive,reconstructed,event_rate_interval_coverage,300,0.25333333333333335,,,,,,
VitalDB,0.55,outcome_MNAR,weak,recalibration_intercept_apparent,reconstructed,event_rate,300,0.20912152031021633,0.01549463809408003,0.17578117924101078,0.24016134397870922,,,
VitalDB,0.55,outcome_MNAR,weak,recalibration_intercept_apparent,reconstructed,oe,300,0.9989592264318213,0.024688329270662567,0.942408794241028,1.0479874508564118,1.0,-0.0010407735681786656,0.0246691122618877
VitalDB,0.55,outcome_MNAR,weak,recalibration_intercept_apparent,reconstructed,brier,300,0.15450999359222847,0.011974869279352691,0.1317344318326002,0.179022865012428,,,
VitalDB,0.55,outcome_MNAR,weak,recalibration_intercept_apparent,reconstructed,auc,300,0.6810431132383975,0.03009381673019033,0.615209590246355,0.7343406515375922,,,
VitalDB,0.55,outcome_MNAR,weak,recalibration_intercept_apparent,reconstructed,calibration_intercept,300,-0.5589518540190246,0.10703892069011774,-0.8032243031232237,-0.367338718126299,0.0,-0.5589518540190246,0.5690749639124901
VitalDB,0.55,outcome_MNAR,weak,recalibration_intercept_apparent,reconstructed,calibration_slope,300,0.535558177180717,0.08546936158461536,0.34465381014953295,0.6819301721344107,1.0,-0.46444182281928303,0.4722148541862568
VitalDB,0.55,outcome_MNAR,weak,recalibration_intercept_apparent,reconstructed,outcome_observed_fraction,300,0.5665432098765433,0.026658116758221714,0.5154320987654321,0.6141975308641975,,,
VitalDB,0.55,outcome_MNAR,weak,recalibration_intercept_apparent,reconstructed,reconstructed_sensitivity,300,0.8243478260869566,0.05395861798990564,0.6956521739130435,0.9130434782608695,,,
VitalDB,0.55,outcome_MNAR,weak,recalibration_intercept_apparent,reconstructed,ess,300,183.56,8.637229829663836,167.0,199.0,,,
VitalDB,0.55,outcome_MNAR,weak,recalibration_intercept_apparent,reconstructed,event_rate_se,300,0.030017915677216265,0.001322215434909523,0.02762395128935607,0.03262811495965956,,,
VitalDB,0.55,outcome_MNAR,weak,recalibration_intercept_slope_apparent,reconstructed,event_rate,300,0.20912152031021633,0.01549463809408003,0.17578117924101078,0.24016134397870922,,,
VitalDB,0.55,outcome_MNAR,weak,recalibration_intercept_slope_apparent,reconstructed,oe,300,1.0025995584223937,0.031014942127783218,0.9444860026599414,1.0692290812818006,1.0,0.0025995584223936774,0.031072140529160214
VitalDB,0.55,outcome_MNAR,weak,recalibration_intercept_slope_apparent,reconstructed,brier,300,0.1524172818828216,0.012146538125500716,0.13023521297521792,0.17688355094619626,,,
VitalDB,0.55,outcome_MNAR,weak,recalibration_intercept_slope_apparent,reconstructed,auc,300,0.6661594087231663,0.036759786197729835,0.5930338768846949,0.7287368996743995,,,
VitalDB,0.55,outcome_MNAR,weak,recalibration_intercept_slope_apparent,reconstructed,calibration_intercept,300,-0.28223115548020095,0.2514081272311757,-0.8735099676201512,0.029221518047985007,0.0,-0.28223115548020095,0.3776900643915812
VitalDB,0.55,outcome_MNAR,weak,recalibration_intercept_slope_apparent,reconstructed,calibration_slope,300,0.7700844732602293,0.1991627033458366,0.287578614057338,1.0084720780913103,1.0,-0.22991552673977067,0.30396498575554365
VitalDB,0.55,outcome_MNAR,weak,recalibration_intercept_slope_apparent,reconstructed,outcome_observed_fraction,300,0.5665432098765433,0.026658116758221714,0.5154320987654321,0.6141975308641975,,,
VitalDB,0.55,outcome_MNAR,weak,recalibration_intercept_slope_apparent,reconstructed,reconstructed_sensitivity,300,0.8243478260869566,0.05395861798990564,0.6956521739130435,0.9130434782608695,,,
VitalDB,0.55,outcome_MNAR,weak,recalibration_intercept_slope_apparent,reconstructed,ess,300,183.56,8.637229829663836,167.0,199.0,,,
VitalDB,0.55,outcome_MNAR,weak,recalibration_intercept_slope_apparent,reconstructed,event_rate_se,300,0.030017915677216265,0.001322215434909523,0.02762395128935607,0.03262811495965956,,,
VitalDB,0.55,outcome_MNAR,weak,recalibration_intercept_slope_truth,full,event_rate,300,0.1419753086419753,0.0,0.1419753086419753,0.1419753086419753,,,
VitalDB,0.55,outcome_MNAR,weak,recalibration_intercept_slope_truth,full,oe,300,0.7603821741822081,0.06604658329781118,0.6410061634678896,0.9076376325830577,1.0,-0.2396178258177919,0.24852427066802943
VitalDB,0.55,outcome_MNAR,weak,recalibration_intercept_slope_truth,full,brier,300,0.11502737398073168,0.004663611902023905,0.10957168688395616,0.126974976333714,,,
VitalDB,0.55,outcome_MNAR,weak,recalibration_intercept_slope_truth,full,auc,300,0.6806289750808049,0.023900016552357392,0.6246246481076009,0.7060603690960274,,,
VitalDB,0.55,outcome_MNAR,weak,recalibration_intercept_slope_truth,full,calibration_intercept,300,-0.4617990245617191,0.32400281192037356,-1.1849666123439155,0.14591484453700546,0.0,-0.4617990245617191,0.563814007581126
VitalDB,0.55,outcome_MNAR,weak,recalibration_intercept_slope_truth,full,calibration_slope,300,0.9256117056893884,0.23297597064388517,0.4104832950531821,1.3615431994887264,1.0,-0.07438829431061156,0.24419356096802475
VitalDB,0.55,outcome_MNAR,weak,recalibration_intercept_slope_truth,full,outcome_observed_fraction,300,0.5665432098765433,0.026658116758221714,0.5154320987654321,0.6141975308641975,,,
VitalDB,0.55,outcome_MNAR,weak,recalibration_intercept_slope_truth,full,reconstructed_sensitivity,300,0.8243478260869566,0.05395861798990564,0.6956521739130435,0.9130434782608695,,,
VitalDB,0.55,outcome_MNAR,weak,recalibration_intercept_slope_truth,full,ess,300,324.0,0.0,324.0,324.0,,,
VitalDB,0.55,outcome_MNAR,weak,recalibration_intercept_slope_truth,full,event_rate_se,300,0.01939026741183426,3.475243859842279e-18,0.019390267411834264,0.019390267411834264,,,
VitalDB,0.55,outcome_MNAR,weak,recalibration_intercept_truth,full,event_rate,300,0.1419753086419753,0.0,0.1419753086419753,0.1419753086419753,,,
VitalDB,0.55,outcome_MNAR,weak,recalibration_intercept_truth,full,oe,300,0.8058098830494596,0.06831226857510195,0.6833509203056847,0.956894511835071,1.0,-0.19419011695054045,0.20581742477014714
VitalDB,0.55,outcome_MNAR,weak,recalibration_intercept_truth,full,brier,300,0.11575928882949735,0.003109494775013102,0.11131402175597928,0.12378841870433127,,,
VitalDB,0.55,outcome_MNAR,weak,recalibration_intercept_truth,full,auc,300,0.6937582108226462,0.014284325916558984,0.6523283547075382,0.7063692524241476,,,
VitalDB,0.55,outcome_MNAR,weak,recalibration_intercept_truth,full,calibration_intercept,300,-0.8135751450155431,0.10084911731417354,-1.0249116164955574,-0.613934786269739,0.0,-0.8135751450155431,0.8197811654552897
VitalDB,0.55,outcome_MNAR,weak,recalibration_intercept_truth,full,calibration_slope,300,0.6192131276374592,0.049076289770501595,0.4815864935959504,0.6609149883418028,1.0,-0.38078687236254083,0.38392589923997755
VitalDB,0.55,outcome_MNAR,weak,recalibration_intercept_truth,full,outcome_observed_fraction,300,0.5665432098765433,0.026658116758221714,0.5154320987654321,0.6141975308641975,,,
VitalDB,0.55,outcome_MNAR,weak,recalibration_intercept_truth,full,reconstructed_sensitivity,300,0.8243478260869566,0.05395861798990564,0.6956521739130435,0.9130434782608695,,,
VitalDB,0.55,outcome_MNAR,weak,recalibration_intercept_truth,full,ess,300,324.0,0.0,324.0,324.0,,,
VitalDB,0.55,outcome_MNAR,weak,recalibration_intercept_truth,full,event_rate_se,300,0.01939026741183426,3.475243859842279e-18,0.019390267411834264,0.019390267411834264,,,
VitalDB,0.55,outcome_MNAR,weak,reference_05pct_recalibration,full_heldout,event_rate,299,0.14192432825973197,0.006395348572609973,0.1292517006802721,0.15306122448979592,,,
VitalDB,0.55,outcome_MNAR,weak,reference_05pct_recalibration,full_heldout,oe,299,1.5183459456983408,2.6610063233560832,0.47193229487579147,3.7750979792898676,1.0,0.5183459456983408,2.706650152823205
VitalDB,0.55,outcome_MNAR,weak,reference_05pct_recalibration,full_heldout,brier,299,0.12177918708406958,0.015194635644314312,0.10791296580938471,0.1608882861613127,,,
VitalDB,0.55,outcome_MNAR,weak,reference_05pct_recalibration,full_heldout,auc,299,0.6687097433136721,0.11177167396460078,0.26836738041673364,0.7271699164472271,,,
VitalDB,0.55,outcome_MNAR,weak,reference_05pct_recalibration,full_heldout,calibration_intercept,299,-3.0444063858246846,49.45100920026277,-8.625876561484938,5.085853113974843,0.0,-3.0444063858246846,49.46202703205715
VitalDB,0.55,outcome_MNAR,weak,reference_05pct_recalibration,full_heldout,calibration_slope,299,0.708156219671503,4.755493361010832,-2.728625016805397,5.299663426056486,1.0,-0.291843780328497,4.756496125653969
VitalDB,0.55,outcome_MNAR,weak,reference_05pct_recalibration,full_heldout,outcome_observed_fraction,299,0.566445765721128,0.026649235822694944,0.5154320987654321,0.6141975308641975,,,
VitalDB,0.55,outcome_MNAR,weak,reference_05pct_recalibration,full_heldout,reconstructed_sensitivity,299,0.8241965973534972,0.0539853557546089,0.6956521739130435,0.9130434782608695,,,
VitalDB,0.55,outcome_MNAR,weak,reference_05pct_recalibration,full_heldout,ess,299,294.0,0.0,294.0,294.0,,,
VitalDB,0.55,outcome_MNAR,weak,reference_05pct_recalibration,full_heldout,event_rate_se,299,0.020345446789782548,0.0003853496254585638,0.019565492543623577,0.020998338616454712,,,
VitalDB,0.55,outcome_MNAR,weak,reference_05pct_recalibration,full_heldout,reference_sample_n,299,30.0,0.0,30.0,30.0,,,
VitalDB,0.55,outcome_MNAR,weak,reference_05pct_recalibration,full_heldout,evaluation_n,299,294.0,0.0,294.0,294.0,,,
VitalDB,0.55,outcome_MNAR,weak,reference_10pct_recalibration,full_heldout,event_rate,299,0.1420887494397131,0.006796976423352372,0.12714776632302405,0.15463917525773196,,,
VitalDB,0.55,outcome_MNAR,weak,reference_10pct_recalibration,full_heldout,oe,299,1.4602747595289998,2.3429734262509054,0.4827297776649443,3.846306957704851,1.0,0.46027475952899977,2.3839080764041394
VitalDB,0.55,outcome_MNAR,weak,reference_10pct_recalibration,full_heldout,brier,299,0.12086464498930229,0.014456777462363202,0.10734053998730421,0.1605161944995741,,,
VitalDB,0.55,outcome_MNAR,weak,reference_10pct_recalibration,full_heldout,auc,299,0.6728134988968035,0.10718886436357136,0.26848345764008413,0.7296811555678833,,,
VitalDB,0.55,outcome_MNAR,weak,reference_10pct_recalibration,full_heldout,calibration_intercept,299,-0.5743171251177169,24.90249652736728,-6.827417104791677,21.472784441251793,0.0,-0.5743171251177169,24.867451529764548
VitalDB,0.55,outcome_MNAR,weak,reference_10pct_recalibration,full_heldout,calibration_slope,299,1.3059425404283818,4.909278729224295,-2.3355345579151545,10.190295825944823,1.0,0.30594254042838176,4.910602108610164
VitalDB,0.55,outcome_MNAR,weak,reference_10pct_recalibration,full_heldout,outcome_observed_fraction,299,0.566445765721128,0.026649235822694944,0.5154320987654321,0.6141975308641975,,,
VitalDB,0.55,outcome_MNAR,weak,reference_10pct_recalibration,full_heldout,reconstructed_sensitivity,299,0.8241965973534972,0.0539853557546089,0.6956521739130435,0.9130434782608695,,,
VitalDB,0.55,outcome_MNAR,weak,reference_10pct_recalibration,full_heldout,ess,299,291.0,0.0,291.0,291.0,,,
VitalDB,0.55,outcome_MNAR,weak,reference_10pct_recalibration,full_heldout,event_rate_se,299,0.020459034146671246,0.0004111089406629654,0.019528920473301695,0.021195044218573513,,,
VitalDB,0.55,outcome_MNAR,weak,reference_10pct_recalibration,full_heldout,reference_sample_n,299,33.0,0.0,33.0,33.0,,,
VitalDB,0.55,outcome_MNAR,weak,reference_10pct_recalibration,full_heldout,evaluation_n,299,291.0,0.0,291.0,291.0,,,
VitalDB,0.55,outcome_MNAR,weak,reference_20pct_recalibration,full_heldout,event_rate,300,0.1412226512226512,0.009843000111272471,0.12355212355212356,0.16032818532818524,,,
VitalDB,0.55,outcome_MNAR,weak,reference_20pct_recalibration,full_heldout,oe,300,1.0903638395059916,0.53921154640226,0.5667655546005324,2.1138282955353436,1.0,0.09036383950599158,0.5458438894267629
VitalDB,0.55,outcome_MNAR,weak,reference_20pct_recalibration,full_heldout,brier,300,0.11421133746643425,0.008936006613800633,0.1033905710823361,0.13568825561217984,,,
VitalDB,0.55,outcome_MNAR,weak,reference_20pct_recalibration,full_heldout,auc,300,0.6950104327288593,0.06065020982514284,0.6537116912415885,0.7471919505584036,,,
VitalDB,0.55,outcome_MNAR,weak,reference_20pct_recalibration,full_heldout,calibration_intercept,300,0.9180365335418641,9.178216641663925,-1.2580155398320083,7.884191085038944,0.0,0.9180365335418641,9.208781294458193
VitalDB,0.55,outcome_MNAR,weak,reference_20pct_recalibration,full_heldout,calibration_slope,300,1.4801297861300788,4.579329845999931,0.3226415816277384,5.867857810110099,1.0,0.48012978613007884,4.596834299515285
VitalDB,0.55,outcome_MNAR,weak,reference_20pct_recalibration,full_heldout,outcome_observed_fraction,300,0.5665432098765433,0.026658116758221714,0.5154320987654321,0.6141975308641975,,,
VitalDB,0.55,outcome_MNAR,weak,reference_20pct_recalibration,full_heldout,reconstructed_sensitivity,300,0.8243478260869566,0.05395861798990564,0.6956521739130435,0.9130434782608695,,,
VitalDB,0.55,outcome_MNAR,weak,reference_20pct_recalibration,full_heldout,ess,300,259.0,0.0,259.0,259.0,,,
VitalDB,0.55,outcome_MNAR,weak,reference_20pct_recalibration,full_heldout,event_rate_se,300,0.02162143036017368,0.0006326351982681194,0.020447408414756684,0.022798102543760846,,,
VitalDB,0.55,outcome_MNAR,weak,reference_20pct_recalibration,full_heldout,reference_sample_n,300,65.0,0.0,65.0,65.0,,,
VitalDB,0.55,outcome_MNAR,weak,reference_20pct_recalibration,full_heldout,evaluation_n,300,259.0,0.0,259.0,259.0,,,
VitalDB,0.55,outcome_MNAR,weak,reference_30pct_recalibration,full_heldout,event_rate,300,0.14144542772861357,0.012762979161172517,0.11504424778761062,0.168141592920354,,,
VitalDB,0.55,outcome_MNAR,weak,reference_30pct_recalibration,full_heldout,oe,300,1.043162844075477,0.3346010289984848,0.5926871942096636,1.8695492812656789,1.0,0.04316284407547699,0.3368199621264146
VitalDB,0.55,outcome_MNAR,weak,reference_30pct_recalibration,full_heldout,brier,300,0.11239229656027665,0.009495024649776376,0.09803078001064493,0.13371048463493612,,,
VitalDB,0.55,outcome_MNAR,weak,reference_30pct_recalibration,full_heldout,auc,300,0.7015310624038208,0.038614281156744173,0.6469128964285452,0.7596825396825395,,,
VitalDB,0.55,outcome_MNAR,weak,reference_30pct_recalibration,full_heldout,calibration_intercept,300,0.22735850615399192,1.7999394239987978,-1.1380862032510404,3.7778892841290808,0.0,0.22735850615399192,1.811263246269156
VitalDB,0.55,outcome_MNAR,weak,reference_30pct_recalibration,full_heldout,calibration_slope,300,1.143970644335586,0.922825133868536,0.3820668903216315,3.2954923319486658,1.0,0.14397064433558593,0.932467204090428
VitalDB,0.55,outcome_MNAR,weak,reference_30pct_recalibration,full_heldout,outcome_observed_fraction,300,0.5665432098765433,0.026658116758221714,0.5154320987654321,0.6141975308641975,,,
VitalDB,0.55,outcome_MNAR,weak,reference_30pct_recalibration,full_heldout,reconstructed_sensitivity,300,0.8243478260869566,0.05395861798990564,0.6956521739130435,0.9130434782608695,,,
VitalDB,0.55,outcome_MNAR,weak,reference_30pct_recalibration,full_heldout,ess,300,226.0,0.0,226.0,226.0,,,
VitalDB,0.55,outcome_MNAR,weak,reference_30pct_recalibration,full_heldout,event_rate_se,300,0.02314842784049817,0.000879500987073495,0.021224575507663327,0.024877576146280455,,,
VitalDB,0.55,outcome_MNAR,weak,reference_30pct_recalibration,full_heldout,reference_sample_n,300,98.0,0.0,98.0,98.0,,,
VitalDB,0.55,outcome_MNAR,weak,reference_30pct_recalibration,full_heldout,evaluation_n,300,226.0,0.0,226.0,226.0,,,
VitalDB,0.55,risk_MAR,strong,AIPW_design_probability,reconstructed,event_rate,300,0.11683874461559403,0.02606066769374759,0.08462296674733934,0.15594070083018924,0.1419753086419753,-0.025136564026381272,0.03617653093320066
VitalDB,0.55,risk_MAR,strong,AIPW_design_probability,reconstructed,oe,300,1.165936679686252,0.2600600379713379,0.8444546472936382,1.556136053601791,1.4167750646420612,-0.2508383849558091,0.3610064837447202
VitalDB,0.55,risk_MAR,strong,AIPW_design_probability,reconstructed,outcome_observed_fraction,300,0.5033539094650206,0.02124563846951887,0.4613425925925926,0.5432098765432098,,,
VitalDB,0.55,risk_MAR,strong,AIPW_design_probability,reconstructed,reconstructed_sensitivity,300,0.6235507246376811,0.054813573137329284,0.5,0.717391304347826,,,
VitalDB,0.55,risk_MAR,strong,AIPW_design_probability,reconstructed,ess,300,85.09842966620904,25.76979622000549,20.642162453143456,116.67171103835581,324.0,-238.90157033379097,240.28281065690308
VitalDB,0.55,risk_MAR,strong,AIPW_design_probability,reconstructed,event_rate_se,300,0.024340228679258634,0.017665318705649562,0.016883507151994437,0.03244210967767423,0.019390267411834264,0.00494996126742437,0.018317352153207078
VitalDB,0.55,risk_MAR,strong,AIPW_design_probability,reconstructed,event_rate_interval_coverage,300,0.7566666666666667,,,,,,
VitalDB,0.55,risk_MAR,strong,Gamma2_prediction_sensitivity_region,full,event_rate,300,0.11655628869400092,0.008117960376275895,0.10024727192213982,0.13135484766213268,0.1419753086419753,-0.02541901994797438,0.026679733597821696
VitalDB,0.55,risk_MAR,strong,Gamma2_prediction_sensitivity_region,full,outcome_observed_fraction,300,0.5033539094650206,0.02124563846951887,0.4613425925925926,0.5432098765432098,,,
VitalDB,0.55,risk_MAR,strong,Gamma2_prediction_sensitivity_region,full,reconstructed_sensitivity,300,0.6235507246376811,0.054813573137329284,0.5,0.717391304347826,,,
VitalDB,0.55,risk_MAR,strong,Gamma2_prediction_sensitivity_region,full,MNAR_event_rate_coverage,300,0.09666666666666666,,,,,,
VitalDB,0.55,risk_MAR,strong,IPAW_design_probability_truncated99,reconstructed,event_rate,300,0.12123312825949364,0.02024716603701339,0.08707356904072526,0.1645914934490631,0.1419753086419753,-0.020742180382481656,0.028962377096986135
VitalDB,0.55,risk_MAR,strong,IPAW_design_probability_truncated99,reconstructed,oe,300,1.1668946308634196,0.216208549949235,0.8520074401808347,1.5595914854997732,1.4167750646420612,-0.24988043377864155,0.3301977404520647
VitalDB,0.55,risk_MAR,strong,IPAW_design_probability_truncated99,reconstructed,brier,300,0.09282352932206138,0.017759668858755566,0.06250337136814196,0.13200095045377475,0.11053590028892503,-0.01771237096686365,0.025061575577908193
VitalDB,0.55,risk_MAR,strong,IPAW_design_probability_truncated99,reconstructed,auc,300,0.7490329810518181,0.06610756175703242,0.6299728537378381,0.863591458443427,0.7044103847356897,0.044622596316128416,0.07966692197966366
VitalDB,0.55,risk_MAR,strong,IPAW_design_probability_truncated99,reconstructed,calibration_intercept,300,-0.12018638304070994,0.26172042787146854,-0.4904296038992401,0.29885189479847846,-0.22511057884817762,0.10492419580746767,0.28156410274841076
VitalDB,0.55,risk_MAR,strong,IPAW_design_probability_truncated99,reconstructed,calibration_slope,300,0.8477992347402211,0.18930657282381252,0.5298417114032293,1.1973999979889385,0.6581631632744903,0.1896360714657308,0.26773001609869146
VitalDB,0.55,risk_MAR,strong,IPAW_design_probability_truncated99,reconstructed,outcome_observed_fraction,300,0.5033539094650206,0.02124563846951887,0.4613425925925926,0.5432098765432098,,,
VitalDB,0.55,risk_MAR,strong,IPAW_design_probability_truncated99,reconstructed,reconstructed_sensitivity,300,0.6235507246376811,0.054813573137329284,0.5,0.717391304347826,,,
VitalDB,0.55,risk_MAR,strong,IPAW_design_probability_truncated99,reconstructed,ess,300,100.8142257580433,12.312826283430647,77.9216742024318,121.58351902501639,324.0,-223.1857742419567,223.52402591838754
VitalDB,0.55,risk_MAR,strong,IPAW_design_probability_truncated99,reconstructed,event_rate_se,300,0.025436745834250124,0.006228321574747744,0.01861823346039574,0.033108752284371455,0.019390267411834264,0.00604647842241586,0.008673095428915827
VitalDB,0.55,risk_MAR,strong,IPAW_design_probability_truncated99,reconstructed,weight_p99,300,8.80725292896487,3.9876538948609004,5.345056002481887,12.670744253841736,,,
VitalDB,0.55,risk_MAR,strong,IPAW_design_probability_truncated99,reconstructed,weight_max,300,9.352174403893745,4.6379868899122005,5.448616826877279,14.058756169319674,,,
VitalDB,0.55,risk_MAR,strong,IPAW_design_probability_truncated99,reconstructed,event_rate_interval_coverage,300,0.84,,,,,,
VitalDB,0.55,risk_MAR,strong,IPAW_design_probability_untruncated,reconstructed,event_rate,300,0.11719404496025222,0.02121693784041848,0.07999109898056046,0.1592553149131535,0.1419753086419753,-0.02478126368172308,0.032600137312842524
VitalDB,0.55,risk_MAR,strong,IPAW_design_probability_untruncated,reconstructed,oe,300,1.1654517709785541,0.24965871853857605,0.8509486307875398,1.5483334999974467,1.4167750646420612,-0.25132329366350703,0.3539563656173685
VitalDB,0.55,risk_MAR,strong,IPAW_design_probability_untruncated,reconstructed,brier,300,0.08976478143975518,0.01867742062277522,0.05965714896201512,0.12686432340621936,0.11053590028892503,-0.02077111884916985,0.02791276767411898
VitalDB,0.55,risk_MAR,strong,IPAW_design_probability_untruncated,reconstructed,auc,300,0.7584913471086044,0.06732255174953189,0.6370883754102667,0.8687156532372671,0.7044103847356897,0.05408096237291471,0.08626684596067098
VitalDB,0.55,risk_MAR,strong,IPAW_design_probability_untruncated,reconstructed,calibration_intercept,300,-0.10185266020122748,0.2817614129445643,-0.477898114312551,0.30730523893345313,-0.22511057884817762,0.12325791864695014,0.30711134249261085
VitalDB,0.55,risk_MAR,strong,IPAW_design_probability_untruncated,reconstructed,calibration_slope,300,0.8612167439825591,0.1902882199687761,0.5461119631705893,1.2051209484109549,0.6581631632744903,0.20305358070806878,0.278064137580506
VitalDB,0.55,risk_MAR,strong,IPAW_design_probability_untruncated,reconstructed,outcome_observed_fraction,300,0.5033539094650206,0.02124563846951887,0.4613425925925926,0.5432098765432098,,,
VitalDB,0.55,risk_MAR,strong,IPAW_design_probability_untruncated,reconstructed,reconstructed_sensitivity,300,0.6235507246376811,0.054813573137329284,0.5,0.717391304347826,,,
VitalDB,0.55,risk_MAR,strong,IPAW_design_probability_untruncated,reconstructed,ess,300,85.09842966620904,25.76979622000549,20.642162453143456,116.67171103835581,324.0,-238.90157033379097,240.28281065690308
VitalDB,0.55,risk_MAR,strong,IPAW_design_probability_untruncated,reconstructed,event_rate_se,300,0.025707704533762556,0.007649334591925255,0.018679783594167748,0.03402949540554183,0.019390267411834264,0.0063174371219282925,0.009910968187976283
VitalDB,0.55,risk_MAR,strong,IPAW_design_probability_untruncated,reconstructed,weight_p99,300,9.352174403893745,4.6379868899122005,5.448616826877279,14.058756169319674,,,
VitalDB,0.55,risk_MAR,strong,IPAW_design_probability_untruncated,reconstructed,weight_max,300,20.318263793770026,19.1880787801337,7.211202228042174,75.4380436195835,,,
VitalDB,0.55,risk_MAR,strong,IPAW_design_probability_untruncated,reconstructed,event_rate_interval_coverage,300,0.8,,,,,,
VitalDB,0.55,risk_MAR,strong,full_reference,full,event_rate,300,0.1419753086419753,0.0,0.1419753086419753,0.1419753086419753,0.1419753086419753,0.0,0.0
VitalDB,0.55,risk_MAR,strong,full_reference,full,oe,300,1.4167750646420616,4.448312140598118e-16,1.4167750646420612,1.4167750646420612,1.4167750646420612,4.440892098500626e-16,0.0
VitalDB,0.55,risk_MAR,strong,full_reference,full,brier,300,0.11053590028892503,0.0,0.11053590028892503,0.11053590028892503,0.11053590028892503,0.0,0.0
VitalDB,0.55,risk_MAR,strong,full_reference,full,auc,300,0.7044103847356897,0.0,0.7044103847356897,0.7044103847356897,0.7044103847356897,0.0,0.0
VitalDB,0.55,risk_MAR,strong,full_reference,full,calibration_intercept,300,-0.2251105788481776,2.7801950878738235e-17,-0.22511057884817762,-0.22511057884817762,-0.22511057884817762,2.7755575615628914e-17,0.0
VitalDB,0.55,risk_MAR,strong,full_reference,full,calibration_slope,300,0.6581631632744902,1.1120780351495294e-16,0.6581631632744903,0.6581631632744903,0.6581631632744903,-1.1102230246251565e-16,0.0
VitalDB,0.55,risk_MAR,strong,full_reference,full,outcome_observed_fraction,300,0.5033539094650206,0.02124563846951887,0.4613425925925926,0.5432098765432098,,,
VitalDB,0.55,risk_MAR,strong,full_reference,full,reconstructed_sensitivity,300,0.6235507246376811,0.054813573137329284,0.5,0.717391304347826,,,
VitalDB,0.55,risk_MAR,strong,full_reference,full,ess,300,324.0,0.0,324.0,324.0,324.0,0.0,0.0
VitalDB,0.55,risk_MAR,strong,full_reference,full,event_rate_se,300,0.01939026741183426,3.475243859842279e-18,0.019390267411834264,0.019390267411834264,0.019390267411834264,-3.469446951953614e-18,0.0
VitalDB,0.55,risk_MAR,strong,full_reference,full,event_rate_interval_coverage,300,1.0,,,,,,
VitalDB,0.55,risk_MAR,strong,naive,reconstructed,event_rate,300,0.17860662029758514,0.016858048808885535,0.14371069182389937,0.20939404594467884,0.1419753086419753,0.036631311655609844,0.04031252275105561
VitalDB,0.55,risk_MAR,strong,naive,reconstructed,oe,300,1.1558516637970255,0.10506977794156776,0.9513481066946391,1.3513131143407482,1.4167750646420612,-0.2609234008450356,0.2812185635487822
VitalDB,0.55,risk_MAR,strong,naive,reconstructed,brier,300,0.1272272332474771,0.013049011809024041,0.09842698709866408,0.15206889118586656,0.11053590028892503,0.01669133295855206,0.021173325579479846
VitalDB,0.55,risk_MAR,strong,naive,reconstructed,auc,300,0.7249074766120229,0.03536931650426476,0.6609924085921187,0.8018720688501527,0.7044103847356897,0.020497091876333196,0.04082829121494601
VitalDB,0.55,risk_MAR,strong,naive,reconstructed,calibration_intercept,300,-0.12053405091031041,0.13150323938138483,-0.38203765980902443,0.12875045433688706,-0.22511057884817762,0.1045765279378672,0.16784429835449083
VitalDB,0.55,risk_MAR,strong,naive,reconstructed,calibration_slope,300,0.7928745626790822,0.10928456102363282,0.5911914865336295,1.043798636793131,0.6581631632744903,0.13471139940459187,0.17335070240241646
VitalDB,0.55,risk_MAR,strong,naive,reconstructed,outcome_observed_fraction,300,0.5033539094650206,0.02124563846951887,0.4613425925925926,0.5432098765432098,,,
VitalDB,0.55,risk_MAR,strong,naive,reconstructed,reconstructed_sensitivity,300,0.6235507246376811,0.054813573137329284,0.5,0.717391304347826,,,
VitalDB,0.55,risk_MAR,strong,naive,reconstructed,ess,300,163.08666666666667,6.883586864124113,149.475,176.0,324.0,-160.91333333333333,161.06000952026133
VitalDB,0.55,risk_MAR,strong,naive,reconstructed,event_rate_se,300,0.029970555535433173,0.0014578604306709644,0.02743827974611265,0.0326499569889407,0.019390267411834264,0.010580288123598909,0.010679923655636924
VitalDB,0.55,risk_MAR,strong,naive,reconstructed,event_rate_interval_coverage,300,0.9533333333333334,,,,,,
VitalDB,0.55,risk_MAR,strong,recalibration_intercept_apparent,reconstructed,event_rate,300,0.17860662029758514,0.016858048808885535,0.14371069182389937,0.20939404594467884,,,
VitalDB,0.55,risk_MAR,strong,recalibration_intercept_apparent,reconstructed,oe,300,1.0023639939030728,0.03000393209482679,0.954718509569915,1.0701075470933292,1.0,0.0023639939030728474,0.03004702351072798
VitalDB,0.55,risk_MAR,strong,recalibration_intercept_apparent,reconstructed,brier,300,0.12982053423367423,0.01348785687442664,0.10040586227453392,0.15430784271232034,,,
VitalDB,0.55,risk_MAR,strong,recalibration_intercept_apparent,reconstructed,auc,300,0.7101367160885451,0.04151936645787853,0.6221342189257777,0.790339974396662,,,
VitalDB,0.55,risk_MAR,strong,recalibration_intercept_apparent,reconstructed,calibration_intercept,300,-0.36428954205410397,0.17228246475459788,-0.7237737898966314,-0.03471575086026307,0.0,-0.36428954205410397,0.4028513132902779
VitalDB,0.55,risk_MAR,strong,recalibration_intercept_apparent,reconstructed,calibration_slope,300,0.7311494183247693,0.13001501359151002,0.4764642018476994,0.9854291250235934,1.0,-0.2688505816752307,0.2985434519135303
VitalDB,0.55,risk_MAR,strong,recalibration_intercept_apparent,reconstructed,outcome_observed_fraction,300,0.5033539094650206,0.02124563846951887,0.4613425925925926,0.5432098765432098,,,
VitalDB,0.55,risk_MAR,strong,recalibration_intercept_apparent,reconstructed,reconstructed_sensitivity,300,0.6235507246376811,0.054813573137329284,0.5,0.717391304347826,,,
VitalDB,0.55,risk_MAR,strong,recalibration_intercept_apparent,reconstructed,ess,300,163.08666666666667,6.883586864124113,149.475,176.0,,,
VitalDB,0.55,risk_MAR,strong,recalibration_intercept_apparent,reconstructed,event_rate_se,300,0.029970555535433173,0.0014578604306709644,0.02743827974611265,0.0326499569889407,,,
VitalDB,0.55,risk_MAR,strong,recalibration_intercept_slope_apparent,reconstructed,event_rate,300,0.17860662029758514,0.016858048808885535,0.14371069182389937,0.20939404594467884,,,
VitalDB,0.55,risk_MAR,strong,recalibration_intercept_slope_apparent,reconstructed,oe,300,1.0017540301170398,0.04343149925149165,0.9279565170982044,1.0914352832983876,1.0,0.0017540301170397843,0.0433945169169988
VitalDB,0.55,risk_MAR,strong,recalibration_intercept_slope_apparent,reconstructed,brier,300,0.13149363177594406,0.014009558945842574,0.10368081134922799,0.15937279092448253,,,
VitalDB,0.55,risk_MAR,strong,recalibration_intercept_slope_apparent,reconstructed,auc,300,0.6981299310129748,0.05071615050343872,0.6099776222957957,0.7848491241007165,,,
VitalDB,0.55,risk_MAR,strong,recalibration_intercept_slope_apparent,reconstructed,calibration_intercept,300,-0.28347954141638715,0.37054767290795837,-0.9093997406179317,0.05813375110303713,0.0,-0.28347954141638715,0.46605637324200394
VitalDB,0.55,risk_MAR,strong,recalibration_intercept_slope_apparent,reconstructed,calibration_slope,300,0.8017616693649849,0.21447506155543067,0.39482632546742397,1.0135947897110673,1.0,-0.19823833063501506,0.2917955721426662
VitalDB,0.55,risk_MAR,strong,recalibration_intercept_slope_apparent,reconstructed,outcome_observed_fraction,300,0.5033539094650206,0.02124563846951887,0.4613425925925926,0.5432098765432098,,,
VitalDB,0.55,risk_MAR,strong,recalibration_intercept_slope_apparent,reconstructed,reconstructed_sensitivity,300,0.6235507246376811,0.054813573137329284,0.5,0.717391304347826,,,
VitalDB,0.55,risk_MAR,strong,recalibration_intercept_slope_apparent,reconstructed,ess,300,163.08666666666667,6.883586864124113,149.475,176.0,,,
VitalDB,0.55,risk_MAR,strong,recalibration_intercept_slope_apparent,reconstructed,event_rate_se,300,0.029970555535433173,0.0014578604306709644,0.02743827974611265,0.0326499569889407,,,
VitalDB,0.55,risk_MAR,strong,recalibration_intercept_slope_truth,full,event_rate,300,0.1419753086419753,0.0,0.1419753086419753,0.1419753086419753,,,
VitalDB,0.55,risk_MAR,strong,recalibration_intercept_slope_truth,full,oe,300,1.1472979912715062,0.15175451489335967,0.9103385880738852,1.5144342520098184,1.0,0.14729799127150622,0.21130396647287816
VitalDB,0.55,risk_MAR,strong,recalibration_intercept_slope_truth,full,brier,300,0.11225067115572623,0.0034769239218505614,0.10872117328851122,0.12181450589177983,,,
VitalDB,0.55,risk_MAR,strong,recalibration_intercept_slope_truth,full,auc,300,0.6853081013450109,0.026927265823695274,0.6251485767907413,0.7091883015326869,,,
VitalDB,0.55,risk_MAR,strong,recalibration_intercept_slope_truth,full,calibration_intercept,300,-0.36679921822506595,0.2877139096441921,-0.9045713028436723,0.05998371011921643,0.0,-0.36679921822506595,0.46588091752498667
VitalDB,0.55,risk_MAR,strong,recalibration_intercept_slope_truth,full,calibration_slope,300,0.7062669381397766,0.16587947171646922,0.38633614274187805,0.9865023526206746,1.0,-0.2937330618602234,0.33719933388070855
VitalDB,0.55,risk_MAR,strong,recalibration_intercept_slope_truth,full,outcome_observed_fraction,300,0.5033539094650206,0.02124563846951887,0.4613425925925926,0.5432098765432098,,,
VitalDB,0.55,risk_MAR,strong,recalibration_intercept_slope_truth,full,reconstructed_sensitivity,300,0.6235507246376811,0.054813573137329284,0.5,0.717391304347826,,,
VitalDB,0.55,risk_MAR,strong,recalibration_intercept_slope_truth,full,ess,300,324.0,0.0,324.0,324.0,,,
VitalDB,0.55,risk_MAR,strong,recalibration_intercept_slope_truth,full,event_rate_se,300,0.01939026741183426,3.475243859842279e-18,0.019390267411834264,0.019390267411834264,,,
VitalDB,0.55,risk_MAR,strong,recalibration_intercept_truth,full,event_rate,300,0.1419753086419753,0.0,0.1419753086419753,0.1419753086419753,,,
VitalDB,0.55,risk_MAR,strong,recalibration_intercept_truth,full,oe,300,1.222091915519365,0.12962168903073126,1.0174028878581005,1.4925599728818497,1.0,0.22209191551936502,0.2570420107012661
VitalDB,0.55,risk_MAR,strong,recalibration_intercept_truth,full,brier,300,0.11146465281671851,0.0019873683711198234,0.10980100994242718,0.11674766247810774,,,
VitalDB,0.55,risk_MAR,strong,recalibration_intercept_truth,full,auc,300,0.6947690543217601,0.014720413501535573,0.6528131842352205,0.7082460118861433,,,
VitalDB,0.55,risk_MAR,strong,recalibration_intercept_truth,full,calibration_intercept,300,-0.4357387296052026,0.1282742185686079,-0.7010952230130882,-0.21452890245171707,0.0,-0.4357387296052026,0.4541670045737708
VitalDB,0.55,risk_MAR,strong,recalibration_intercept_truth,full,calibration_slope,300,0.6212076886533386,0.05029065852761611,0.4910015614204769,0.6631429809049794,1.0,-0.37879231134666136,0.38210513601542984
VitalDB,0.55,risk_MAR,strong,recalibration_intercept_truth,full,outcome_observed_fraction,300,0.5033539094650206,0.02124563846951887,0.4613425925925926,0.5432098765432098,,,
VitalDB,0.55,risk_MAR,strong,recalibration_intercept_truth,full,reconstructed_sensitivity,300,0.6235507246376811,0.054813573137329284,0.5,0.717391304347826,,,
VitalDB,0.55,risk_MAR,strong,recalibration_intercept_truth,full,ess,300,324.0,0.0,324.0,324.0,,,
VitalDB,0.55,risk_MAR,strong,recalibration_intercept_truth,full,event_rate_se,300,0.01939026741183426,3.475243859842279e-18,0.019390267411834264,0.019390267411834264,,,
VitalDB,0.55,risk_MAR,strong,reference_05pct_recalibration,full_heldout,event_rate,297,0.14237614237614238,0.006093719640549381,0.1292517006802721,0.15306122448979592,,,
VitalDB,0.55,risk_MAR,strong,reference_05pct_recalibration,full_heldout,oe,297,1.4459254964666057,1.5938299321008975,0.5296930599194228,4.898908075669194,1.0,0.44592549646660573,1.6524497641094351
VitalDB,0.55,risk_MAR,strong,reference_05pct_recalibration,full_heldout,brier,297,0.12208289235576743,0.012559620193335208,0.10753694708622855,0.15047603481906274,,,
VitalDB,0.55,risk_MAR,strong,reference_05pct_recalibration,full_heldout,auc,297,0.6396593078486472,0.14938600782435474,0.26695247087326757,0.724860285368898,,,
VitalDB,0.55,risk_MAR,strong,reference_05pct_recalibration,full_heldout,calibration_intercept,297,-2.5223697794892064,19.820530874304996,-20.989255992862198,7.852527380495734,0.0,-2.5223697794892064,19.947256818284615
VitalDB,0.55,risk_MAR,strong,reference_05pct_recalibration,full_heldout,calibration_slope,297,-0.4472103538572567,10.503744805557279,-12.067641691654558,5.9355311184566775,1.0,-1.4472103538572567,10.585442635805189
VitalDB,0.55,risk_MAR,strong,reference_05pct_recalibration,full_heldout,outcome_observed_fraction,297,0.5032319075528952,0.021243930267234014,0.4611111111111111,0.5432098765432098,,,
VitalDB,0.55,risk_MAR,strong,reference_05pct_recalibration,full_heldout,reconstructed_sensitivity,297,0.6230420143463623,0.054591890268702196,0.5,0.717391304347826,,,
VitalDB,0.55,risk_MAR,strong,reference_05pct_recalibration,full_heldout,ess,297,294.0,0.0,294.0,294.0,,,
VitalDB,0.55,risk_MAR,strong,reference_05pct_recalibration,full_heldout,event_rate_se,297,0.020373106234083543,0.0003672151613983447,0.019565492543623577,0.020998338616454712,,,
VitalDB,0.55,risk_MAR,strong,reference_05pct_recalibration,full_heldout,reference_sample_n,297,30.0,0.0,30.0,30.0,,,
VitalDB,0.55,risk_MAR,strong,reference_05pct_recalibration,full_heldout,evaluation_n,297,294.0,0.0,294.0,294.0,,,
VitalDB,0.55,risk_MAR,strong,reference_10pct_recalibration,full_heldout,event_rate,299,0.14267489570044478,0.006477014059954811,0.12869415807560136,0.15463917525773196,,,
VitalDB,0.55,risk_MAR,strong,reference_10pct_recalibration,full_heldout,oe,299,1.4487804499438175,1.5924293452510856,0.5437251375721459,5.0629373679291785,1.0,0.4487804499438175,1.6518940858905857
VitalDB,0.55,risk_MAR,strong,reference_10pct_recalibration,full_heldout,brier,299,0.12123662361244346,0.012472986052295453,0.10774446827744034,0.15016768732307673,,,
VitalDB,0.55,risk_MAR,strong,reference_10pct_recalibration,full_heldout,auc,299,0.6518665054027565,0.1373015965673829,0.2603783996976045,0.7251677728445486,,,
VitalDB,0.55,risk_MAR,strong,reference_10pct_recalibration,full_heldout,calibration_intercept,299,-0.10162645743185637,10.949062070847624,-13.918093710637681,12.368632080594827,0.0,-0.10162645743185637,10.931209684079677
VitalDB,0.55,risk_MAR,strong,reference_10pct_recalibration,full_heldout,calibration_slope,299,1.055249393600371,6.43111976244151,-5.698098655577232,7.86544282485772,1.0,0.055249393600371066,6.420594090239646
VitalDB,0.55,risk_MAR,strong,reference_10pct_recalibration,full_heldout,outcome_observed_fraction,299,0.5032412568644454,0.02119131624294412,0.4612654320987654,0.5432098765432098,,,
VitalDB,0.55,risk_MAR,strong,reference_10pct_recalibration,full_heldout,reconstructed_sensitivity,299,0.623382288788716,0.05482764226672677,0.5,0.717391304347826,,,
VitalDB,0.55,risk_MAR,strong,reference_10pct_recalibration,full_heldout,ess,299,291.0,0.0,291.0,291.0,,,
VitalDB,0.55,risk_MAR,strong,reference_10pct_recalibration,full_heldout,event_rate_se,299,0.02049494440339828,0.00039179169004201415,0.019629336928983956,0.021195044218573513,,,
VitalDB,0.55,risk_MAR,strong,reference_10pct_recalibration,full_heldout,reference_sample_n,299,33.0,0.0,33.0,33.0,,,
VitalDB,0.55,risk_MAR,strong,reference_10pct_recalibration,full_heldout,evaluation_n,299,291.0,0.0,291.0,291.0,,,
VitalDB,0.55,risk_MAR,strong,reference_20pct_recalibration,full_heldout,event_rate,300,0.14276705276705276,0.010101973755016232,0.12355212355212356,0.16032818532818524,,,
VitalDB,0.55,risk_MAR,strong,reference_20pct_recalibration,full_heldout,oe,300,1.1545906224084468,0.5174352772784994,0.5700224753332622,2.313323635666559,1.0,0.1545906224084468,0.5392078101143697
VitalDB,0.55,risk_MAR,strong,reference_20pct_recalibration,full_heldout,brier,300,0.11574793472370054,0.009639075717446757,0.10337873942576752,0.14002140900304702,,,
VitalDB,0.55,risk_MAR,strong,reference_20pct_recalibration,full_heldout,auc,300,0.694069154977008,0.07003745230153859,0.6513154761904763,0.7452260837070254,,,
VitalDB,0.55,risk_MAR,strong,reference_20pct_recalibration,full_heldout,calibration_intercept,300,1.883396267414912,16.37211115211884,-1.3818099586538826,17.003747833018515,0.0,1.883396267414912,16.452954699147163
VitalDB,0.55,risk_MAR,strong,reference_20pct_recalibration,full_heldout,calibration_slope,300,2.031570705973824,8.601141944623947,0.28944510784339234,9.037568568282175,1.0,1.0315707059738242,8.648536411660697
VitalDB,0.55,risk_MAR,strong,reference_20pct_recalibration,full_heldout,outcome_observed_fraction,300,0.5033539094650206,0.02124563846951887,0.4613425925925926,0.5432098765432098,,,
VitalDB,0.55,risk_MAR,strong,reference_20pct_recalibration,full_heldout,reconstructed_sensitivity,300,0.6235507246376811,0.054813573137329284,0.5,0.717391304347826,,,
VitalDB,0.55,risk_MAR,strong,reference_20pct_recalibration,full_heldout,ess,300,259.0,0.0,259.0,259.0,,,
VitalDB,0.55,risk_MAR,strong,reference_20pct_recalibration,full_heldout,event_rate_se,300,0.021719056153279622,0.0006471398615218339,0.020447408414756684,0.022798102543760846,,,
VitalDB,0.55,risk_MAR,strong,reference_20pct_recalibration,full_heldout,reference_sample_n,300,65.0,0.0,65.0,65.0,,,
VitalDB,0.55,risk_MAR,strong,reference_20pct_recalibration,full_heldout,evaluation_n,300,259.0,0.0,259.0,259.0,,,
VitalDB,0.55,risk_MAR,strong,reference_30pct_recalibration,full_heldout,event_rate,300,0.14274336283185843,0.012551005100146909,0.11714601769911505,0.168141592920354,,,
VitalDB,0.55,risk_MAR,strong,reference_30pct_recalibration,full_heldout,oe,300,1.080971065532849,0.3403142581128927,0.6021212626809228,1.9868889922394661,1.0,0.08097106553284905,0.3492621676442168
VitalDB,0.55,risk_MAR,strong,reference_30pct_recalibration,full_heldout,brier,300,0.11315417589309265,0.009622794321225042,0.09841846734618558,0.13415199782201143,,,
VitalDB,0.55,risk_MAR,strong,reference_30pct_recalibration,full_heldout,auc,300,0.7003429045014791,0.05385915199850646,0.6432605342154366,0.7651363464146127,,,
VitalDB,0.55,risk_MAR,strong,reference_30pct_recalibration,full_heldout,calibration_intercept,300,0.24257237085184263,8.296660754613741,-1.1284132746947138,5.203837087980778,0.0,0.24257237085184263,8.28637269457057
VitalDB,0.55,risk_MAR,strong,reference_30pct_recalibration,full_heldout,calibration_slope,300,1.1786753488959243,3.937889815891438,0.3834659900991085,3.584627738914427,1.0,0.1786753488959243,3.935379417760238
VitalDB,0.55,risk_MAR,strong,reference_30pct_recalibration,full_heldout,outcome_observed_fraction,300,0.5033539094650206,0.02124563846951887,0.4613425925925926,0.5432098765432098,,,
VitalDB,0.55,risk_MAR,strong,reference_30pct_recalibration,full_heldout,reconstructed_sensitivity,300,0.6235507246376811,0.054813573137329284,0.5,0.717391304347826,,,
VitalDB,0.55,risk_MAR,strong,reference_30pct_recalibration,full_heldout,ess,300,226.0,0.0,226.0,226.0,,,
VitalDB,0.55,risk_MAR,strong,reference_30pct_recalibration,full_heldout,event_rate_se,300,0.02323830416005988,0.0008596277043145908,0.021390908145789162,0.024877576146280455,,,
VitalDB,0.55,risk_MAR,strong,reference_30pct_recalibration,full_heldout,reference_sample_n,300,98.0,0.0,98.0,98.0,,,
VitalDB,0.55,risk_MAR,strong,reference_30pct_recalibration,full_heldout,evaluation_n,300,226.0,0.0,226.0,226.0,,,
VitalDB,0.55,risk_MAR,weak,AIPW_design_probability,reconstructed,event_rate,300,0.11665014808974429,0.015568186412053021,0.08837456832091621,0.1466966518123927,0.1419753086419753,-0.02532516055223101,0.02971404197338653
VitalDB,0.55,risk_MAR,weak,AIPW_design_probability,reconstructed,oe,300,1.1640546703590113,0.15535531157686802,0.8818919708166962,1.4638894631909918,1.4167750646420612,-0.2527203942830498,0.2965171489345523
VitalDB,0.55,risk_MAR,weak,AIPW_design_probability,reconstructed,outcome_observed_fraction,300,0.5430349794238684,0.025119916126461105,0.49382716049382713,0.6018518518518519,,,
VitalDB,0.55,risk_MAR,weak,AIPW_design_probability,reconstructed,reconstructed_sensitivity,300,0.6073913043478261,0.055301648945572005,0.5,0.6956521739130435,,,
VitalDB,0.55,risk_MAR,weak,AIPW_design_probability,reconstructed,ess,300,133.6418452670175,9.748942865287095,113.78813594665802,150.83231039079052,324.0,-190.3581547329825,190.60679986308668
VitalDB,0.55,risk_MAR,weak,AIPW_design_probability,reconstructed,event_rate_se,300,0.023156230632147452,0.003312182311546353,0.017734970607483743,0.03044150478697959,0.019390267411834264,0.0037659632203131885,0.005011632681683932
VitalDB,0.55,risk_MAR,weak,AIPW_design_probability,reconstructed,event_rate_interval_coverage,300,0.83,,,,,,
VitalDB,0.55,risk_MAR,weak,Gamma2_prediction_sensitivity_region,full,event_rate,300,0.1166218360224588,0.007678096319470467,0.10067155312471276,0.1317841876309488,0.1419753086419753,-0.025353472619516496,0.026486887820504734
VitalDB,0.55,risk_MAR,weak,Gamma2_prediction_sensitivity_region,full,outcome_observed_fraction,300,0.5430349794238684,0.025119916126461105,0.49382716049382713,0.6018518518518519,,,
VitalDB,0.55,risk_MAR,weak,Gamma2_prediction_sensitivity_region,full,reconstructed_sensitivity,300,0.6073913043478261,0.055301648945572005,0.5,0.6956521739130435,,,
VitalDB,0.55,risk_MAR,weak,Gamma2_prediction_sensitivity_region,full,MNAR_event_rate_coverage,300,0.10333333333333333,,,,,,
VitalDB,0.55,risk_MAR,weak,IPAW_design_probability_truncated99,reconstructed,event_rate,300,0.11714270183617276,0.016180635621450036,0.08814778310530746,0.15488297748375823,0.1419753086419753,-0.024832606805802543,0.029624291046178343
VitalDB,0.55,risk_MAR,weak,IPAW_design_probability_truncated99,reconstructed,oe,300,1.1628950563508298,0.15406600572192042,0.8825625885913565,1.4788039583090886,1.4167750646420612,-0.25388000829123136,0.2968371129345725
VitalDB,0.55,risk_MAR,weak,IPAW_design_probability_truncated99,reconstructed,brier,300,0.09133201948977461,0.014029130282477282,0.06677057290783905,0.12087709350874686,0.11053590028892503,-0.01920388079915042,0.02376866591212943
VitalDB,0.55,risk_MAR,weak,IPAW_design_probability_truncated99,reconstructed,auc,300,0.7263938157966495,0.058881350324602955,0.6189431754219298,0.8369099213594836,0.7044103847356897,0.02198343106095979,0.06275928573425418
VitalDB,0.55,risk_MAR,weak,IPAW_design_probability_truncated99,reconstructed,calibration_intercept,300,-0.32088847257239667,0.3211910960220368,-1.041953412629585,0.21428971139517303,-0.22511057884817762,-0.09577789372421905,0.3346539197781378
VitalDB,0.55,risk_MAR,weak,IPAW_design_probability_truncated99,reconstructed,calibration_slope,300,0.7461625437484003,0.19809813311814442,0.3459113666890284,1.0907985229794097,0.6581631632744903,0.08799938047390998,0.21646235640607286
VitalDB,0.55,risk_MAR,weak,IPAW_design_probability_truncated99,reconstructed,outcome_observed_fraction,300,0.5430349794238684,0.025119916126461105,0.49382716049382713,0.6018518518518519,,,
VitalDB,0.55,risk_MAR,weak,IPAW_design_probability_truncated99,reconstructed,reconstructed_sensitivity,300,0.6073913043478261,0.055301648945572005,0.5,0.6956521739130435,,,
VitalDB,0.55,risk_MAR,weak,IPAW_design_probability_truncated99,reconstructed,ess,300,138.9951222130389,8.032051465731481,123.38803692488298,153.86603585751908,324.0,-185.0048777869611,185.1785722202961
VitalDB,0.55,risk_MAR,weak,IPAW_design_probability_truncated99,reconstructed,event_rate_se,300,0.023335955704906642,0.0028109238076644066,0.01840246625474753,0.029219654169480812,0.019390267411834264,0.003945688293072378,0.004841839641748578
VitalDB,0.55,risk_MAR,weak,IPAW_design_probability_truncated99,reconstructed,weight_p99,300,5.260184325565703,0.8784031139051872,3.9529848931860854,7.677600001902761,,,
VitalDB,0.55,risk_MAR,weak,IPAW_design_probability_truncated99,reconstructed,weight_max,300,5.411710898655989,0.9361925706758731,4.003478929492034,7.8785207934132,,,
VitalDB,0.55,risk_MAR,weak,IPAW_design_probability_truncated99,reconstructed,event_rate_interval_coverage,300,0.8166666666666667,,,,,,
VitalDB,0.55,risk_MAR,weak,IPAW_design_probability_untruncated,reconstructed,event_rate,300,0.11627240043296858,0.016472239779690888,0.08765491244390111,0.15404124755463153,0.1419753086419753,-0.025702908209006725,0.03051343515266224
VitalDB,0.55,risk_MAR,weak,IPAW_design_probability_untruncated,reconstructed,oe,300,1.1646919274921357,0.15691790255686972,0.8819541662891291,1.479124533526822,1.4167750646420612,-0.2520831371499255,0.29679464070473466
VitalDB,0.55,risk_MAR,weak,IPAW_design_probability_untruncated,reconstructed,brier,300,0.09071778988289153,0.014344104771999051,0.06645194139907648,0.12025429362246266,0.11053590028892503,-0.0198181104060335,0.024450460063226872
VitalDB,0.55,risk_MAR,weak,IPAW_design_probability_untruncated,reconstructed,auc,300,0.7277262473006975,0.06091096640172293,0.6098693400589761,0.8402005849210754,0.7044103847356897,0.023315862565007728,0.06512609402061646
VitalDB,0.55,risk_MAR,weak,IPAW_design_probability_untruncated,reconstructed,calibration_intercept,300,-0.32488254401151306,0.3394175127210568,-1.0722207352577307,0.21526903530975194,-0.22511057884817762,-0.09977196516333545,0.35323459458905887
VitalDB,0.55,risk_MAR,weak,IPAW_design_probability_untruncated,reconstructed,calibration_slope,300,0.7447740962403738,0.20739802303299193,0.3030963463839341,1.091798831177681,0.6581631632744903,0.08661093296588351,0.2244371044799728
VitalDB,0.55,risk_MAR,weak,IPAW_design_probability_untruncated,reconstructed,outcome_observed_fraction,300,0.5430349794238684,0.025119916126461105,0.49382716049382713,0.6018518518518519,,,
VitalDB,0.55,risk_MAR,weak,IPAW_design_probability_untruncated,reconstructed,reconstructed_sensitivity,300,0.6073913043478261,0.055301648945572005,0.5,0.6956521739130435,,,
VitalDB,0.55,risk_MAR,weak,IPAW_design_probability_untruncated,reconstructed,ess,300,133.6418452670175,9.748942865287095,113.78813594665802,150.83231039079052,324.0,-190.3581547329825,190.60679986308668
VitalDB,0.55,risk_MAR,weak,IPAW_design_probability_untruncated,reconstructed,event_rate_se,300,0.023357096976512816,0.0030098254914388963,0.01835034028630664,0.029715832299327886,0.019390267411834264,0.003966829564678552,0.004976403264657465
VitalDB,0.55,risk_MAR,weak,IPAW_design_probability_untruncated,reconstructed,weight_p99,300,5.411710898655989,0.9361925706758731,4.003478929492034,7.8785207934132,,,
VitalDB,0.55,risk_MAR,weak,IPAW_design_probability_untruncated,reconstructed,weight_max,300,8.06338855257361,2.306618359791222,4.87471289329006,13.2537005822844,,,
VitalDB,0.55,risk_MAR,weak,IPAW_design_probability_untruncated,reconstructed,event_rate_interval_coverage,300,0.8166666666666667,,,,,,
VitalDB,0.55,risk_MAR,weak,full_reference,full,event_rate,300,0.1419753086419753,0.0,0.1419753086419753,0.1419753086419753,0.1419753086419753,0.0,0.0
VitalDB,0.55,risk_MAR,weak,full_reference,full,oe,300,1.4167750646420616,4.448312140598118e-16,1.4167750646420612,1.4167750646420612,1.4167750646420612,4.440892098500626e-16,0.0
VitalDB,0.55,risk_MAR,weak,full_reference,full,brier,300,0.11053590028892503,0.0,0.11053590028892503,0.11053590028892503,0.11053590028892503,0.0,0.0
VitalDB,0.55,risk_MAR,weak,full_reference,full,auc,300,0.7044103847356897,0.0,0.7044103847356897,0.7044103847356897,0.7044103847356897,0.0,0.0
VitalDB,0.55,risk_MAR,weak,full_reference,full,calibration_intercept,300,-0.2251105788481776,2.7801950878738235e-17,-0.22511057884817762,-0.22511057884817762,-0.22511057884817762,2.7755575615628914e-17,0.0
VitalDB,0.55,risk_MAR,weak,full_reference,full,calibration_slope,300,0.6581631632744902,1.1120780351495294e-16,0.6581631632744903,0.6581631632744903,0.6581631632744903,-1.1102230246251565e-16,0.0
VitalDB,0.55,risk_MAR,weak,full_reference,full,outcome_observed_fraction,300,0.5430349794238684,0.025119916126461105,0.49382716049382713,0.6018518518518519,,,
VitalDB,0.55,risk_MAR,weak,full_reference,full,reconstructed_sensitivity,300,0.6073913043478261,0.055301648945572005,0.5,0.6956521739130435,,,
VitalDB,0.55,risk_MAR,weak,full_reference,full,ess,300,324.0,0.0,324.0,324.0,324.0,0.0,0.0
VitalDB,0.55,risk_MAR,weak,full_reference,full,event_rate_se,300,0.01939026741183426,3.475243859842279e-18,0.019390267411834264,0.019390267411834264,0.019390267411834264,-3.469446951953614e-18,0.0
VitalDB,0.55,risk_MAR,weak,full_reference,full,event_rate_interval_coverage,300,1.0,,,,,,
VitalDB,0.55,risk_MAR,weak,naive,reconstructed,event_rate,300,0.16131325906115773,0.014815868171813929,0.13331512972173679,0.1924384186173108,0.1419753086419753,0.01933795041918243,0.02434614089064313
VitalDB,0.55,risk_MAR,weak,naive,reconstructed,oe,300,1.1609656923940848,0.10287582677280153,0.9480695466083355,1.3622660636671118,1.4167750646420612,-0.2558093722479764,0.2756566569937632
VitalDB,0.55,risk_MAR,weak,naive,reconstructed,brier,300,0.11638824427092781,0.011380112767168526,0.09425177331108851,0.1400294780435231,0.11053590028892503,0.005852343982002781,0.012779875069362427
VitalDB,0.55,risk_MAR,weak,naive,reconstructed,auc,300,0.7317676485614758,0.034566776792314534,0.673311172880713,0.8023780768345986,0.7044103847356897,0.02735726382578607,0.044037473455198664
VitalDB,0.55,risk_MAR,weak,naive,reconstructed,calibration_intercept,300,-0.17814551898694517,0.17097277026769686,-0.5069350179987955,0.18765160044870535,-0.22511057884817762,0.04696505986123245,0.17703097486090702
VitalDB,0.55,risk_MAR,weak,naive,reconstructed,calibration_slope,300,0.7654143351728306,0.10969744913095834,0.5756507482452785,0.9847369177350818,0.6581631632744903,0.10725117189834033,0.15328480828701546
VitalDB,0.55,risk_MAR,weak,naive,reconstructed,outcome_observed_fraction,300,0.5430349794238684,0.025119916126461105,0.49382716049382713,0.6018518518518519,,,
VitalDB,0.55,risk_MAR,weak,naive,reconstructed,reconstructed_sensitivity,300,0.6073913043478261,0.055301648945572005,0.5,0.6956521739130435,,,
VitalDB,0.55,risk_MAR,weak,naive,reconstructed,ess,300,175.94333333333333,8.1388528249734,160.0,195.0,324.0,-148.05666666666667,148.2794546343716
VitalDB,0.55,risk_MAR,weak,naive,reconstructed,event_rate_se,300,0.027716509929940448,0.0013551721447354757,0.025081984704778022,0.030311893637843097,0.019390267411834264,0.008326242518106184,0.00843544215638477
VitalDB,0.55,risk_MAR,weak,naive,reconstructed,event_rate_interval_coverage,300,0.9933333333333333,,,,,,
VitalDB,0.55,risk_MAR,weak,recalibration_intercept_apparent,reconstructed,event_rate,300,0.16131325906115773,0.014815868171813929,0.13331512972173679,0.1924384186173108,,,
VitalDB,0.55,risk_MAR,weak,recalibration_intercept_apparent,reconstructed,oe,300,1.0003077580244553,0.027567154875023623,0.9430179220991913,1.0690128202357376,1.0,0.00030775802445526246,0.027522891977627348
VitalDB,0.55,risk_MAR,weak,recalibration_intercept_apparent,reconstructed,brier,300,0.11894489935935554,0.011912527270620948,0.09558455935486172,0.14230319719835388,,,
VitalDB,0.55,risk_MAR,weak,recalibration_intercept_apparent,reconstructed,auc,300,0.7190206467593285,0.03760732308094352,0.6454530167018308,0.7933902442711166,,,
VitalDB,0.55,risk_MAR,weak,recalibration_intercept_apparent,reconstructed,calibration_intercept,300,-0.4181155238963223,0.17749708486534263,-0.7642520278495979,-0.05299450463503075,0.0,-0.4181155238963223,0.45411539180587684
VitalDB,0.55,risk_MAR,weak,recalibration_intercept_apparent,reconstructed,calibration_slope,300,0.711638943415816,0.12114299012398744,0.47884737458238713,0.9545811383122959,1.0,-0.288361056584184,0.31269602534038304
VitalDB,0.55,risk_MAR,weak,recalibration_intercept_apparent,reconstructed,outcome_observed_fraction,300,0.5430349794238684,0.025119916126461105,0.49382716049382713,0.6018518518518519,,,
VitalDB,0.55,risk_MAR,weak,recalibration_intercept_apparent,reconstructed,reconstructed_sensitivity,300,0.6073913043478261,0.055301648945572005,0.5,0.6956521739130435,,,
VitalDB,0.55,risk_MAR,weak,recalibration_intercept_apparent,reconstructed,ess,300,175.94333333333333,8.1388528249734,160.0,195.0,,,
VitalDB,0.55,risk_MAR,weak,recalibration_intercept_apparent,reconstructed,event_rate_se,300,0.027716509929940448,0.0013551721447354757,0.025081984704778022,0.030311893637843097,,,
VitalDB,0.55,risk_MAR,weak,recalibration_intercept_slope_apparent,reconstructed,event_rate,300,0.16131325906115773,0.014815868171813929,0.13331512972173679,0.1924384186173108,,,
VitalDB,0.55,risk_MAR,weak,recalibration_intercept_slope_apparent,reconstructed,oe,300,1.0039573050309916,0.044038873687224964,0.9301907541275368,1.1036690405491345,1.0,0.003957305030991565,0.04414315255426223
VitalDB,0.55,risk_MAR,weak,recalibration_intercept_slope_apparent,reconstructed,brier,300,0.12039861448577573,0.011894771893642539,0.09776539826062206,0.14419141195201626,,,
VitalDB,0.55,risk_MAR,weak,recalibration_intercept_slope_apparent,reconstructed,auc,300,0.7021867129068206,0.04845896108216357,0.6126054881608671,0.7882949376375642,,,
VitalDB,0.55,risk_MAR,weak,recalibration_intercept_slope_apparent,reconstructed,calibration_intercept,300,-0.3070266641047269,0.31018428500633344,-0.9997732841269271,0.01964394098252758,0.0,-0.3070266641047269,0.4360721830545383
VitalDB,0.55,risk_MAR,weak,recalibration_intercept_slope_apparent,reconstructed,calibration_slope,300,0.7958800163765855,0.19330944491386726,0.32013496336689556,1.0023154668882943,1.0,-0.20411998362341455,0.2809073644501941
VitalDB,0.55,risk_MAR,weak,recalibration_intercept_slope_apparent,reconstructed,outcome_observed_fraction,300,0.5430349794238684,0.025119916126461105,0.49382716049382713,0.6018518518518519,,,
VitalDB,0.55,risk_MAR,weak,recalibration_intercept_slope_apparent,reconstructed,reconstructed_sensitivity,300,0.6073913043478261,0.055301648945572005,0.5,0.6956521739130435,,,
VitalDB,0.55,risk_MAR,weak,recalibration_intercept_slope_apparent,reconstructed,ess,300,175.94333333333333,8.1388528249734,160.0,195.0,,,
VitalDB,0.55,risk_MAR,weak,recalibration_intercept_slope_apparent,reconstructed,event_rate_se,300,0.027716509929940448,0.0013551721447354757,0.025081984704778022,0.030311893637843097,,,
VitalDB,0.55,risk_MAR,weak,recalibration_intercept_slope_truth,full,event_rate,300,0.1419753086419753,0.0,0.1419753086419753,0.1419753086419753,,,
VitalDB,0.55,risk_MAR,weak,recalibration_intercept_slope_truth,full,oe,300,1.1523375768528121,0.14085513157667048,0.9167014277992789,1.4799286447447395,1.0,0.15233757685281213,0.20731804436476176
VitalDB,0.55,risk_MAR,weak,recalibration_intercept_slope_truth,full,brier,300,0.1122504628733266,0.0035674630689828636,0.10874623330302637,0.1220337467732872,,,
VitalDB,0.55,risk_MAR,weak,recalibration_intercept_slope_truth,full,auc,300,0.6816909081430508,0.02806370456529034,0.6182084766969034,0.7070691273068501,,,
VitalDB,0.55,risk_MAR,weak,recalibration_intercept_slope_truth,full,calibration_intercept,300,-0.34227576896235606,0.3114237624902421,-1.0363983679325386,0.1369827240579657,0.0,-0.34227576896235606,0.46240045342704733
VitalDB,0.55,risk_MAR,weak,recalibration_intercept_slope_truth,full,calibration_slope,300,0.718177505234709,0.18710407370331605,0.3531609420884463,1.0488034672423232,1.0,-0.281822494765291,0.3381052496449202
VitalDB,0.55,risk_MAR,weak,recalibration_intercept_slope_truth,full,outcome_observed_fraction,300,0.5430349794238684,0.025119916126461105,0.49382716049382713,0.6018518518518519,,,
VitalDB,0.55,risk_MAR,weak,recalibration_intercept_slope_truth,full,reconstructed_sensitivity,300,0.6073913043478261,0.055301648945572005,0.5,0.6956521739130435,,,
VitalDB,0.55,risk_MAR,weak,recalibration_intercept_slope_truth,full,ess,300,324.0,0.0,324.0,324.0,,,
VitalDB,0.55,risk_MAR,weak,recalibration_intercept_slope_truth,full,event_rate_se,300,0.01939026741183426,3.475243859842279e-18,0.019390267411834264,0.019390267411834264,,,
VitalDB,0.55,risk_MAR,weak,recalibration_intercept_truth,full,event_rate,300,0.1419753086419753,0.0,0.1419753086419753,0.1419753086419753,,,
VitalDB,0.55,risk_MAR,weak,recalibration_intercept_truth,full,oe,300,1.2146037972537276,0.12397193817180217,1.0039780931075868,1.513968004615788,1.0,0.21460379725372758,0.247734941240859
VitalDB,0.55,risk_MAR,weak,recalibration_intercept_truth,full,brier,300,0.11145274022706905,0.001952165828922193,0.10978684098172001,0.11633885352132026,,,
VitalDB,0.55,risk_MAR,weak,recalibration_intercept_truth,full,auc,300,0.6950338859347305,0.01439931841003697,0.6581169846731311,0.7091961213637785,,,
VitalDB,0.55,risk_MAR,weak,recalibration_intercept_truth,full,calibration_intercept,300,-0.44174948162589395,0.12944178945196735,-0.7338755486181904,-0.20108287019076665,0.0,-0.44174948162589395,0.4602628931206074
VitalDB,0.55,risk_MAR,weak,recalibration_intercept_truth,full,calibration_slope,300,0.6202388385197617,0.05163489312423622,0.4856729469237398,0.6622614918877648,1.0,-0.3797611614802383,0.3832438058853369
VitalDB,0.55,risk_MAR,weak,recalibration_intercept_truth,full,outcome_observed_fraction,300,0.5430349794238684,0.025119916126461105,0.49382716049382713,0.6018518518518519,,,
VitalDB,0.55,risk_MAR,weak,recalibration_intercept_truth,full,reconstructed_sensitivity,300,0.6073913043478261,0.055301648945572005,0.5,0.6956521739130435,,,
VitalDB,0.55,risk_MAR,weak,recalibration_intercept_truth,full,ess,300,324.0,0.0,324.0,324.0,,,
VitalDB,0.55,risk_MAR,weak,recalibration_intercept_truth,full,event_rate_se,300,0.01939026741183426,3.475243859842279e-18,0.019390267411834264,0.019390267411834264,,,
VitalDB,0.55,risk_MAR,weak,reference_05pct_recalibration,full_heldout,event_rate,298,0.14144181162397845,0.005782557747088956,0.1292517006802721,0.15161564625850338,,,
VitalDB,0.55,risk_MAR,weak,reference_05pct_recalibration,full_heldout,oe,298,1.1653198929141637,0.6579243371391175,0.48269293575878,2.9180482260345086,1.0,0.1653198929141637,0.6773053485543624
VitalDB,0.55,risk_MAR,weak,reference_05pct_recalibration,full_heldout,brier,298,0.11988568644217915,0.012010635455791344,0.10731241158587165,0.14909706083754276,,,
VitalDB,0.55,risk_MAR,weak,reference_05pct_recalibration,full_heldout,auc,298,0.6674501716422397,0.1180493804328986,0.26925954752944137,0.7285682573883652,,,
VitalDB,0.55,risk_MAR,weak,reference_05pct_recalibration,full_heldout,calibration_intercept,298,-0.3020425533860183,12.89100351200826,-8.99938084369787,7.342632285572874,0.0,-0.3020425533860183,12.872900102573794
VitalDB,0.55,risk_MAR,weak,reference_05pct_recalibration,full_heldout,calibration_slope,298,0.9673433737997192,5.087741683360596,-2.854543852992095,5.139347764826031,1.0,-0.03265662620028076,5.079303012063875
VitalDB,0.55,risk_MAR,weak,reference_05pct_recalibration,full_heldout,outcome_observed_fraction,298,0.5429923771646367,0.025193841733399874,0.49382716049382713,0.6018518518518519,,,
VitalDB,0.55,risk_MAR,weak,reference_05pct_recalibration,full_heldout,reconstructed_sensitivity,298,0.6074555004377007,0.05541738084214578,0.5,0.6956521739130435,,,
VitalDB,0.55,risk_MAR,weak,reference_05pct_recalibration,full_heldout,ess,298,294.0,0.0,294.0,294.0,,,
VitalDB,0.55,risk_MAR,weak,reference_05pct_recalibration,full_heldout,event_rate_se,298,0.020317775257425504,0.00035039061332312754,0.01956549254362358,0.020916324986179437,,,
VitalDB,0.55,risk_MAR,weak,reference_05pct_recalibration,full_heldout,reference_sample_n,298,30.0,0.0,30.0,30.0,,,
VitalDB,0.55,risk_MAR,weak,reference_05pct_recalibration,full_heldout,evaluation_n,298,294.0,0.0,294.0,294.0,,,
VitalDB,0.55,risk_MAR,weak,reference_10pct_recalibration,full_heldout,event_rate,298,0.14144698909107684,0.006133889781451892,0.13058419243986255,0.15120274914089346,,,
VitalDB,0.55,risk_MAR,weak,reference_10pct_recalibration,full_heldout,oe,298,1.155376692510274,0.6658889306209886,0.49534175075933534,2.7220373569571557,1.0,0.15537669251027397,0.6826873647302548
VitalDB,0.55,risk_MAR,weak,reference_10pct_recalibration,full_heldout,brier,298,0.11923671165958365,0.011455021250273211,0.10676528882037034,0.14711499550291138,,,
VitalDB,0.55,risk_MAR,weak,reference_10pct_recalibration,full_heldout,auc,298,0.6719870331780393,0.11169997859647846,0.2696906674316313,0.7314627366310292,,,
VitalDB,0.55,risk_MAR,weak,reference_10pct_recalibration,full_heldout,calibration_intercept,298,1.2522188044920504,18.758645978989996,-7.548998267088577,11.285229364100925,0.0,1.2522188044920504,18.768964348491757
VitalDB,0.55,risk_MAR,weak,reference_10pct_recalibration,full_heldout,calibration_slope,298,1.5817219197924455,9.433337826883916,-2.4617364611919785,6.58547191868561,1.0,0.5817219197924455,9.435446251218996
VitalDB,0.55,risk_MAR,weak,reference_10pct_recalibration,full_heldout,outcome_observed_fraction,298,0.5429923771646367,0.025193841733399874,0.49382716049382713,0.6018518518518519,,,
VitalDB,0.55,risk_MAR,weak,reference_10pct_recalibration,full_heldout,reconstructed_sensitivity,298,0.6074555004377007,0.05541738084214578,0.5,0.6956521739130435,,,
VitalDB,0.55,risk_MAR,weak,reference_10pct_recalibration,full_heldout,ess,298,291.0,0.0,291.0,291.0,,,
VitalDB,0.55,risk_MAR,weak,reference_10pct_recalibration,full_heldout,event_rate_se,298,0.02042183452483271,0.00037278577243967753,0.019752068152595607,0.02100077545558355,,,
VitalDB,0.55,risk_MAR,weak,reference_10pct_recalibration,full_heldout,reference_sample_n,298,33.0,0.0,33.0,33.0,,,
VitalDB,0.55,risk_MAR,weak,reference_10pct_recalibration,full_heldout,evaluation_n,298,291.0,0.0,291.0,291.0,,,
VitalDB,0.55,risk_MAR,weak,reference_20pct_recalibration,full_heldout,event_rate,300,0.14177606177606175,0.009304639139016357,0.12355212355212356,0.1583011583011583,,,
VitalDB,0.55,risk_MAR,weak,reference_20pct_recalibration,full_heldout,oe,300,1.0823689805458534,0.3761486406431085,0.5469088267638019,1.9693462089964937,1.0,0.0823689805458534,0.3844487258585936
VitalDB,0.55,risk_MAR,weak,reference_20pct_recalibration,full_heldout,brier,300,0.11430804638052486,0.008719940850264464,0.10360496174866202,0.13483575739290435,,,
VitalDB,0.55,risk_MAR,weak,reference_20pct_recalibration,full_heldout,auc,300,0.6963160118206324,0.06735959037483437,0.6471993771434749,0.7508450255102042,,,
VitalDB,0.55,risk_MAR,weak,reference_20pct_recalibration,full_heldout,calibration_intercept,300,0.29719448260091647,5.605924997448619,-1.2728190818612395,7.846925014443441,0.0,0.29719448260091647,5.604459384030809
VitalDB,0.55,risk_MAR,weak,reference_20pct_recalibration,full_heldout,calibration_slope,300,1.1773749468721098,2.785776319798407,0.2410460172108781,5.945259706282176,1.0,0.17737494687210975,2.786780055317297
VitalDB,0.55,risk_MAR,weak,reference_20pct_recalibration,full_heldout,outcome_observed_fraction,300,0.5430349794238684,0.025119916126461105,0.49382716049382713,0.6018518518518519,,,
VitalDB,0.55,risk_MAR,weak,reference_20pct_recalibration,full_heldout,reconstructed_sensitivity,300,0.6073913043478261,0.055301648945572005,0.5,0.6956521739130435,,,
VitalDB,0.55,risk_MAR,weak,reference_20pct_recalibration,full_heldout,ess,300,259.0,0.0,259.0,259.0,,,
VitalDB,0.55,risk_MAR,weak,reference_20pct_recalibration,full_heldout,event_rate_se,300,0.021658652986857773,0.0006006634204860071,0.020447408414756684,0.022681435061616448,,,
VitalDB,0.55,risk_MAR,weak,reference_20pct_recalibration,full_heldout,reference_sample_n,300,65.0,0.0,65.0,65.0,,,
VitalDB,0.55,risk_MAR,weak,reference_20pct_recalibration,full_heldout,evaluation_n,300,259.0,0.0,259.0,259.0,,,
VitalDB,0.55,risk_MAR,weak,reference_30pct_recalibration,full_heldout,event_rate,300,0.1413716814159292,0.012326033886836254,0.11504424778761062,0.1592920353982301,,,
VitalDB,0.55,risk_MAR,weak,reference_30pct_recalibration,full_heldout,oe,300,1.0457327612519616,0.3247223967000555,0.593033879080891,1.659642384023117,1.0,0.04573276125196157,0.3273906508346897
VitalDB,0.55,risk_MAR,weak,reference_30pct_recalibration,full_heldout,brier,300,0.11258469061146724,0.00989108090269904,0.098352436105854,0.13382604933674877,,,
VitalDB,0.55,risk_MAR,weak,reference_30pct_recalibration,full_heldout,auc,300,0.7037739301035274,0.04881729907881563,0.6405345597373971,0.7628454318861344,,,
VitalDB,0.55,risk_MAR,weak,reference_30pct_recalibration,full_heldout,calibration_intercept,300,0.5046932815886123,2.6623024393852863,-1.1643877487230248,6.014034806033308,0.0,0.5046932815886123,2.7053545805140473
VitalDB,0.55,risk_MAR,weak,reference_30pct_recalibration,full_heldout,calibration_slope,300,1.2970320898680476,1.4246068481916925,0.31410966824221576,4.043489988588182,1.0,0.29703208986804763,1.4529169689810215
VitalDB,0.55,risk_MAR,weak,reference_30pct_recalibration,full_heldout,outcome_observed_fraction,300,0.5430349794238684,0.025119916126461105,0.49382716049382713,0.6018518518518519,,,
VitalDB,0.55,risk_MAR,weak,reference_30pct_recalibration,full_heldout,reconstructed_sensitivity,300,0.6073913043478261,0.055301648945572005,0.5,0.6956521739130435,,,
VitalDB,0.55,risk_MAR,weak,reference_30pct_recalibration,full_heldout,ess,300,226.0,0.0,226.0,226.0,,,
VitalDB,0.55,risk_MAR,weak,reference_30pct_recalibration,full_heldout,event_rate_se,300,0.023145373220211193,0.0008538759989710238,0.02122457550766333,0.02434251196461511,,,
VitalDB,0.55,risk_MAR,weak,reference_30pct_recalibration,full_heldout,reference_sample_n,300,98.0,0.0,98.0,98.0,,,
VitalDB,0.55,risk_MAR,weak,reference_30pct_recalibration,full_heldout,evaluation_n,300,226.0,0.0,226.0,226.0,,,
VitalDB,0.55,stratum_MAR,strong,AIPW_design_probability,reconstructed,event_rate,300,0.11383892925693392,0.031116235159237057,0.07691523401834054,0.1597182934323819,0.1419753086419753,-0.028136379385041377,0.041912391187837336
VitalDB,0.55,stratum_MAR,strong,AIPW_design_probability,reconstructed,oe,300,1.1360014491216368,0.3105096689052868,0.7675389945662425,1.593832742232764,1.4167750646420612,-0.28077361552042435,0.41824477299918084
VitalDB,0.55,stratum_MAR,strong,AIPW_design_probability,reconstructed,outcome_observed_fraction,300,0.587417695473251,0.02157441871987794,0.546141975308642,0.63125,,,
VitalDB,0.55,stratum_MAR,strong,AIPW_design_probability,reconstructed,reconstructed_sensitivity,300,0.5715217391304348,0.05149591585017786,0.4668478260869565,0.6635869565217386,,,
VitalDB,0.55,stratum_MAR,strong,AIPW_design_probability,reconstructed,ess,300,93.29608130945411,34.02557643896048,22.46356240882532,147.9262785067475,324.0,-230.7039186905459,233.19129232957553
VitalDB,0.55,stratum_MAR,strong,AIPW_design_probability,reconstructed,event_rate_se,300,0.026465430018609896,0.023747714573506922,0.017675945266810583,0.04083401839935537,0.019390267411834264,0.007075162606775633,0.02474130204507273
VitalDB,0.55,stratum_MAR,strong,AIPW_design_probability,reconstructed,event_rate_interval_coverage,300,0.7166666666666667,,,,,,
VitalDB,0.55,stratum_MAR,strong,Gamma2_prediction_sensitivity_region,full,event_rate,300,0.11722810185544115,0.007468089202286137,0.10325314145988689,0.1319853511113729,0.1419753086419753,-0.02474720678653415,0.02584590281290906
VitalDB,0.55,stratum_MAR,strong,Gamma2_prediction_sensitivity_region,full,outcome_observed_fraction,300,0.587417695473251,0.02157441871987794,0.546141975308642,0.63125,,,
VitalDB,0.55,stratum_MAR,strong,Gamma2_prediction_sensitivity_region,full,reconstructed_sensitivity,300,0.5715217391304348,0.05149591585017786,0.4668478260869565,0.6635869565217386,,,
VitalDB,0.55,stratum_MAR,strong,Gamma2_prediction_sensitivity_region,full,MNAR_event_rate_coverage,300,0.17,,,,,,
VitalDB,0.55,stratum_MAR,strong,IPAW_design_probability_truncated99,reconstructed,event_rate,300,0.1168788736985559,0.019365553345983208,0.08401700658130319,0.1540361347575534,0.1419753086419753,-0.0250964349434194,0.031679735180039255
VitalDB,0.55,stratum_MAR,strong,IPAW_design_probability_truncated99,reconstructed,oe,300,1.132643723213136,0.17306825778984522,0.8303171469774722,1.4832881870191874,1.4167750646420612,-0.28413134142892527,0.3325408230033793
VitalDB,0.55,stratum_MAR,strong,IPAW_design_probability_truncated99,reconstructed,brier,300,0.09237798376239734,0.015599955475498188,0.06635190824312029,0.12268999979137614,0.11053590028892503,-0.018157916526527693,0.023921901012511855
VitalDB,0.55,stratum_MAR,strong,IPAW_design_probability_truncated99,reconstructed,auc,300,0.7236984672313893,0.05621987827925175,0.6099848700472958,0.8209442496589594,0.7044103847356897,0.019288082495699577,0.05934786649674683
VitalDB,0.55,stratum_MAR,strong,IPAW_design_probability_truncated99,reconstructed,calibration_intercept,300,-0.3605058706119578,0.3154566560599343,-0.9074625712083803,0.2598962238873619,-0.22511057884817762,-0.1353952917637802,0.3428018045627431
VitalDB,0.55,stratum_MAR,strong,IPAW_design_probability_truncated99,reconstructed,calibration_slope,300,0.7398171908829236,0.17226714380590594,0.45546533078678436,1.0575948579891636,0.6581631632744903,0.08165402760843332,0.19037969735138946
VitalDB,0.55,stratum_MAR,strong,IPAW_design_probability_truncated99,reconstructed,outcome_observed_fraction,300,0.587417695473251,0.02157441871987794,0.546141975308642,0.63125,,,
VitalDB,0.55,stratum_MAR,strong,IPAW_design_probability_truncated99,reconstructed,reconstructed_sensitivity,300,0.5715217391304348,0.05149591585017786,0.4668478260869565,0.6635869565217386,,,
VitalDB,0.55,stratum_MAR,strong,IPAW_design_probability_truncated99,reconstructed,ess,300,124.52161679303254,24.170439263322354,62.17919303910739,155.7979881690887,324.0,-199.47838320696746,200.93254622866294
VitalDB,0.55,stratum_MAR,strong,IPAW_design_probability_truncated99,reconstructed,event_rate_se,300,0.024535603223887446,0.004952264679598185,0.01791467326987152,0.03708670564080642,0.019390267411834264,0.0051453358120531825,0.0071356608890886936
VitalDB,0.55,stratum_MAR,strong,IPAW_design_probability_truncated99,reconstructed,weight_p99,300,8.387238711907402,4.014025621876249,4.369589474886667,19.902943302356995,,,
VitalDB,0.55,stratum_MAR,strong,IPAW_design_probability_truncated99,reconstructed,weight_max,300,8.70734341099557,4.073734522620661,4.40571507610365,20.00337275947721,,,
VitalDB,0.55,stratum_MAR,strong,IPAW_design_probability_truncated99,reconstructed,event_rate_interval_coverage,300,0.8033333333333333,,,,,,
VitalDB,0.55,stratum_MAR,strong,IPAW_design_probability_untruncated,reconstructed,event_rate,300,0.11467892337388005,0.029371560404664983,0.07421529794289561,0.17752710952158265,0.1419753086419753,-0.027296385268095247,0.04006127283017629
VitalDB,0.55,stratum_MAR,strong,IPAW_design_probability_untruncated,reconstructed,oe,300,1.1433909313255717,0.3141650148870143,0.7924383187511055,1.5459048140917728,1.4167750646420612,-0.2733841333164895,0.41606434847617363
VitalDB,0.55,stratum_MAR,strong,IPAW_design_probability_untruncated,reconstructed,brier,300,0.09091422428434463,0.026301227497196763,0.057297568542933865,0.1314335408186369,0.11053590028892503,-0.019621676004580396,0.032778939710254425
VitalDB,0.55,stratum_MAR,strong,IPAW_design_probability_untruncated,reconstructed,auc,300,0.7252938536024613,0.0841271873632023,0.5911720682304026,0.8277080991396991,0.7044103847356897,0.020883468866771615,0.08654427564378413
VitalDB,0.55,stratum_MAR,strong,IPAW_design_probability_untruncated,reconstructed,calibration_intercept,300,-0.37735744917735986,0.5233651280555521,-0.9244113056594098,0.4437497809233108,-0.22511057884817762,-0.15224687032918224,0.5442215816485843
VitalDB,0.55,stratum_MAR,strong,IPAW_design_probability_untruncated,reconstructed,calibration_slope,300,0.7501867566986511,0.2556823622378541,0.4507938440312459,1.120578533059773,0.6581631632744903,0.09202359342416078,0.2713372450261103
VitalDB,0.55,stratum_MAR,strong,IPAW_design_probability_untruncated,reconstructed,outcome_observed_fraction,300,0.587417695473251,0.02157441871987794,0.546141975308642,0.63125,,,
VitalDB,0.55,stratum_MAR,strong,IPAW_design_probability_untruncated,reconstructed,reconstructed_sensitivity,300,0.5715217391304348,0.05149591585017786,0.4668478260869565,0.6635869565217386,,,
VitalDB,0.55,stratum_MAR,strong,IPAW_design_probability_untruncated,reconstructed,ess,300,93.29608130945411,34.02557643896048,22.46356240882532,147.9262785067475,324.0,-230.7039186905459,233.19129232957553
VitalDB,0.55,stratum_MAR,strong,IPAW_design_probability_untruncated,reconstructed,event_rate_se,300,0.02685740497297707,0.015204635122046036,0.017956385013552643,0.05142677094284866,0.019390267411834264,0.0074671375611428045,0.016916514695831122
VitalDB,0.55,stratum_MAR,strong,IPAW_design_probability_untruncated,reconstructed,weight_p99,300,8.70734341099557,4.073734522620661,4.40571507610365,20.00337275947721,,,
VitalDB,0.55,stratum_MAR,strong,IPAW_design_probability_untruncated,reconstructed,weight_max,300,23.201015993767538,23.880200851396943,5.782729341731048,71.85824614487508,,,
VitalDB,0.55,stratum_MAR,strong,IPAW_design_probability_untruncated,reconstructed,event_rate_interval_coverage,300,0.74,,,,,,
VitalDB,0.55,stratum_MAR,strong,full_reference,full,event_rate,300,0.1419753086419753,0.0,0.1419753086419753,0.1419753086419753,0.1419753086419753,0.0,0.0
VitalDB,0.55,stratum_MAR,strong,full_reference,full,oe,300,1.4167750646420616,4.448312140598118e-16,1.4167750646420612,1.4167750646420612,1.4167750646420612,4.440892098500626e-16,0.0
VitalDB,0.55,stratum_MAR,strong,full_reference,full,brier,300,0.11053590028892503,0.0,0.11053590028892503,0.11053590028892503,0.11053590028892503,0.0,0.0
VitalDB,0.55,stratum_MAR,strong,full_reference,full,auc,300,0.7044103847356897,0.0,0.7044103847356897,0.7044103847356897,0.7044103847356897,0.0,0.0
VitalDB,0.55,stratum_MAR,strong,full_reference,full,calibration_intercept,300,-0.2251105788481776,2.7801950878738235e-17,-0.22511057884817762,-0.22511057884817762,-0.22511057884817762,2.7755575615628914e-17,0.0
VitalDB,0.55,stratum_MAR,strong,full_reference,full,calibration_slope,300,0.6581631632744902,1.1120780351495294e-16,0.6581631632744903,0.6581631632744903,0.6581631632744903,-1.1102230246251565e-16,0.0
VitalDB,0.55,stratum_MAR,strong,full_reference,full,outcome_observed_fraction,300,0.587417695473251,0.02157441871987794,0.546141975308642,0.63125,,,
VitalDB,0.55,stratum_MAR,strong,full_reference,full,reconstructed_sensitivity,300,0.5715217391304348,0.05149591585017786,0.4668478260869565,0.6635869565217386,,,
VitalDB,0.55,stratum_MAR,strong,full_reference,full,ess,300,324.0,0.0,324.0,324.0,324.0,0.0,0.0
VitalDB,0.55,stratum_MAR,strong,full_reference,full,event_rate_se,300,0.01939026741183426,3.475243859842279e-18,0.019390267411834264,0.019390267411834264,0.019390267411834264,-3.469446951953614e-18,0.0
VitalDB,0.55,stratum_MAR,strong,full_reference,full,event_rate_interval_coverage,300,1.0,,,,,,
VitalDB,0.55,stratum_MAR,strong,naive,reconstructed,event_rate,300,0.14153369648170813,0.012908948097081223,0.11522871376811594,0.16668747794456956,0.1419753086419753,-0.00044161216026716854,0.012894979351281994
VitalDB,0.55,stratum_MAR,strong,naive,reconstructed,oe,300,1.1837948359693113,0.10788651773280528,0.9870813488420218,1.396484579889256,1.4167750646420612,-0.2329802286727498,0.2566719488475953
VitalDB,0.55,stratum_MAR,strong,naive,reconstructed,brier,300,0.10752122984506012,0.009804371369340759,0.08845346253067796,0.12699405966815333,0.11053590028892503,-0.003014670443864914,0.010241753601796015
VitalDB,0.55,stratum_MAR,strong,naive,reconstructed,auc,300,0.7314804183775877,0.030169447348653015,0.6733501761967368,0.7906343033173058,0.7044103847356897,0.027070033641897973,0.04049627500794226
VitalDB,0.55,stratum_MAR,strong,naive,reconstructed,calibration_intercept,300,-0.23053241957285026,0.18734342669889048,-0.6011328645977824,0.09256546512286723,-0.22511057884817762,-0.0054218407246726386,0.18710949740468902
VitalDB,0.55,stratum_MAR,strong,naive,reconstructed,calibration_slope,300,0.7429364546709862,0.09177998656041214,0.5712483054995019,0.9276875429306943,0.6581631632744903,0.08477329139649592,0.12482787474804871
VitalDB,0.55,stratum_MAR,strong,naive,reconstructed,outcome_observed_fraction,300,0.587417695473251,0.02157441871987794,0.546141975308642,0.63125,,,
VitalDB,0.55,stratum_MAR,strong,naive,reconstructed,reconstructed_sensitivity,300,0.5715217391304348,0.05149591585017786,0.4668478260869565,0.6635869565217386,,,
VitalDB,0.55,stratum_MAR,strong,naive,reconstructed,ess,300,190.32333333333332,6.990111665240453,176.95,204.52499999999998,324.0,-133.67666666666668,133.85869415170612
VitalDB,0.55,stratum_MAR,strong,naive,reconstructed,event_rate_se,300,0.02524807248086114,0.0011788021884391261,0.022818134010235365,0.02735963817782197,0.019390267411834264,0.005857805069026875,0.005974849195657938
VitalDB,0.55,stratum_MAR,strong,naive,reconstructed,event_rate_interval_coverage,300,1.0,,,,,,
VitalDB,0.55,stratum_MAR,strong,recalibration_intercept_apparent,reconstructed,event_rate,300,0.14153369648170813,0.012908948097081223,0.11522871376811594,0.16668747794456956,,,
VitalDB,0.55,stratum_MAR,strong,recalibration_intercept_apparent,reconstructed,oe,300,0.9995457436346662,0.029838650000354797,0.9431272438632999,1.065469747193132,1.0,-0.000454256365333805,0.029792340725589866
VitalDB,0.55,stratum_MAR,strong,recalibration_intercept_apparent,reconstructed,brier,300,0.10998627451537404,0.01026786472800662,0.0891457313403342,0.12927329937235416,,,
VitalDB,0.55,stratum_MAR,strong,recalibration_intercept_apparent,reconstructed,auc,300,0.7183825382926028,0.03389168683841248,0.6471226505908118,0.7821945415695415,,,
VitalDB,0.55,stratum_MAR,strong,recalibration_intercept_apparent,reconstructed,calibration_intercept,300,-0.49452234078130913,0.17643820532586238,-0.8985426721027322,-0.14992976277518338,0.0,-0.49452234078130913,0.5249562055029997
VitalDB,0.55,stratum_MAR,strong,recalibration_intercept_apparent,reconstructed,calibration_slope,300,0.6890500589286158,0.10734701102084677,0.46775969738690065,0.9023189007213455,1.0,-0.3109499410713842,0.3288994304618918
VitalDB,0.55,stratum_MAR,strong,recalibration_intercept_apparent,reconstructed,outcome_observed_fraction,300,0.587417695473251,0.02157441871987794,0.546141975308642,0.63125,,,
VitalDB,0.55,stratum_MAR,strong,recalibration_intercept_apparent,reconstructed,reconstructed_sensitivity,300,0.5715217391304348,0.05149591585017786,0.4668478260869565,0.6635869565217386,,,
VitalDB,0.55,stratum_MAR,strong,recalibration_intercept_apparent,reconstructed,ess,300,190.32333333333332,6.990111665240453,176.95,204.52499999999998,,,
VitalDB,0.55,stratum_MAR,strong,recalibration_intercept_apparent,reconstructed,event_rate_se,300,0.02524807248086114,0.0011788021884391261,0.022818134010235365,0.02735963817782197,,,
VitalDB,0.55,stratum_MAR,strong,recalibration_intercept_slope_apparent,reconstructed,event_rate,300,0.14153369648170813,0.012908948097081223,0.11522871376811594,0.16668747794456956,,,
VitalDB,0.55,stratum_MAR,strong,recalibration_intercept_slope_apparent,reconstructed,oe,300,1.0007186689792704,0.04239759338601519,0.9195293408518437,1.099903076946704,1.0,0.0007186689792704204,0.042332972455812246
VitalDB,0.55,stratum_MAR,strong,recalibration_intercept_slope_apparent,reconstructed,brier,300,0.11036262507244317,0.010813461006907695,0.0897756623228584,0.1327279957225998,,,
VitalDB,0.55,stratum_MAR,strong,recalibration_intercept_slope_apparent,reconstructed,auc,300,0.7022469331378655,0.042654692966597595,0.6088562734082397,0.7708654380057889,,,
VitalDB,0.55,stratum_MAR,strong,recalibration_intercept_slope_apparent,reconstructed,calibration_intercept,300,-0.327119588278163,0.2895048118530609,-1.1050647084421914,0.030381833044146763,0.0,-0.327119588278163,0.43650989030536
VitalDB,0.55,stratum_MAR,strong,recalibration_intercept_slope_apparent,reconstructed,calibration_slope,300,0.8011852773552317,0.1707323287269904,0.3545627872326051,1.0062660158210606,1.0,-0.1988147226447683,0.2618771790730954
VitalDB,0.55,stratum_MAR,strong,recalibration_intercept_slope_apparent,reconstructed,outcome_observed_fraction,300,0.587417695473251,0.02157441871987794,0.546141975308642,0.63125,,,
VitalDB,0.55,stratum_MAR,strong,recalibration_intercept_slope_apparent,reconstructed,reconstructed_sensitivity,300,0.5715217391304348,0.05149591585017786,0.4668478260869565,0.6635869565217386,,,
VitalDB,0.55,stratum_MAR,strong,recalibration_intercept_slope_apparent,reconstructed,ess,300,190.32333333333332,6.990111665240453,176.95,204.52499999999998,,,
VitalDB,0.55,stratum_MAR,strong,recalibration_intercept_slope_apparent,reconstructed,event_rate_se,300,0.02524807248086114,0.0011788021884391261,0.022818134010235365,0.02735963817782197,,,
VitalDB,0.55,stratum_MAR,strong,recalibration_intercept_slope_truth,full,event_rate,300,0.1419753086419753,0.0,0.1419753086419753,0.1419753086419753,,,
VitalDB,0.55,stratum_MAR,strong,recalibration_intercept_slope_truth,full,oe,300,1.1563492485674898,0.11800870686137922,0.9534849432236502,1.3942782633420174,1.0,0.15634924856748977,0.19576701009038777
VitalDB,0.55,stratum_MAR,strong,recalibration_intercept_slope_truth,full,brier,300,0.11202023097988298,0.00326133618805793,0.10876488225693881,0.12150067197701553,,,
VitalDB,0.55,stratum_MAR,strong,recalibration_intercept_slope_truth,full,auc,300,0.6848949536023354,0.02084014968589157,0.6350504379105412,0.7066566312167657,,,
VitalDB,0.55,stratum_MAR,strong,recalibration_intercept_slope_truth,full,calibration_intercept,300,-0.2746301595047077,0.2956450126423439,-0.8816610983805522,0.27659062877058227,0.0,-0.2746301595047077,0.40315796502719864
VitalDB,0.55,stratum_MAR,strong,recalibration_intercept_slope_truth,full,calibration_slope,300,0.7490048440863604,0.16206224091729002,0.40628034142288,1.0762504199668828,1.0,-0.25099515591363963,0.2986221542185747
VitalDB,0.55,stratum_MAR,strong,recalibration_intercept_slope_truth,full,outcome_observed_fraction,300,0.587417695473251,0.02157441871987794,0.546141975308642,0.63125,,,
VitalDB,0.55,stratum_MAR,strong,recalibration_intercept_slope_truth,full,reconstructed_sensitivity,300,0.5715217391304348,0.05149591585017786,0.4668478260869565,0.6635869565217386,,,
VitalDB,0.55,stratum_MAR,strong,recalibration_intercept_slope_truth,full,ess,300,324.0,0.0,324.0,324.0,,,
VitalDB,0.55,stratum_MAR,strong,recalibration_intercept_slope_truth,full,event_rate_se,300,0.01939026741183426,3.475243859842279e-18,0.019390267411834264,0.019390267411834264,,,
VitalDB,0.55,stratum_MAR,strong,recalibration_intercept_truth,full,event_rate,300,0.1419753086419753,0.0,0.1419753086419753,0.1419753086419753,,,
VitalDB,0.55,stratum_MAR,strong,recalibration_intercept_truth,full,oe,300,1.1971420977909568,0.12273622639394248,0.985113718371075,1.458254684046183,1.0,0.19714209779095682,0.23211844832602083
VitalDB,0.55,stratum_MAR,strong,recalibration_intercept_truth,full,brier,300,0.11148147953823305,0.002136987246537584,0.10964639748059604,0.11783529334660577,,,
VitalDB,0.55,stratum_MAR,strong,recalibration_intercept_truth,full,auc,300,0.6948170159524554,0.014281366062552585,0.6545042227087894,0.7073076321551455,,,
VitalDB,0.55,stratum_MAR,strong,recalibration_intercept_truth,full,calibration_intercept,300,-0.4562702879763038,0.12734290262235667,-0.7762385909481436,-0.2310629956268786,0.0,-0.4562702879763038,0.47365043701950915
VitalDB,0.55,stratum_MAR,strong,recalibration_intercept_truth,full,calibration_slope,300,0.6194660293635438,0.05311530469158418,0.46773245358572446,0.661973924741799,1.0,-0.3805339706364562,0.38421079407297437
VitalDB,0.55,stratum_MAR,strong,recalibration_intercept_truth,full,outcome_observed_fraction,300,0.587417695473251,0.02157441871987794,0.546141975308642,0.63125,,,
VitalDB,0.55,stratum_MAR,strong,recalibration_intercept_truth,full,reconstructed_sensitivity,300,0.5715217391304348,0.05149591585017786,0.4668478260869565,0.6635869565217386,,,
VitalDB,0.55,stratum_MAR,strong,recalibration_intercept_truth,full,ess,300,324.0,0.0,324.0,324.0,,,
VitalDB,0.55,stratum_MAR,strong,recalibration_intercept_truth,full,event_rate_se,300,0.01939026741183426,3.475243859842279e-18,0.019390267411834264,0.019390267411834264,,,
VitalDB,0.55,stratum_MAR,strong,reference_05pct_recalibration,full_heldout,event_rate,298,0.14139615577774733,0.006281791008072995,0.12729591836734694,0.15306122448979592,,,
VitalDB,0.55,stratum_MAR,strong,reference_05pct_recalibration,full_heldout,oe,298,1.2589810537829433,1.129990127940826,0.43964553205842727,3.619408726899634,1.0,0.25898105378294334,1.15743857331683
VitalDB,0.55,stratum_MAR,strong,reference_05pct_recalibration,full_heldout,brier,298,0.12124691174325629,0.012045322641382661,0.10815145414337168,0.15038016095443604,,,
VitalDB,0.55,stratum_MAR,strong,reference_05pct_recalibration,full_heldout,auc,298,0.6544057370127631,0.13358014683296637,0.26685799319727893,0.723228346456693,,,
VitalDB,0.55,stratum_MAR,strong,reference_05pct_recalibration,full_heldout,calibration_intercept,298,-3.5060686211940557,35.66617606014766,-15.123673898419678,8.220251343894947,0.0,-3.5060686211940557,35.77848403909111
VitalDB,0.55,stratum_MAR,strong,reference_05pct_recalibration,full_heldout,calibration_slope,298,-1.2175524135949014,23.19538281782939,-7.32287594605577,5.355641467524162,1.0,-2.2175524135949014,23.262370195693055
VitalDB,0.55,stratum_MAR,strong,reference_05pct_recalibration,full_heldout,outcome_observed_fraction,298,0.5874658215262243,0.021206191248183504,0.5493827160493827,0.6296296296296297,,,
VitalDB,0.55,stratum_MAR,strong,reference_05pct_recalibration,full_heldout,reconstructed_sensitivity,298,0.5721476510067114,0.05109524511107952,0.4657608695652174,0.664673913043478,,,
VitalDB,0.55,stratum_MAR,strong,reference_05pct_recalibration,full_heldout,ess,298,294.0,0.0,294.0,294.0,,,
VitalDB,0.55,stratum_MAR,strong,reference_05pct_recalibration,full_heldout,event_rate_se,298,0.02031397236085463,0.0003815514894465366,0.019438138033502642,0.020998338616454712,,,
VitalDB,0.55,stratum_MAR,strong,reference_05pct_recalibration,full_heldout,reference_sample_n,298,30.0,0.0,30.0,30.0,,,
VitalDB,0.55,stratum_MAR,strong,reference_05pct_recalibration,full_heldout,evaluation_n,298,294.0,0.0,294.0,294.0,,,
VitalDB,0.55,stratum_MAR,strong,reference_10pct_recalibration,full_heldout,event_rate,299,0.14154857543472513,0.006578650263712675,0.12714776632302405,0.15309278350515468,,,
VitalDB,0.55,stratum_MAR,strong,reference_10pct_recalibration,full_heldout,oe,299,1.2505997298174962,1.1190013575338207,0.4790829788561905,3.395627325556149,1.0,0.25059972981749623,1.1448914460133846
VitalDB,0.55,stratum_MAR,strong,reference_10pct_recalibration,full_heldout,brier,299,0.12004570083104207,0.012091598088518157,0.1075895651889272,0.15163751314468848,,,
VitalDB,0.55,stratum_MAR,strong,reference_10pct_recalibration,full_heldout,auc,299,0.66542351639926,0.12065425117336741,0.26571046089118383,0.7264631425517443,,,
VitalDB,0.55,stratum_MAR,strong,reference_10pct_recalibration,full_heldout,calibration_intercept,299,0.5197219582204854,17.000519248562526,-10.849354733584315,8.73175437178311,0.0,0.5197219582204854,16.98002212615656
VitalDB,0.55,stratum_MAR,strong,reference_10pct_recalibration,full_heldout,calibration_slope,299,1.2840806911090277,10.139321410346101,-4.772090612784753,5.650665008948999,1.0,0.28408069110902767,10.126337356864775
VitalDB,0.55,stratum_MAR,strong,reference_10pct_recalibration,full_heldout,outcome_observed_fraction,299,0.5872661959618481,0.021450145400994457,0.5459876543209876,0.6296296296296297,,,
VitalDB,0.55,stratum_MAR,strong,reference_10pct_recalibration,full_heldout,reconstructed_sensitivity,299,0.5718336483931947,0.05129760178284958,0.46630434782608693,0.6641304347826089,,,
VitalDB,0.55,stratum_MAR,strong,reference_10pct_recalibration,full_heldout,ess,299,291.0,0.0,291.0,291.0,,,
VitalDB,0.55,stratum_MAR,strong,reference_10pct_recalibration,full_heldout,event_rate_se,299,0.02042694077715168,0.0004017390894792106,0.01952892047330169,0.02110762327522803,,,
VitalDB,0.55,stratum_MAR,strong,reference_10pct_recalibration,full_heldout,reference_sample_n,299,33.0,0.0,33.0,33.0,,,
VitalDB,0.55,stratum_MAR,strong,reference_10pct_recalibration,full_heldout,evaluation_n,299,291.0,0.0,291.0,291.0,,,
VitalDB,0.55,stratum_MAR,strong,reference_20pct_recalibration,full_heldout,event_rate,300,0.1416859716859717,0.010206458887072532,0.11969111969111969,0.1583011583011583,,,
VitalDB,0.55,stratum_MAR,strong,reference_20pct_recalibration,full_heldout,oe,300,1.0972559750186446,0.419031235176712,0.5362284769533842,2.006382178185308,1.0,0.09725597501864458,0.42948877766910554
VitalDB,0.55,stratum_MAR,strong,reference_20pct_recalibration,full_heldout,brier,300,0.11415992171014402,0.007972018235075533,0.10314830537776923,0.13183988545506042,,,
VitalDB,0.55,stratum_MAR,strong,reference_20pct_recalibration,full_heldout,auc,300,0.6941403633002621,0.06736862316371714,0.6490818519111681,0.7427817644211671,,,
VitalDB,0.55,stratum_MAR,strong,reference_20pct_recalibration,full_heldout,calibration_intercept,300,0.2580316805375501,5.1900594275788015,-1.2165148860747732,5.432047364108147,0.0,0.2580316805375501,5.187823065000832
VitalDB,0.55,stratum_MAR,strong,reference_20pct_recalibration,full_heldout,calibration_slope,300,1.151654328898996,2.875518289813901,0.3098011275282969,4.558398307172932,1.0,0.151654328898996,2.874724761157356
VitalDB,0.55,stratum_MAR,strong,reference_20pct_recalibration,full_heldout,outcome_observed_fraction,300,0.587417695473251,0.02157441871987794,0.546141975308642,0.63125,,,
VitalDB,0.55,stratum_MAR,strong,reference_20pct_recalibration,full_heldout,reconstructed_sensitivity,300,0.5715217391304348,0.05149591585017786,0.4668478260869565,0.6635869565217386,,,
VitalDB,0.55,stratum_MAR,strong,reference_20pct_recalibration,full_heldout,ess,300,259.0,0.0,259.0,259.0,,,
VitalDB,0.55,stratum_MAR,strong,reference_20pct_recalibration,full_heldout,event_rate_se,300,0.021649546339014777,0.0006621925644853842,0.020169662179260833,0.022681435061616448,,,
VitalDB,0.55,stratum_MAR,strong,reference_20pct_recalibration,full_heldout,reference_sample_n,300,65.0,0.0,65.0,65.0,,,
VitalDB,0.55,stratum_MAR,strong,reference_20pct_recalibration,full_heldout,evaluation_n,300,259.0,0.0,259.0,259.0,,,
VitalDB,0.55,stratum_MAR,strong,reference_30pct_recalibration,full_heldout,event_rate,300,0.14202064896755162,0.011893306536837912,0.11946902654867257,0.16371681415929204,,,
VitalDB,0.55,stratum_MAR,strong,reference_30pct_recalibration,full_heldout,oe,300,1.0551683593504562,0.29982255816942166,0.581200091629561,1.7758745625828967,1.0,0.055168359350456164,0.3043640403191324
VitalDB,0.55,stratum_MAR,strong,reference_30pct_recalibration,full_heldout,brier,300,0.11228118687332458,0.008670674196250129,0.09881870222159539,0.1319200549217037,,,
VitalDB,0.55,stratum_MAR,strong,reference_30pct_recalibration,full_heldout,auc,300,0.7067582893717093,0.028178894472086043,0.6494044665012406,0.7648269565270276,,,
VitalDB,0.55,stratum_MAR,strong,reference_30pct_recalibration,full_heldout,calibration_intercept,300,0.6615042076842524,3.0560275967873154,-0.9836436844452427,5.89033185935618,0.0,0.6615042076842524,3.1218202180034655
VitalDB,0.55,stratum_MAR,strong,reference_30pct_recalibration,full_heldout,calibration_slope,300,1.3512338952136538,1.581256729508566,0.4293221755556582,4.524923090324243,1.0,0.3512338952136538,1.6172209241827047
VitalDB,0.55,stratum_MAR,strong,reference_30pct_recalibration,full_heldout,outcome_observed_fraction,300,0.587417695473251,0.02157441871987794,0.546141975308642,0.63125,,,
VitalDB,0.55,stratum_MAR,strong,reference_30pct_recalibration,full_heldout,reconstructed_sensitivity,300,0.5715217391304348,0.05149591585017786,0.4668478260869565,0.6635869565217386,,,
VitalDB,0.55,stratum_MAR,strong,reference_30pct_recalibration,full_heldout,ess,300,226.0,0.0,226.0,226.0,,,
VitalDB,0.55,stratum_MAR,strong,reference_30pct_recalibration,full_heldout,event_rate_se,300,0.023191874533301998,0.0008235146513039445,0.021574749482665082,0.02461325807569958,,,
VitalDB,0.55,stratum_MAR,strong,reference_30pct_recalibration,full_heldout,reference_sample_n,300,98.0,0.0,98.0,98.0,,,
VitalDB,0.55,stratum_MAR,strong,reference_30pct_recalibration,full_heldout,evaluation_n,300,226.0,0.0,226.0,226.0,,,
VitalDB,0.55,stratum_MAR,weak,AIPW_design_probability,reconstructed,event_rate,300,0.11220937781094212,0.015798332710597548,0.08308175298709977,0.14278442119843013,0.1419753086419753,-0.029765930831033183,0.03368628796633934
VitalDB,0.55,stratum_MAR,weak,AIPW_design_probability,reconstructed,oe,300,1.1197401155326072,0.15765194709832905,0.8290748376233736,1.4248492185596606,1.4167750646420612,-0.29703494910945394,0.33615628849530266
VitalDB,0.55,stratum_MAR,weak,AIPW_design_probability,reconstructed,outcome_observed_fraction,300,0.599783950617284,0.024754714794398915,0.5493827160493827,0.646682098765432,,,
VitalDB,0.55,stratum_MAR,weak,AIPW_design_probability,reconstructed,reconstructed_sensitivity,300,0.5849275362318841,0.0642946041562169,0.45652173913043476,0.6956521739130435,,,
VitalDB,0.55,stratum_MAR,weak,AIPW_design_probability,reconstructed,ess,300,149.42153976188726,12.629996355558353,121.25036434165403,170.094544533701,324.0,-174.57846023811274,175.03320789027035
VitalDB,0.55,stratum_MAR,weak,AIPW_design_probability,reconstructed,event_rate_se,300,0.021782431227598344,0.002673892541927801,0.017503544269012048,0.027458943362426602,0.019390267411834264,0.0023921638157640805,0.003584454869220074
VitalDB,0.55,stratum_MAR,weak,AIPW_design_probability,reconstructed,event_rate_interval_coverage,300,0.7233333333333334,,,,,,
VitalDB,0.55,stratum_MAR,weak,Gamma2_prediction_sensitivity_region,full,event_rate,300,0.11583731442404901,0.008896480768968795,0.09914197090334795,0.13233245816315836,0.1419753086419753,-0.026137994217926286,0.02760576547104011
VitalDB,0.55,stratum_MAR,weak,Gamma2_prediction_sensitivity_region,full,outcome_observed_fraction,300,0.599783950617284,0.024754714794398915,0.5493827160493827,0.646682098765432,,,
VitalDB,0.55,stratum_MAR,weak,Gamma2_prediction_sensitivity_region,full,reconstructed_sensitivity,300,0.5849275362318841,0.0642946041562169,0.45652173913043476,0.6956521739130435,,,
VitalDB,0.55,stratum_MAR,weak,Gamma2_prediction_sensitivity_region,full,MNAR_event_rate_coverage,300,0.15,,,,,,
VitalDB,0.55,stratum_MAR,weak,IPAW_design_probability_truncated99,reconstructed,event_rate,300,0.11345522840366151,0.016012893114629178,0.0847286657157623,0.1454336876075484,0.1419753086419753,-0.02852008023831379,0.03269484689591608
VitalDB,0.55,stratum_MAR,weak,IPAW_design_probability_truncated99,reconstructed,oe,300,1.1234503961519036,0.15651745842539594,0.8376944037372793,1.4306010482546676,1.4167750646420612,-0.2933246684901576,0.3323483366702772
VitalDB,0.55,stratum_MAR,weak,IPAW_design_probability_truncated99,reconstructed,brier,300,0.08985204010666592,0.01335905351610428,0.06581538034643221,0.11558882106074612,0.11053590028892503,-0.02068386018225911,0.024610800512157832
VitalDB,0.55,stratum_MAR,weak,IPAW_design_probability_truncated99,reconstructed,auc,300,0.7177993951528953,0.05404390338740462,0.6091076647687114,0.8140983118271479,0.7044103847356897,0.013389010417205527,0.05559022649400406
VitalDB,0.55,stratum_MAR,weak,IPAW_design_probability_truncated99,reconstructed,calibration_intercept,300,-0.42828447695428573,0.3089715663021384,-1.1190905741478991,0.0841362671665631,-0.22511057884817762,-0.20317389810610811,0.3693573475992465
VitalDB,0.55,stratum_MAR,weak,IPAW_design_probability_truncated99,reconstructed,calibration_slope,300,0.7136956139061312,0.17845674634412512,0.36008143202592047,0.998014099067857,0.6581631632744903,0.05553245063164092,0.18661325610604754
VitalDB,0.55,stratum_MAR,weak,IPAW_design_probability_truncated99,reconstructed,outcome_observed_fraction,300,0.599783950617284,0.024754714794398915,0.5493827160493827,0.646682098765432,,,
VitalDB,0.55,stratum_MAR,weak,IPAW_design_probability_truncated99,reconstructed,reconstructed_sensitivity,300,0.5849275362318841,0.0642946041562169,0.45652173913043476,0.6956521739130435,,,
VitalDB,0.55,stratum_MAR,weak,IPAW_design_probability_truncated99,reconstructed,ess,300,157.60538101869068,9.447351253905474,137.54362237064507,175.75548275370437,324.0,-166.39461898130932,166.66170574999342
VitalDB,0.55,stratum_MAR,weak,IPAW_design_probability_truncated99,reconstructed,event_rate_se,300,0.022083698322467007,0.0023373542445240723,0.017848847150973228,0.027074633045581838,0.019390267411834264,0.002693430910632743,0.0035636475955400856
VitalDB,0.55,stratum_MAR,weak,IPAW_design_probability_truncated99,reconstructed,weight_p99,300,5.181238231830985,0.9830362892624105,3.8486114242398397,7.521712778291358,,,
VitalDB,0.55,stratum_MAR,weak,IPAW_design_probability_truncated99,reconstructed,weight_max,300,5.237814350916815,0.9925632546969083,3.9018414239857546,7.683056578627617,,,
VitalDB,0.55,stratum_MAR,weak,IPAW_design_probability_truncated99,reconstructed,event_rate_interval_coverage,300,0.7466666666666667,,,,,,
VitalDB,0.55,stratum_MAR,weak,IPAW_design_probability_untruncated,reconstructed,event_rate,300,0.11225061192605193,0.015997067909886212,0.08248395208635947,0.14440024627415662,0.1419753086419753,-0.02972469671592337,0.03374330683204337
VitalDB,0.55,stratum_MAR,weak,IPAW_design_probability_untruncated,reconstructed,oe,300,1.119973060077526,0.15685985736548,0.8353200407224881,1.425519340541499,1.4167750646420612,-0.2968020045645352,0.33558073253699977
VitalDB,0.55,stratum_MAR,weak,IPAW_design_probability_untruncated,reconstructed,brier,300,0.08893211562600171,0.013349306743524678,0.06494855979200269,0.11389923757547124,0.11053590028892503,-0.021603784662923314,0.025383724884124048
VitalDB,0.55,stratum_MAR,weak,IPAW_design_probability_untruncated,reconstructed,auc,300,0.7195940928922604,0.05467217905491658,0.6051393670528719,0.8157478018159712,0.7044103847356897,0.015183708156570663,0.056653584753788754
VitalDB,0.55,stratum_MAR,weak,IPAW_design_probability_untruncated,reconstructed,calibration_intercept,300,-0.426688365520691,0.3130069828237403,-1.1504604495820694,0.08770292462101706,-0.22511057884817762,-0.2015777866725134,0.37186072321756325
VitalDB,0.55,stratum_MAR,weak,IPAW_design_probability_untruncated,reconstructed,calibration_slope,300,0.7176902614747479,0.18059823126180796,0.35903470249566677,1.006076996894583,0.6581631632744903,0.05952709820025759,0.18986963286578226
VitalDB,0.55,stratum_MAR,weak,IPAW_design_probability_untruncated,reconstructed,outcome_observed_fraction,300,0.599783950617284,0.024754714794398915,0.5493827160493827,0.646682098765432,,,
VitalDB,0.55,stratum_MAR,weak,IPAW_design_probability_untruncated,reconstructed,reconstructed_sensitivity,300,0.5849275362318841,0.0642946041562169,0.45652173913043476,0.6956521739130435,,,
VitalDB,0.55,stratum_MAR,weak,IPAW_design_probability_untruncated,reconstructed,ess,300,149.42153976188726,12.629996355558353,121.25036434165403,170.094544533701,324.0,-174.57846023811274,175.03320789027035
VitalDB,0.55,stratum_MAR,weak,IPAW_design_probability_untruncated,reconstructed,event_rate_se,300,0.022005628390371925,0.0023962108580007206,0.01769543888224321,0.027058319785135624,0.019390267411834264,0.0026153609785376612,0.00354440405462912
VitalDB,0.55,stratum_MAR,weak,IPAW_design_probability_untruncated,reconstructed,weight_p99,300,5.237814350916815,0.9925632546969083,3.9018414239857546,7.683056578627617,,,
VitalDB,0.55,stratum_MAR,weak,IPAW_design_probability_untruncated,reconstructed,weight_max,300,8.195639065218607,2.774553507383945,4.611837764612314,15.567124818966224,,,
VitalDB,0.55,stratum_MAR,weak,IPAW_design_probability_untruncated,reconstructed,event_rate_interval_coverage,300,0.7266666666666667,,,,,,
VitalDB,0.55,stratum_MAR,weak,full_reference,full,event_rate,300,0.1419753086419753,0.0,0.1419753086419753,0.1419753086419753,0.1419753086419753,0.0,0.0
VitalDB,0.55,stratum_MAR,weak,full_reference,full,oe,300,1.4167750646420616,4.448312140598118e-16,1.4167750646420612,1.4167750646420612,1.4167750646420612,4.440892098500626e-16,0.0
VitalDB,0.55,stratum_MAR,weak,full_reference,full,brier,300,0.11053590028892503,0.0,0.11053590028892503,0.11053590028892503,0.11053590028892503,0.0,0.0
VitalDB,0.55,stratum_MAR,weak,full_reference,full,auc,300,0.7044103847356897,0.0,0.7044103847356897,0.7044103847356897,0.7044103847356897,0.0,0.0
VitalDB,0.55,stratum_MAR,weak,full_reference,full,calibration_intercept,300,-0.2251105788481776,2.7801950878738235e-17,-0.22511057884817762,-0.22511057884817762,-0.22511057884817762,2.7755575615628914e-17,0.0
VitalDB,0.55,stratum_MAR,weak,full_reference,full,calibration_slope,300,0.6581631632744902,1.1120780351495294e-16,0.6581631632744903,0.6581631632744903,0.6581631632744903,-1.1102230246251565e-16,0.0
VitalDB,0.55,stratum_MAR,weak,full_reference,full,outcome_observed_fraction,300,0.599783950617284,0.024754714794398915,0.5493827160493827,0.646682098765432,,,
VitalDB,0.55,stratum_MAR,weak,full_reference,full,reconstructed_sensitivity,300,0.5849275362318841,0.0642946041562169,0.45652173913043476,0.6956521739130435,,,
VitalDB,0.55,stratum_MAR,weak,full_reference,full,ess,300,324.0,0.0,324.0,324.0,324.0,0.0,0.0
VitalDB,0.55,stratum_MAR,weak,full_reference,full,event_rate_se,300,0.01939026741183426,3.475243859842279e-18,0.019390267411834264,0.019390267411834264,0.019390267411834264,-3.469446951953614e-18,0.0
VitalDB,0.55,stratum_MAR,weak,full_reference,full,event_rate_interval_coverage,300,1.0,,,,,,
VitalDB,0.55,stratum_MAR,weak,naive,reconstructed,event_rate,300,0.14117198783851317,0.015119053555658565,0.11527889649617398,0.17174325073964497,0.1419753086419753,-0.0008033208034621264,0.015115196066566609
VitalDB,0.55,stratum_MAR,weak,naive,reconstructed,oe,300,1.1581099685025533,0.12192170270616674,0.9279401254549804,1.3927943784725176,1.4167750646420612,-0.25866509613950783,0.28587232094007
VitalDB,0.55,stratum_MAR,weak,naive,reconstructed,brier,300,0.10596384868458611,0.011527949046604195,0.08489558641250027,0.1287099121586367,0.11053590028892503,-0.00457205160433892,0.01238362977468388
VitalDB,0.55,stratum_MAR,weak,naive,reconstructed,auc,300,0.7325510454797486,0.03536373711179617,0.655068185058024,0.7922073044686309,0.7044103847356897,0.028140660744058854,0.045147780048223146
VitalDB,0.55,stratum_MAR,weak,naive,reconstructed,calibration_intercept,300,-0.2626373503055899,0.20258983689179963,-0.7244540879951278,0.10197462270972033,-0.22511057884817762,-0.03752677145741226,0.20570389345162302
VitalDB,0.55,stratum_MAR,weak,naive,reconstructed,calibration_slope,300,0.7390892132416261,0.10733358762657098,0.5442067636950829,0.919814457051837,0.6581631632744903,0.08092604996713582,0.13428001687753666
VitalDB,0.55,stratum_MAR,weak,naive,reconstructed,outcome_observed_fraction,300,0.599783950617284,0.024754714794398915,0.5493827160493827,0.646682098765432,,,
VitalDB,0.55,stratum_MAR,weak,naive,reconstructed,reconstructed_sensitivity,300,0.5849275362318841,0.0642946041562169,0.45652173913043476,0.6956521739130435,,,
VitalDB,0.55,stratum_MAR,weak,naive,reconstructed,ess,300,194.33,8.02052759338525,178.0,209.52499999999998,324.0,-129.67,129.9169863156213
VitalDB,0.55,stratum_MAR,weak,naive,reconstructed,event_rate_se,300,0.02494829630578658,0.001284034973274214,0.0226614700679133,0.027429892703774154,0.019390267411834264,0.0055580288939523145,0.005703940320447331
VitalDB,0.55,stratum_MAR,weak,naive,reconstructed,event_rate_interval_coverage,300,1.0,,,,,,
VitalDB,0.55,stratum_MAR,weak,recalibration_intercept_apparent,reconstructed,event_rate,300,0.14117198783851317,0.015119053555658565,0.11527889649617398,0.17174325073964497,,,
VitalDB,0.55,stratum_MAR,weak,recalibration_intercept_apparent,reconstructed,oe,300,0.9975995320759459,0.0328839625206573,0.9291063185051166,1.0770418312938186,1.0,-0.0024004679240541282,0.03291675440679928
VitalDB,0.55,stratum_MAR,weak,recalibration_intercept_apparent,reconstructed,brier,300,0.10855423198362464,0.012396839638090266,0.08624065407202527,0.13190546165988076,,,
VitalDB,0.55,stratum_MAR,weak,recalibration_intercept_apparent,reconstructed,auc,300,0.7187711692725308,0.04074414078887051,0.6341427961384922,0.7856032168626218,,,
VitalDB,0.55,stratum_MAR,weak,recalibration_intercept_apparent,reconstructed,calibration_intercept,300,-0.5009027577317527,0.2053192206842839,-0.9053603306627552,-0.1678095460269558,0.0,-0.5009027577317527,0.5412199508004135
VitalDB,0.55,stratum_MAR,weak,recalibration_intercept_apparent,reconstructed,calibration_slope,300,0.6850012561656234,0.12325832780199458,0.43525985641234355,0.8868194009620963,1.0,-0.31499874383437665,0.3381806942132229
VitalDB,0.55,stratum_MAR,weak,recalibration_intercept_apparent,reconstructed,outcome_observed_fraction,300,0.599783950617284,0.024754714794398915,0.5493827160493827,0.646682098765432,,,
VitalDB,0.55,stratum_MAR,weak,recalibration_intercept_apparent,reconstructed,reconstructed_sensitivity,300,0.5849275362318841,0.0642946041562169,0.45652173913043476,0.6956521739130435,,,
VitalDB,0.55,stratum_MAR,weak,recalibration_intercept_apparent,reconstructed,ess,300,194.33,8.02052759338525,178.0,209.52499999999998,,,
VitalDB,0.55,stratum_MAR,weak,recalibration_intercept_apparent,reconstructed,event_rate_se,300,0.02494829630578658,0.001284034973274214,0.0226614700679133,0.027429892703774154,,,
VitalDB,0.55,stratum_MAR,weak,recalibration_intercept_slope_apparent,reconstructed,event_rate,300,0.14117198783851317,0.015119053555658565,0.11527889649617398,0.17174325073964497,,,
VitalDB,0.55,stratum_MAR,weak,recalibration_intercept_slope_apparent,reconstructed,oe,300,0.9974130156912238,0.04517235041165058,0.9060528397494851,1.0736347592514472,1.0,-0.002586984308776241,0.04517114040388797
VitalDB,0.55,stratum_MAR,weak,recalibration_intercept_slope_apparent,reconstructed,brier,300,0.10902100934924505,0.011800539020380885,0.08752417423249713,0.13409957733135974,,,
VitalDB,0.55,stratum_MAR,weak,recalibration_intercept_slope_apparent,reconstructed,auc,300,0.7028678979960494,0.04714995602234,0.5974028122415219,0.778632414620982,,,
VitalDB,0.55,stratum_MAR,weak,recalibration_intercept_slope_apparent,reconstructed,calibration_intercept,300,-0.3253767836706568,0.30416178386345966,-1.1096773251786636,0.053581070467050136,0.0,-0.3253767836706568,0.4450573680013847
VitalDB,0.55,stratum_MAR,weak,recalibration_intercept_slope_apparent,reconstructed,calibration_slope,300,0.804125613957958,0.17310124004772254,0.3842650563724156,1.0178225878641034,1.0,-0.195874386042042,0.2612105171741481
VitalDB,0.55,stratum_MAR,weak,recalibration_intercept_slope_apparent,reconstructed,outcome_observed_fraction,300,0.599783950617284,0.024754714794398915,0.5493827160493827,0.646682098765432,,,
VitalDB,0.55,stratum_MAR,weak,recalibration_intercept_slope_apparent,reconstructed,reconstructed_sensitivity,300,0.5849275362318841,0.0642946041562169,0.45652173913043476,0.6956521739130435,,,
VitalDB,0.55,stratum_MAR,weak,recalibration_intercept_slope_apparent,reconstructed,ess,300,194.33,8.02052759338525,178.0,209.52499999999998,,,
VitalDB,0.55,stratum_MAR,weak,recalibration_intercept_slope_apparent,reconstructed,event_rate_se,300,0.02494829630578658,0.001284034973274214,0.0226614700679133,0.027429892703774154,,,
VitalDB,0.55,stratum_MAR,weak,recalibration_intercept_slope_truth,full,event_rate,300,0.1419753086419753,0.0,0.1419753086419753,0.1419753086419753,,,
VitalDB,0.55,stratum_MAR,weak,recalibration_intercept_slope_truth,full,oe,300,1.1752060530901474,0.14405859080162337,0.9380931620156534,1.4943285622283216,1.0,0.17520605309014736,0.22667347080010175
VitalDB,0.55,stratum_MAR,weak,recalibration_intercept_slope_truth,full,brier,300,0.11221038629222335,0.003257938112840011,0.108692797822789,0.12073428267302622,,,
VitalDB,0.55,stratum_MAR,weak,recalibration_intercept_slope_truth,full,auc,300,0.6841048900010427,0.021194575341127224,0.6277643102908976,0.7074268845792931,,,
VitalDB,0.55,stratum_MAR,weak,recalibration_intercept_slope_truth,full,calibration_intercept,300,-0.24969141433267855,0.33259288251658636,-0.9323388876927654,0.4786849520798999,0.0,-0.24969141433267855,0.41544566568984226
VitalDB,0.55,stratum_MAR,weak,recalibration_intercept_slope_truth,full,calibration_slope,300,0.7569402562307979,0.1864966743218739,0.36465929062508584,1.1465707226161361,1.0,-0.24305974376920214,0.306174969381603
VitalDB,0.55,stratum_MAR,weak,recalibration_intercept_slope_truth,full,outcome_observed_fraction,300,0.599783950617284,0.024754714794398915,0.5493827160493827,0.646682098765432,,,
VitalDB,0.55,stratum_MAR,weak,recalibration_intercept_slope_truth,full,reconstructed_sensitivity,300,0.5849275362318841,0.0642946041562169,0.45652173913043476,0.6956521739130435,,,
VitalDB,0.55,stratum_MAR,weak,recalibration_intercept_slope_truth,full,ess,300,324.0,0.0,324.0,324.0,,,
VitalDB,0.55,stratum_MAR,weak,recalibration_intercept_slope_truth,full,event_rate_se,300,0.01939026741183426,3.475243859842279e-18,0.019390267411834264,0.019390267411834264,,,
VitalDB,0.55,stratum_MAR,weak,recalibration_intercept_truth,full,event_rate,300,0.1419753086419753,0.0,0.1419753086419753,0.1419753086419753,,,
VitalDB,0.55,stratum_MAR,weak,recalibration_intercept_truth,full,oe,300,1.2237574070295825,0.14659990425429922,0.9787870943783427,1.5463404945605101,1.0,0.22375740702958247,0.2673710356194442
VitalDB,0.55,stratum_MAR,weak,recalibration_intercept_truth,full,brier,300,0.11162070362393725,0.002248950555942511,0.10971765779833978,0.11923767823595822,,,
VitalDB,0.55,stratum_MAR,weak,recalibration_intercept_truth,full,auc,300,0.6940915962881868,0.015170924221342953,0.6465573193619018,0.7082831560838285,,,
VitalDB,0.55,stratum_MAR,weak,recalibration_intercept_truth,full,calibration_intercept,300,-0.4431836870275284,0.14590638327013772,-0.7840513078113492,-0.17574578989503845,0.0,-0.4431836870275284,0.46650776079720613
VitalDB,0.55,stratum_MAR,weak,recalibration_intercept_truth,full,calibration_slope,300,0.6169626831031735,0.05606245386302164,0.4513632126684927,0.6623860619521659,1.0,-0.3830373168968265,0.38710477678042093
VitalDB,0.55,stratum_MAR,weak,recalibration_intercept_truth,full,outcome_observed_fraction,300,0.599783950617284,0.024754714794398915,0.5493827160493827,0.646682098765432,,,
VitalDB,0.55,stratum_MAR,weak,recalibration_intercept_truth,full,reconstructed_sensitivity,300,0.5849275362318841,0.0642946041562169,0.45652173913043476,0.6956521739130435,,,
VitalDB,0.55,stratum_MAR,weak,recalibration_intercept_truth,full,ess,300,324.0,0.0,324.0,324.0,,,
VitalDB,0.55,stratum_MAR,weak,recalibration_intercept_truth,full,event_rate_se,300,0.01939026741183426,3.475243859842279e-18,0.019390267411834264,0.019390267411834264,,,
VitalDB,0.55,stratum_MAR,weak,reference_05pct_recalibration,full_heldout,event_rate,298,0.1414189837008629,0.005962719479582437,0.1292517006802721,0.15306122448979592,,,
VitalDB,0.55,stratum_MAR,weak,reference_05pct_recalibration,full_heldout,oe,298,1.2001369060797316,0.7518189258720847,0.4969728723325086,3.2477273779990306,1.0,0.20013690607973156,0.7767816474483314
VitalDB,0.55,stratum_MAR,weak,reference_05pct_recalibration,full_heldout,brier,298,0.1205721410629709,0.012684030993797519,0.10779757187172725,0.15553844564929145,,,
VitalDB,0.55,stratum_MAR,weak,reference_05pct_recalibration,full_heldout,auc,298,0.6558782497863104,0.13290750600725332,0.26906939354426773,0.7278504515337745,,,
VitalDB,0.55,stratum_MAR,weak,reference_05pct_recalibration,full_heldout,calibration_intercept,298,-0.44843783053999586,5.337721440271959,-12.68064683398495,9.944587145663512,0.0,-0.44843783053999586,5.3475936992842
VitalDB,0.55,stratum_MAR,weak,reference_05pct_recalibration,full_heldout,calibration_slope,298,0.8691846721075455,2.8855678966382725,-6.024306689916519,6.375714890643099,1.0,-0.13081532789245454,2.8836909428634825
VitalDB,0.55,stratum_MAR,weak,reference_05pct_recalibration,full_heldout,outcome_observed_fraction,298,0.599759714972243,0.02479704812805648,0.5493827160493827,0.6468364197530864,,,
VitalDB,0.55,stratum_MAR,weak,reference_05pct_recalibration,full_heldout,reconstructed_sensitivity,298,0.5849868689816166,0.06450044724326769,0.45652173913043476,0.6956521739130435,,,
VitalDB,0.55,stratum_MAR,weak,reference_05pct_recalibration,full_heldout,ess,298,294.0,0.0,294.0,294.0,,,
VitalDB,0.55,stratum_MAR,weak,reference_05pct_recalibration,full_heldout,event_rate_se,298,0.02031604680542098,0.0003607987656711901,0.019565492543623577,0.020998338616454712,,,
VitalDB,0.55,stratum_MAR,weak,reference_05pct_recalibration,full_heldout,reference_sample_n,298,30.0,0.0,30.0,30.0,,,
VitalDB,0.55,stratum_MAR,weak,reference_05pct_recalibration,full_heldout,evaluation_n,298,294.0,0.0,294.0,294.0,,,
VitalDB,0.55,stratum_MAR,weak,reference_10pct_recalibration,full_heldout,event_rate,299,0.1414566309232378,0.006373154322192739,0.12714776632302405,0.15120274914089346,,,
VitalDB,0.55,stratum_MAR,weak,reference_10pct_recalibration,full_heldout,oe,299,1.182664629171657,0.7542722015900925,0.5078612544352907,3.1709152576323256,1.0,0.18266462917165693,0.7748484732172021
VitalDB,0.55,stratum_MAR,weak,reference_10pct_recalibration,full_heldout,brier,299,0.11930850323299232,0.011289971056972157,0.10711350863125797,0.15045389662548891,,,
VitalDB,0.55,stratum_MAR,weak,reference_10pct_recalibration,full_heldout,auc,299,0.6625068914873969,0.12592462141380456,0.26571727066258516,0.7284312846176271,,,
VitalDB,0.55,stratum_MAR,weak,reference_10pct_recalibration,full_heldout,calibration_intercept,299,-0.453037668951075,6.062601633689889,-13.719249792438003,10.883217220660997,0.0,-0.453037668951075,6.069386691706369
VitalDB,0.55,stratum_MAR,weak,reference_10pct_recalibration,full_heldout,calibration_slope,299,0.8022385141623686,3.4663495200655325,-5.727884931516958,7.672790059636551,1.0,-0.19776148583763142,3.4661942700333417
VitalDB,0.55,stratum_MAR,weak,reference_10pct_recalibration,full_heldout,outcome_observed_fraction,299,0.5998286469300962,0.024784086171694426,0.5493827160493827,0.6467592592592593,,,
VitalDB,0.55,stratum_MAR,weak,reference_10pct_recalibration,full_heldout,reconstructed_sensitivity,299,0.584993456449033,0.06439223482322338,0.45652173913043476,0.6956521739130435,,,
VitalDB,0.55,stratum_MAR,weak,reference_10pct_recalibration,full_heldout,ess,299,291.0,0.0,291.0,291.0,,,
VitalDB,0.55,stratum_MAR,weak,reference_10pct_recalibration,full_heldout,event_rate_se,299,0.020421884970414358,0.00038788534077544126,0.019528920473301695,0.02100077545558355,,,
VitalDB,0.55,stratum_MAR,weak,reference_10pct_recalibration,full_heldout,reference_sample_n,299,33.0,0.0,33.0,33.0,,,
VitalDB,0.55,stratum_MAR,weak,reference_10pct_recalibration,full_heldout,evaluation_n,299,291.0,0.0,291.0,291.0,,,
VitalDB,0.55,stratum_MAR,weak,reference_20pct_recalibration,full_heldout,event_rate,300,0.14136422136422136,0.009306425078820792,0.12355212355212356,0.1583011583011583,,,
VitalDB,0.55,stratum_MAR,weak,reference_20pct_recalibration,full_heldout,oe,300,1.069749297637396,0.3813198139610084,0.6049199955045318,2.0787952590085306,1.0,0.0697492976373959,0.38702077770033305
VitalDB,0.55,stratum_MAR,weak,reference_20pct_recalibration,full_heldout,brier,300,0.11365578047877631,0.008390918785486036,0.10300859196056701,0.13491294891955635,,,
VitalDB,0.55,stratum_MAR,weak,reference_20pct_recalibration,full_heldout,auc,300,0.701090996401069,0.04225430477443569,0.6651813233329364,0.7402809134450001,,,
VitalDB,0.55,stratum_MAR,weak,reference_20pct_recalibration,full_heldout,calibration_intercept,300,0.5218360552885895,4.157638583834674,-1.2665528301814197,6.168572798985664,0.0,0.5218360552885895,4.183378013090694
VitalDB,0.55,stratum_MAR,weak,reference_20pct_recalibration,full_heldout,calibration_slope,300,1.2526294043821713,1.9832201085451266,0.3256599057201684,4.2578491838572985,1.0,0.2526294043821713,1.995964196798073
VitalDB,0.55,stratum_MAR,weak,reference_20pct_recalibration,full_heldout,outcome_observed_fraction,300,0.599783950617284,0.024754714794398915,0.5493827160493827,0.646682098765432,,,
VitalDB,0.55,stratum_MAR,weak,reference_20pct_recalibration,full_heldout,reconstructed_sensitivity,300,0.5849275362318841,0.0642946041562169,0.45652173913043476,0.6956521739130435,,,
VitalDB,0.55,stratum_MAR,weak,reference_20pct_recalibration,full_heldout,ess,300,259.0,0.0,259.0,259.0,,,
VitalDB,0.55,stratum_MAR,weak,reference_20pct_recalibration,full_heldout,event_rate_se,300,0.021632433578379906,0.0005965128958723333,0.020447408414756684,0.02268143506161645,,,
VitalDB,0.55,stratum_MAR,weak,reference_20pct_recalibration,full_heldout,reference_sample_n,300,65.0,0.0,65.0,65.0,,,
VitalDB,0.55,stratum_MAR,weak,reference_20pct_recalibration,full_heldout,evaluation_n,300,259.0,0.0,259.0,259.0,,,
VitalDB,0.55,stratum_MAR,weak,reference_30pct_recalibration,full_heldout,event_rate,300,0.14140117994100296,0.012209102864669263,0.11504424778761062,0.16371681415929204,,,
VitalDB,0.55,stratum_MAR,weak,reference_30pct_recalibration,full_heldout,oe,300,1.046256196320054,0.30781810833548157,0.5910413637460754,1.7827593573472562,1.0,0.046256196320054066,0.3107664453537997
VitalDB,0.55,stratum_MAR,weak,reference_30pct_recalibration,full_heldout,brier,300,0.11213074858977334,0.008683215961864653,0.09879768290483065,0.1309556040884254,,,
VitalDB,0.55,stratum_MAR,weak,reference_30pct_recalibration,full_heldout,auc,300,0.7048681457524085,0.02806136207490412,0.6508188900560224,0.7595985466146757,,,
VitalDB,0.55,stratum_MAR,weak,reference_30pct_recalibration,full_heldout,calibration_intercept,300,0.6727699829459862,5.7915931237276554,-1.1591226806315873,3.0798111824977683,0.0,0.6727699829459862,5.820941664174841
VitalDB,0.55,stratum_MAR,weak,reference_30pct_recalibration,full_heldout,calibration_slope,300,1.335635662067855,2.6225412512961377,0.43321355709857756,2.908592339529957,1.0,0.3356356620678549,2.639592425044532
VitalDB,0.55,stratum_MAR,weak,reference_30pct_recalibration,full_heldout,outcome_observed_fraction,300,0.599783950617284,0.024754714794398915,0.5493827160493827,0.646682098765432,,,
VitalDB,0.55,stratum_MAR,weak,reference_30pct_recalibration,full_heldout,reconstructed_sensitivity,300,0.5849275362318841,0.0642946041562169,0.45652173913043476,0.6956521739130435,,,
VitalDB,0.55,stratum_MAR,weak,reference_30pct_recalibration,full_heldout,ess,300,226.0,0.0,226.0,226.0,,,
VitalDB,0.55,stratum_MAR,weak,reference_30pct_recalibration,full_heldout,event_rate_se,300,0.023148101344618848,0.0008420276577853264,0.02122457550766333,0.024613258075699584,,,
VitalDB,0.55,stratum_MAR,weak,reference_30pct_recalibration,full_heldout,reference_sample_n,300,98.0,0.0,98.0,98.0,,,
VitalDB,0.55,stratum_MAR,weak,reference_30pct_recalibration,full_heldout,evaluation_n,300,226.0,0.0,226.0,226.0,,,
VitalDB,0.75,MCAR,strong,AIPW_design_probability,reconstructed,event_rate,300,0.12733324003758162,0.00917598208232171,0.1080008659225206,0.14399457566835328,0.1419753086419753,-0.014642068604393682,0.017271599753167353
VitalDB,0.75,MCAR,strong,AIPW_design_probability,reconstructed,oe,300,1.2706615052357868,0.09156734880301692,1.0777432728435647,1.4369253795044894,1.4167750646420612,-0.14611355940627435,0.17235371481721776
VitalDB,0.75,MCAR,strong,AIPW_design_probability,reconstructed,outcome_observed_fraction,300,0.806707818930041,0.02032789968509671,0.7668981481481482,0.845679012345679,,,
VitalDB,0.75,MCAR,strong,AIPW_design_probability,reconstructed,reconstructed_sensitivity,300,0.7897101449275362,0.05078844045414464,0.6956521739130435,0.8913043478260869,,,
VitalDB,0.75,MCAR,strong,AIPW_design_probability,reconstructed,ess,300,254.54013760341536,6.398725050131145,242.53028668583022,266.89636640108876,324.0,-69.45986239658464,69.75299052713626
VitalDB,0.75,MCAR,strong,AIPW_design_probability,reconstructed,event_rate_se,300,0.01991183616313184,0.000744315432754313,0.018201410802559957,0.021188398597306562,0.019390267411834264,0.0005215687512975763,0.0009078506159540976
VitalDB,0.75,MCAR,strong,AIPW_design_probability,reconstructed,event_rate_interval_coverage,300,0.9833333333333333,,,,,,
VitalDB,0.75,MCAR,strong,Gamma2_prediction_sensitivity_region,full,event_rate,300,0.12893423659597417,0.007373911805898101,0.11337851981276369,0.1413687100503065,0.1419753086419753,-0.013041072046001134,0.014975409404946237
VitalDB,0.75,MCAR,strong,Gamma2_prediction_sensitivity_region,full,outcome_observed_fraction,300,0.806707818930041,0.02032789968509671,0.7668981481481482,0.845679012345679,,,
VitalDB,0.75,MCAR,strong,Gamma2_prediction_sensitivity_region,full,reconstructed_sensitivity,300,0.7897101449275362,0.05078844045414464,0.6956521739130435,0.8913043478260869,,,
VitalDB,0.75,MCAR,strong,Gamma2_prediction_sensitivity_region,full,MNAR_event_rate_coverage,300,0.25333333333333335,,,,,,
VitalDB,0.75,MCAR,strong,IPAW_design_probability_truncated99,reconstructed,event_rate,300,0.12763517049519693,0.009220426146978664,0.10925751223921637,0.14417962873992163,0.1419753086419753,-0.01434013814677837,0.0170403178630213
VitalDB,0.75,MCAR,strong,IPAW_design_probability_truncated99,reconstructed,oe,300,1.2710420391382773,0.09302113779537977,1.0783474215146287,1.4405216788317952,1.4167750646420612,-0.14573302550378386,0.17280683925212878
VitalDB,0.75,MCAR,strong,IPAW_design_probability_truncated99,reconstructed,brier,300,0.10036172564515561,0.007388142862202079,0.08433162027675696,0.11450734833331257,0.11053590028892503,-0.01017417464376942,0.012566484623170756
VitalDB,0.75,MCAR,strong,IPAW_design_probability_truncated99,reconstructed,auc,300,0.7079913480359247,0.024219176288516577,0.6590337458501215,0.7567939051489078,0.7044103847356897,0.0035809633002349406,0.02444251562172408
VitalDB,0.75,MCAR,strong,IPAW_design_probability_truncated99,reconstructed,calibration_intercept,300,-0.3450198699510678,0.1545832786493459,-0.6277251059105903,-0.053098023354771165,-0.22511057884817762,-0.1199092911028902,0.19543432357355342
VitalDB,0.75,MCAR,strong,IPAW_design_probability_truncated99,reconstructed,calibration_slope,300,0.668780522279938,0.06948768904746773,0.5380502013920236,0.8167767415381039,0.6581631632744903,0.01061735900544769,0.07017957047207023
VitalDB,0.75,MCAR,strong,IPAW_design_probability_truncated99,reconstructed,outcome_observed_fraction,300,0.806707818930041,0.02032789968509671,0.7668981481481482,0.845679012345679,,,
VitalDB,0.75,MCAR,strong,IPAW_design_probability_truncated99,reconstructed,reconstructed_sensitivity,300,0.7897101449275362,0.05078844045414464,0.6956521739130435,0.8913043478260869,,,
VitalDB,0.75,MCAR,strong,IPAW_design_probability_truncated99,reconstructed,ess,300,254.54013760341536,6.398725050131145,242.53028668583022,266.89636640108876,324.0,-69.45986239658464,69.75299052713626
VitalDB,0.75,MCAR,strong,IPAW_design_probability_truncated99,reconstructed,event_rate_se,300,0.019934975369103877,0.0008062113140761476,0.018368422174431926,0.021475242558423098,0.019390267411834264,0.0005447079572696127,0.0009718625688409228
VitalDB,0.75,MCAR,strong,IPAW_design_probability_truncated99,reconstructed,weight_p99,300,1.7777777777777783,2.224156070299059e-16,1.7777777777777781,1.7777777777777781,,,
VitalDB,0.75,MCAR,strong,IPAW_design_probability_truncated99,reconstructed,weight_max,300,1.7777777777777783,2.224156070299059e-16,1.7777777777777781,1.7777777777777781,,,
VitalDB,0.75,MCAR,strong,IPAW_design_probability_truncated99,reconstructed,event_rate_interval_coverage,300,0.9866666666666667,,,,,,
VitalDB,0.75,MCAR,strong,IPAW_design_probability_untruncated,reconstructed,event_rate,300,0.12763517049519693,0.009220426146978664,0.10925751223921637,0.14417962873992163,0.1419753086419753,-0.01434013814677837,0.0170403178630213
VitalDB,0.75,MCAR,strong,IPAW_design_probability_untruncated,reconstructed,oe,300,1.2710420391382773,0.09302113779537977,1.0783474215146287,1.4405216788317952,1.4167750646420612,-0.14573302550378386,0.17280683925212878
VitalDB,0.75,MCAR,strong,IPAW_design_probability_untruncated,reconstructed,brier,300,0.10036172564515561,0.007388142862202079,0.08433162027675696,0.11450734833331257,0.11053590028892503,-0.01017417464376942,0.012566484623170756
VitalDB,0.75,MCAR,strong,IPAW_design_probability_untruncated,reconstructed,auc,300,0.7079913480359247,0.024219176288516577,0.6590337458501215,0.7567939051489078,0.7044103847356897,0.0035809633002349406,0.02444251562172408
VitalDB,0.75,MCAR,strong,IPAW_design_probability_untruncated,reconstructed,calibration_intercept,300,-0.3450198699510678,0.1545832786493459,-0.6277251059105903,-0.053098023354771165,-0.22511057884817762,-0.1199092911028902,0.19543432357355342
VitalDB,0.75,MCAR,strong,IPAW_design_probability_untruncated,reconstructed,calibration_slope,300,0.668780522279938,0.06948768904746773,0.5380502013920236,0.8167767415381039,0.6581631632744903,0.01061735900544769,0.07017957047207023
VitalDB,0.75,MCAR,strong,IPAW_design_probability_untruncated,reconstructed,outcome_observed_fraction,300,0.806707818930041,0.02032789968509671,0.7668981481481482,0.845679012345679,,,
VitalDB,0.75,MCAR,strong,IPAW_design_probability_untruncated,reconstructed,reconstructed_sensitivity,300,0.7897101449275362,0.05078844045414464,0.6956521739130435,0.8913043478260869,,,
VitalDB,0.75,MCAR,strong,IPAW_design_probability_untruncated,reconstructed,ess,300,254.54013760341536,6.398725050131145,242.53028668583022,266.89636640108876,324.0,-69.45986239658464,69.75299052713626
VitalDB,0.75,MCAR,strong,IPAW_design_probability_untruncated,reconstructed,event_rate_se,300,0.019934975369103877,0.0008062113140761476,0.018368422174431926,0.021475242558423098,0.019390267411834264,0.0005447079572696127,0.0009718625688409228
VitalDB,0.75,MCAR,strong,IPAW_design_probability_untruncated,reconstructed,weight_p99,300,1.7777777777777783,2.224156070299059e-16,1.7777777777777781,1.7777777777777781,,,
VitalDB,0.75,MCAR,strong,IPAW_design_probability_untruncated,reconstructed,weight_max,300,1.7777777777777783,2.224156070299059e-16,1.7777777777777781,1.7777777777777781,,,
VitalDB,0.75,MCAR,strong,IPAW_design_probability_untruncated,reconstructed,event_rate_interval_coverage,300,0.9866666666666667,,,,,,
VitalDB,0.75,MCAR,strong,full_reference,full,event_rate,300,0.1419753086419753,0.0,0.1419753086419753,0.1419753086419753,0.1419753086419753,0.0,0.0
VitalDB,0.75,MCAR,strong,full_reference,full,oe,300,1.4167750646420616,4.448312140598118e-16,1.4167750646420612,1.4167750646420612,1.4167750646420612,4.440892098500626e-16,0.0
VitalDB,0.75,MCAR,strong,full_reference,full,brier,300,0.11053590028892503,0.0,0.11053590028892503,0.11053590028892503,0.11053590028892503,0.0,0.0
VitalDB,0.75,MCAR,strong,full_reference,full,auc,300,0.7044103847356897,0.0,0.7044103847356897,0.7044103847356897,0.7044103847356897,0.0,0.0
VitalDB,0.75,MCAR,strong,full_reference,full,calibration_intercept,300,-0.2251105788481776,2.7801950878738235e-17,-0.22511057884817762,-0.22511057884817762,-0.22511057884817762,2.7755575615628914e-17,0.0
VitalDB,0.75,MCAR,strong,full_reference,full,calibration_slope,300,0.6581631632744902,1.1120780351495294e-16,0.6581631632744903,0.6581631632744903,0.6581631632744903,-1.1102230246251565e-16,0.0
VitalDB,0.75,MCAR,strong,full_reference,full,outcome_observed_fraction,300,0.806707818930041,0.02032789968509671,0.7668981481481482,0.845679012345679,,,
VitalDB,0.75,MCAR,strong,full_reference,full,reconstructed_sensitivity,300,0.7897101449275362,0.05078844045414464,0.6956521739130435,0.8913043478260869,,,
VitalDB,0.75,MCAR,strong,full_reference,full,ess,300,324.0,0.0,324.0,324.0,324.0,0.0,0.0
VitalDB,0.75,MCAR,strong,full_reference,full,event_rate_se,300,0.01939026741183426,3.475243859842279e-18,0.019390267411834264,0.019390267411834264,0.019390267411834264,-3.469446951953614e-18,0.0
VitalDB,0.75,MCAR,strong,full_reference,full,event_rate_interval_coverage,300,1.0,,,,,,
VitalDB,0.75,MCAR,strong,naive,reconstructed,event_rate,300,0.14183695768459956,0.009220688676620096,0.12307692307692308,0.15871577746577745,0.1419753086419753,-0.00013835095737574354,0.009206347646759074
VitalDB,0.75,MCAR,strong,naive,reconstructed,oe,300,1.3055076690470993,0.08517586263221176,1.1274134443166115,1.448772947836835,1.4167750646420612,-0.1112673955949619,0.14003991504464008
VitalDB,0.75,MCAR,strong,naive,reconstructed,brier,300,0.10846140813615207,0.007078685755253265,0.09365790371227921,0.12187262771578829,0.11053590028892503,-0.002074492152772958,0.007365071876101187
VitalDB,0.75,MCAR,strong,naive,reconstructed,auc,300,0.7141760125962009,0.02203313442713105,0.6714282175923707,0.759876163465474,0.7044103847356897,0.009765627860511161,0.024066746840507365
VitalDB,0.75,MCAR,strong,naive,reconstructed,calibration_intercept,300,-0.2659047926654759,0.14669039583084095,-0.5320542452895588,0.02300708231572448,-0.22511057884817762,-0.04079421381729828,0.15202142349863135
VitalDB,0.75,MCAR,strong,naive,reconstructed,calibration_slope,300,0.6733163995454243,0.06478610127104148,0.5486443552849531,0.8154949290047091,0.6581631632744903,0.015153236270934012,0.06642942639366523
VitalDB,0.75,MCAR,strong,naive,reconstructed,outcome_observed_fraction,300,0.806707818930041,0.02032789968509671,0.7668981481481482,0.845679012345679,,,
VitalDB,0.75,MCAR,strong,naive,reconstructed,reconstructed_sensitivity,300,0.7897101449275362,0.05078844045414464,0.6956521739130435,0.8913043478260869,,,
VitalDB,0.75,MCAR,strong,naive,reconstructed,ess,300,261.37333333333333,6.5862394979713335,248.475,274.0,324.0,-62.626666666666665,62.970892746834494
VitalDB,0.75,MCAR,strong,naive,reconstructed,event_rate_se,300,0.02157094050877339,0.0006991539317658307,0.020209132172153806,0.022833063332444056,0.019390267411834264,0.002180673096939128,0.0022896554301066125
VitalDB,0.75,MCAR,strong,naive,reconstructed,event_rate_interval_coverage,300,1.0,,,,,,
VitalDB,0.75,MCAR,strong,recalibration_intercept_apparent,reconstructed,event_rate,300,0.14183695768459956,0.009220688676620096,0.12307692307692308,0.15871577746577745,,,
VitalDB,0.75,MCAR,strong,recalibration_intercept_apparent,reconstructed,oe,300,0.9997360145884393,0.021454203002171136,0.9447941439423394,1.0553103171431262,1.0,-0.00026398541156069655,0.0214200429193709
VitalDB,0.75,MCAR,strong,recalibration_intercept_apparent,reconstructed,brier,300,0.11044416565936889,0.0076904667493869535,0.09525187939457996,0.12598834224989258,,,
VitalDB,0.75,MCAR,strong,recalibration_intercept_apparent,reconstructed,auc,300,0.7023168010115736,0.02828486311443679,0.6442088103757045,0.7494463566674322,,,
VitalDB,0.75,MCAR,strong,recalibration_intercept_apparent,reconstructed,calibration_intercept,300,-0.5887848379873686,0.1412734764726259,-0.8703748005369398,-0.33723071494748474,0.0,-0.5887848379873686,0.6054413706390498
VitalDB,0.75,MCAR,strong,recalibration_intercept_apparent,reconstructed,calibration_slope,300,0.6319814923742811,0.08362273579303935,0.4697636597260413,0.7856988074519947,1.0,-0.36801850762571886,0.3773686191114758
VitalDB,0.75,MCAR,strong,recalibration_intercept_apparent,reconstructed,outcome_observed_fraction,300,0.806707818930041,0.02032789968509671,0.7668981481481482,0.845679012345679,,,
VitalDB,0.75,MCAR,strong,recalibration_intercept_apparent,reconstructed,reconstructed_sensitivity,300,0.7897101449275362,0.05078844045414464,0.6956521739130435,0.8913043478260869,,,
VitalDB,0.75,MCAR,strong,recalibration_intercept_apparent,reconstructed,ess,300,261.37333333333333,6.5862394979713335,248.475,274.0,,,
VitalDB,0.75,MCAR,strong,recalibration_intercept_apparent,reconstructed,event_rate_se,300,0.02157094050877339,0.0006991539317658307,0.020209132172153806,0.022833063332444056,,,
VitalDB,0.75,MCAR,strong,recalibration_intercept_slope_apparent,reconstructed,event_rate,300,0.14183695768459956,0.009220688676620096,0.12307692307692308,0.15871577746577745,,,
VitalDB,0.75,MCAR,strong,recalibration_intercept_slope_apparent,reconstructed,oe,300,1.0043580173071596,0.033628870769171246,0.939628573470881,1.069049173006968,1.0,0.004358017307159567,0.03385444718539095
VitalDB,0.75,MCAR,strong,recalibration_intercept_slope_apparent,reconstructed,brier,300,0.11029143151900002,0.007492727244192237,0.09498705300947684,0.125185188370384,,,
VitalDB,0.75,MCAR,strong,recalibration_intercept_slope_apparent,reconstructed,auc,300,0.6892235381155922,0.03699476518523537,0.6062665222960452,0.7467818817303563,,,
VitalDB,0.75,MCAR,strong,recalibration_intercept_slope_apparent,reconstructed,calibration_intercept,300,-0.30286680266996463,0.30938156640173936,-1.0173592286428101,0.05464991879783333,0.0,-0.30286680266996463,0.4325808563455205
VitalDB,0.75,MCAR,strong,recalibration_intercept_slope_apparent,reconstructed,calibration_slope,300,0.8163632176583069,0.17408316187117837,0.3913659490214032,1.014603224163982,1.0,-0.18363678234169312,0.25283670339777353
VitalDB,0.75,MCAR,strong,recalibration_intercept_slope_apparent,reconstructed,outcome_observed_fraction,300,0.806707818930041,0.02032789968509671,0.7668981481481482,0.845679012345679,,,
VitalDB,0.75,MCAR,strong,recalibration_intercept_slope_apparent,reconstructed,reconstructed_sensitivity,300,0.7897101449275362,0.05078844045414464,0.6956521739130435,0.8913043478260869,,,
VitalDB,0.75,MCAR,strong,recalibration_intercept_slope_apparent,reconstructed,ess,300,261.37333333333333,6.5862394979713335,248.475,274.0,,,
VitalDB,0.75,MCAR,strong,recalibration_intercept_slope_apparent,reconstructed,event_rate_se,300,0.02157094050877339,0.0006991539317658307,0.020209132172153806,0.022833063332444056,,,
VitalDB,0.75,MCAR,strong,recalibration_intercept_slope_truth,full,event_rate,300,0.1419753086419753,0.0,0.1419753086419753,0.1419753086419753,,,
VitalDB,0.75,MCAR,strong,recalibration_intercept_slope_truth,full,oe,300,1.064647890867834,0.07917427908922386,0.9390543375716832,1.2478286166420858,1.0,0.06464789086783407,0.10211278588596712
VitalDB,0.75,MCAR,strong,recalibration_intercept_slope_truth,full,brier,300,0.11159865343547291,0.003394614055914499,0.1084850809388408,0.1202553515135265,,,
VitalDB,0.75,MCAR,strong,recalibration_intercept_slope_truth,full,auc,300,0.6822990303409446,0.027952663189701785,0.6250684235220518,0.70914333750391,,,
VitalDB,0.75,MCAR,strong,recalibration_intercept_slope_truth,full,calibration_intercept,300,-0.24449398583582702,0.3241682696465934,-0.9272791765531554,0.2726347111616776,0.0,-0.24449398583582702,0.40560090310394675
VitalDB,0.75,MCAR,strong,recalibration_intercept_slope_truth,full,calibration_slope,300,0.8159576205497197,0.1806075627388453,0.41258694423491593,1.095215262644914,1.0,-0.18404237945028035,0.2576469655293046
VitalDB,0.75,MCAR,strong,recalibration_intercept_slope_truth,full,outcome_observed_fraction,300,0.806707818930041,0.02032789968509671,0.7668981481481482,0.845679012345679,,,
VitalDB,0.75,MCAR,strong,recalibration_intercept_slope_truth,full,reconstructed_sensitivity,300,0.7897101449275362,0.05078844045414464,0.6956521739130435,0.8913043478260869,,,
VitalDB,0.75,MCAR,strong,recalibration_intercept_slope_truth,full,ess,300,324.0,0.0,324.0,324.0,,,
VitalDB,0.75,MCAR,strong,recalibration_intercept_slope_truth,full,event_rate_se,300,0.01939026741183426,3.475243859842279e-18,0.019390267411834264,0.019390267411834264,,,
VitalDB,0.75,MCAR,strong,recalibration_intercept_truth,full,event_rate,300,0.1419753086419753,0.0,0.1419753086419753,0.1419753086419753,,,
VitalDB,0.75,MCAR,strong,recalibration_intercept_truth,full,oe,300,1.0816979030494571,0.07782781323796759,0.9581645846618058,1.2631113744468176,1.0,0.08169790304945712,0.11274540041336986
VitalDB,0.75,MCAR,strong,recalibration_intercept_truth,full,brier,300,0.1115593466859607,0.0023903933723193704,0.10979240546733803,0.11667960782497531,,,
VitalDB,0.75,MCAR,strong,recalibration_intercept_truth,full,auc,300,0.6941004587634242,0.016164099200458887,0.6515248670628714,0.7078999843603379,,,
VitalDB,0.75,MCAR,strong,recalibration_intercept_truth,full,calibration_intercept,300,-0.5409245263622715,0.11615284982726069,-0.7897952757692038,-0.3592432704091066,0.0,-0.5409245263622715,0.5532141141801836
VitalDB,0.75,MCAR,strong,recalibration_intercept_truth,full,calibration_slope,300,0.6204704461361071,0.05452861378764022,0.48977545761147384,0.6597410848706288,1.0,-0.37952955386389287,0.38341379832411077
VitalDB,0.75,MCAR,strong,recalibration_intercept_truth,full,outcome_observed_fraction,300,0.806707818930041,0.02032789968509671,0.7668981481481482,0.845679012345679,,,
VitalDB,0.75,MCAR,strong,recalibration_intercept_truth,full,reconstructed_sensitivity,300,0.7897101449275362,0.05078844045414464,0.6956521739130435,0.8913043478260869,,,
VitalDB,0.75,MCAR,strong,recalibration_intercept_truth,full,ess,300,324.0,0.0,324.0,324.0,,,
VitalDB,0.75,MCAR,strong,recalibration_intercept_truth,full,event_rate_se,300,0.01939026741183426,3.475243859842279e-18,0.019390267411834264,0.019390267411834264,,,
VitalDB,0.75,MCAR,strong,reference_05pct_recalibration,full_heldout,event_rate,295,0.14168107921134557,0.006123002361438326,0.1292517006802721,0.15306122448979592,,,
VitalDB,0.75,MCAR,strong,reference_05pct_recalibration,full_heldout,oe,295,1.394797747330245,2.0501775206673183,0.4874118092584688,4.288826109676282,1.0,0.3947977473302451,2.0844291538672035
VitalDB,0.75,MCAR,strong,reference_05pct_recalibration,full_heldout,brier,295,0.12053872221746335,0.015608476884938572,0.10739664583954113,0.15747998997259563,,,
VitalDB,0.75,MCAR,strong,reference_05pct_recalibration,full_heldout,auc,295,0.6667606368257566,0.11333422105815263,0.2745125541125541,0.7235989817126366,,,
VitalDB,0.75,MCAR,strong,reference_05pct_recalibration,full_heldout,calibration_intercept,295,-1.6544258370315408,35.6549124857375,-13.349218965129426,7.769014435243056,0.0,-1.6544258370315408,35.632857167883714
VitalDB,0.75,MCAR,strong,reference_05pct_recalibration,full_heldout,calibration_slope,295,1.2943733871246572,11.30987468698162,-5.313685861998017,5.730253526814967,1.0,0.2943733871246572,11.294525967771467
VitalDB,0.75,MCAR,strong,reference_05pct_recalibration,full_heldout,outcome_observed_fraction,295,0.8068842854153588,0.02037648170976989,0.7665123456790123,0.845679012345679,,,
VitalDB,0.75,MCAR,strong,reference_05pct_recalibration,full_heldout,reconstructed_sensitivity,295,0.7897568165070007,0.05069988861648577,0.6956521739130435,0.8913043478260869,,,
VitalDB,0.75,MCAR,strong,reference_05pct_recalibration,full_heldout,ess,295,294.0,0.0,294.0,294.0,,,
VitalDB,0.75,MCAR,strong,reference_05pct_recalibration,full_heldout,event_rate_se,295,0.020331452204569958,0.00036952853084761515,0.01956549254362358,0.020998338616454712,,,
VitalDB,0.75,MCAR,strong,reference_05pct_recalibration,full_heldout,reference_sample_n,295,30.0,0.0,30.0,30.0,,,
VitalDB,0.75,MCAR,strong,reference_05pct_recalibration,full_heldout,evaluation_n,295,294.0,0.0,294.0,294.0,,,
VitalDB,0.75,MCAR,strong,reference_10pct_recalibration,full_heldout,event_rate,297,0.141761255163317,0.006329087786189699,0.13058419243986255,0.15463917525773196,,,
VitalDB,0.75,MCAR,strong,reference_10pct_recalibration,full_heldout,oe,297,1.453193751982975,2.9716502723043896,0.5163852370673302,4.767562547772785,1.0,0.45319375198297496,3.0010592968329326
VitalDB,0.75,MCAR,strong,reference_10pct_recalibration,full_heldout,brier,297,0.1191906906711029,0.014766418710240144,0.10715120265143459,0.14834556448299102,,,
VitalDB,0.75,MCAR,strong,reference_10pct_recalibration,full_heldout,auc,297,0.6729087114956996,0.10517656516212022,0.2738145520525773,0.7239797474854837,,,
VitalDB,0.75,MCAR,strong,reference_10pct_recalibration,full_heldout,calibration_intercept,297,1.1816533815345696,38.241931962729616,-12.958055726412866,4.7575215063396135,0.0,1.1816533815345696,38.19577995674574
VitalDB,0.75,MCAR,strong,reference_10pct_recalibration,full_heldout,calibration_slope,297,1.613872218074814,22.2455775102517,-5.08290434941545,3.3680383380870658,1.0,0.613872218074814,22.21657811913089
VitalDB,0.75,MCAR,strong,reference_10pct_recalibration,full_heldout,outcome_observed_fraction,297,0.8068857297252358,0.020311098545764465,0.7666666666666666,0.845679012345679,,,
VitalDB,0.75,MCAR,strong,reference_10pct_recalibration,full_heldout,reconstructed_sensitivity,297,0.7901478553652467,0.050783209901077576,0.6956521739130435,0.8913043478260869,,,
VitalDB,0.75,MCAR,strong,reference_10pct_recalibration,full_heldout,ess,297,291.0,0.0,291.0,291.0,,,
VitalDB,0.75,MCAR,strong,reference_10pct_recalibration,full_heldout,event_rate_se,297,0.020440390065023167,0.0003828134025886476,0.019752068152595607,0.021195044218573513,,,
VitalDB,0.75,MCAR,strong,reference_10pct_recalibration,full_heldout,reference_sample_n,297,33.0,0.0,33.0,33.0,,,
VitalDB,0.75,MCAR,strong,reference_10pct_recalibration,full_heldout,evaluation_n,297,291.0,0.0,291.0,291.0,,,
VitalDB,0.75,MCAR,strong,reference_20pct_recalibration,full_heldout,event_rate,300,0.14145431145431145,0.009868698089112145,0.12355212355212356,0.16032818532818524,,,
VitalDB,0.75,MCAR,strong,reference_20pct_recalibration,full_heldout,oe,300,1.1235876094932806,0.5431851974152185,0.5864581309032233,2.381815246130136,1.0,0.12358760949328063,0.5561839222616054
VitalDB,0.75,MCAR,strong,reference_20pct_recalibration,full_heldout,brier,300,0.11450756787091673,0.008964838231338717,0.10343072216746406,0.13600592647769344,,,
VitalDB,0.75,MCAR,strong,reference_20pct_recalibration,full_heldout,auc,300,0.6919821515490041,0.06465692803169444,0.6551065918258697,0.7429953560371515,,,
VitalDB,0.75,MCAR,strong,reference_20pct_recalibration,full_heldout,calibration_intercept,300,1.2342651762582983,15.64324346828673,-1.2514472332960975,6.208912131392789,0.0,1.2342651762582983,15.665847349549669
VitalDB,0.75,MCAR,strong,reference_20pct_recalibration,full_heldout,calibration_slope,300,1.882387870755714,10.399174142139783,0.3033210296088796,4.2989469827855284,1.0,0.882387870755714,10.419258856409941
VitalDB,0.75,MCAR,strong,reference_20pct_recalibration,full_heldout,outcome_observed_fraction,300,0.806707818930041,0.02032789968509671,0.7668981481481482,0.845679012345679,,,
VitalDB,0.75,MCAR,strong,reference_20pct_recalibration,full_heldout,reconstructed_sensitivity,300,0.7897101449275362,0.05078844045414464,0.6956521739130435,0.8913043478260869,,,
VitalDB,0.75,MCAR,strong,reference_20pct_recalibration,full_heldout,ess,300,259.0,0.0,259.0,259.0,,,
VitalDB,0.75,MCAR,strong,reference_20pct_recalibration,full_heldout,event_rate_se,300,0.02163625225058223,0.000631439243732377,0.020447408414756684,0.022798102543760846,,,
VitalDB,0.75,MCAR,strong,reference_20pct_recalibration,full_heldout,reference_sample_n,300,65.0,0.0,65.0,65.0,,,
VitalDB,0.75,MCAR,strong,reference_20pct_recalibration,full_heldout,evaluation_n,300,259.0,0.0,259.0,259.0,,,
VitalDB,0.75,MCAR,strong,reference_30pct_recalibration,full_heldout,event_rate,300,0.14184365781710914,0.01283044650978592,0.11504424778761062,0.16603982300884945,,,
VitalDB,0.75,MCAR,strong,reference_30pct_recalibration,full_heldout,oe,300,1.0730134656598158,0.3497018164545051,0.6143342911021155,1.887313856754605,1.0,0.07301346565981581,0.3566716819865746
VitalDB,0.75,MCAR,strong,reference_30pct_recalibration,full_heldout,brier,300,0.11306376099837422,0.009283464978018432,0.09915558755852195,0.13593282402244544,,,
VitalDB,0.75,MCAR,strong,reference_30pct_recalibration,full_heldout,auc,300,0.7002876163759579,0.04055831919795125,0.6445006184291898,0.7560432141606642,,,
VitalDB,0.75,MCAR,strong,reference_30pct_recalibration,full_heldout,calibration_intercept,300,0.32171359558903184,2.0754982019429455,-1.175150474651271,4.364720193814176,0.0,0.32171359558903184,2.0968627632491823
VitalDB,0.75,MCAR,strong,reference_30pct_recalibration,full_heldout,calibration_slope,300,1.1728129353277958,1.1556681167996832,0.3658857580464097,3.3939432146910526,1.0,0.17281293532779585,1.166610993783551
VitalDB,0.75,MCAR,strong,reference_30pct_recalibration,full_heldout,outcome_observed_fraction,300,0.806707818930041,0.02032789968509671,0.7668981481481482,0.845679012345679,,,
VitalDB,0.75,MCAR,strong,reference_30pct_recalibration,full_heldout,reconstructed_sensitivity,300,0.7897101449275362,0.05078844045414464,0.6956521739130435,0.8913043478260869,,,
VitalDB,0.75,MCAR,strong,reference_30pct_recalibration,full_heldout,ess,300,226.0,0.0,226.0,226.0,,,
VitalDB,0.75,MCAR,strong,reference_30pct_recalibration,full_heldout,event_rate_se,300,0.02317522501548798,0.0008874191211828221,0.021224575507663327,0.024752025062754535,,,
VitalDB,0.75,MCAR,strong,reference_30pct_recalibration,full_heldout,reference_sample_n,300,98.0,0.0,98.0,98.0,,,
VitalDB,0.75,MCAR,strong,reference_30pct_recalibration,full_heldout,evaluation_n,300,226.0,0.0,226.0,226.0,,,
VitalDB,0.75,MCAR,weak,AIPW_design_probability,reconstructed,event_rate,300,0.1275048151932178,0.010502371603751975,0.10603472675656377,0.1465680580925752,0.1419753086419753,-0.014470493448757504,0.01786973206074504
VitalDB,0.75,MCAR,weak,AIPW_design_probability,reconstructed,oe,300,1.2723736578948834,0.10480342215929156,1.0581231221949172,1.4626062233273163,1.4167750646420612,-0.14440140674717772,0.17832249169003198
VitalDB,0.75,MCAR,weak,AIPW_design_probability,reconstructed,outcome_observed_fraction,300,0.8078600823045268,0.020238808396151463,0.7685185185185185,0.845679012345679,,,
VitalDB,0.75,MCAR,weak,AIPW_design_probability,reconstructed,reconstructed_sensitivity,300,0.7903623188405797,0.05887212559138291,0.6521739130434783,0.8913043478260869,,,
VitalDB,0.75,MCAR,weak,AIPW_design_probability,reconstructed,ess,300,254.92860258308093,6.368834308437395,242.6047209326959,267.0557695614668,324.0,-69.07139741691907,69.3634254109432
VitalDB,0.75,MCAR,weak,AIPW_design_probability,reconstructed,event_rate_se,300,0.019940608494054417,0.0008289580586702312,0.0181417519115733,0.021408007509810617,0.019390267411834264,0.0005503410822201536,0.0009938592446972164
VitalDB,0.75,MCAR,weak,AIPW_design_probability,reconstructed,event_rate_interval_coverage,300,0.9733333333333334,,,,,,
VitalDB,0.75,MCAR,weak,Gamma2_prediction_sensitivity_region,full,event_rate,300,0.12889063818326602,0.008510998964841351,0.11187281056244358,0.1439054825655765,0.1419753086419753,-0.013084670458709285,0.015601418120840331
VitalDB,0.75,MCAR,weak,Gamma2_prediction_sensitivity_region,full,outcome_observed_fraction,300,0.8078600823045268,0.020238808396151463,0.7685185185185185,0.845679012345679,,,
VitalDB,0.75,MCAR,weak,Gamma2_prediction_sensitivity_region,full,reconstructed_sensitivity,300,0.7903623188405797,0.05887212559138291,0.6521739130434783,0.8913043478260869,,,
VitalDB,0.75,MCAR,weak,Gamma2_prediction_sensitivity_region,full,MNAR_event_rate_coverage,300,0.2733333333333333,,,,,,
VitalDB,0.75,MCAR,weak,IPAW_design_probability_truncated99,reconstructed,event_rate,300,0.12755309809510146,0.010173308182883832,0.10699596916826713,0.14661504319412952,0.1419753086419753,-0.014422210546873843,0.01763948324387679
VitalDB,0.75,MCAR,weak,IPAW_design_probability_truncated99,reconstructed,oe,300,1.2728809688717482,0.10626261906470034,1.059025162737892,1.477011711890499,1.4167750646420612,-0.14389409577031298,0.17877252546372238
VitalDB,0.75,MCAR,weak,IPAW_design_probability_truncated99,reconstructed,brier,300,0.1004147758352683,0.008178635658789533,0.083951298988821,0.11519728805461694,0.11053590028892503,-0.010121124453656732,0.013004009939559713
VitalDB,0.75,MCAR,weak,IPAW_design_probability_truncated99,reconstructed,auc,300,0.7061559483755737,0.02448201802742605,0.6603347361538556,0.7531373580931966,0.7044103847356897,0.0017455636398839847,0.024503434489076183
VitalDB,0.75,MCAR,weak,IPAW_design_probability_truncated99,reconstructed,calibration_intercept,300,-0.35589366919492255,0.14704773014086314,-0.6473717301095903,-0.10997520452949916,-0.22511057884817762,-0.13078309034674493,0.19660919326698084
VitalDB,0.75,MCAR,weak,IPAW_design_probability_truncated99,reconstructed,calibration_slope,300,0.6639422706981865,0.07036001099181453,0.5323839905007237,0.8077233925905615,0.6581631632744903,0.005779107423696139,0.07047997913516756
VitalDB,0.75,MCAR,weak,IPAW_design_probability_truncated99,reconstructed,outcome_observed_fraction,300,0.8078600823045268,0.020238808396151463,0.7685185185185185,0.845679012345679,,,
VitalDB,0.75,MCAR,weak,IPAW_design_probability_truncated99,reconstructed,reconstructed_sensitivity,300,0.7903623188405797,0.05887212559138291,0.6521739130434783,0.8913043478260869,,,
VitalDB,0.75,MCAR,weak,IPAW_design_probability_truncated99,reconstructed,ess,300,254.92860258308093,6.368834308437395,242.6047209326959,267.0557695614668,324.0,-69.07139741691907,69.3634254109432
VitalDB,0.75,MCAR,weak,IPAW_design_probability_truncated99,reconstructed,event_rate_se,300,0.019928807656760222,0.0008465763749760447,0.01827515189799647,0.02139949766630433,0.019390267411834264,0.0005385402449259585,0.0010021617545138452
VitalDB,0.75,MCAR,weak,IPAW_design_probability_truncated99,reconstructed,weight_p99,300,1.7777777777777783,2.224156070299059e-16,1.7777777777777781,1.7777777777777781,,,
VitalDB,0.75,MCAR,weak,IPAW_design_probability_truncated99,reconstructed,weight_max,300,1.7777777777777783,2.224156070299059e-16,1.7777777777777781,1.7777777777777781,,,
VitalDB,0.75,MCAR,weak,IPAW_design_probability_truncated99,reconstructed,event_rate_interval_coverage,300,0.98,,,,,,
VitalDB,0.75,MCAR,weak,IPAW_design_probability_untruncated,reconstructed,event_rate,300,0.12755309809510146,0.010173308182883832,0.10699596916826713,0.14661504319412952,0.1419753086419753,-0.014422210546873843,0.01763948324387679
VitalDB,0.75,MCAR,weak,IPAW_design_probability_untruncated,reconstructed,oe,300,1.2728809688717482,0.10626261906470034,1.059025162737892,1.477011711890499,1.4167750646420612,-0.14389409577031298,0.17877252546372238
VitalDB,0.75,MCAR,weak,IPAW_design_probability_untruncated,reconstructed,brier,300,0.1004147758352683,0.008178635658789533,0.083951298988821,0.11519728805461694,0.11053590028892503,-0.010121124453656732,0.013004009939559713
VitalDB,0.75,MCAR,weak,IPAW_design_probability_untruncated,reconstructed,auc,300,0.7061559483755737,0.02448201802742605,0.6603347361538556,0.7531373580931966,0.7044103847356897,0.0017455636398839847,0.024503434489076183
VitalDB,0.75,MCAR,weak,IPAW_design_probability_untruncated,reconstructed,calibration_intercept,300,-0.35589366919492255,0.14704773014086314,-0.6473717301095903,-0.10997520452949916,-0.22511057884817762,-0.13078309034674493,0.19660919326698084
VitalDB,0.75,MCAR,weak,IPAW_design_probability_untruncated,reconstructed,calibration_slope,300,0.6639422706981865,0.07036001099181453,0.5323839905007237,0.8077233925905615,0.6581631632744903,0.005779107423696139,0.07047997913516756
VitalDB,0.75,MCAR,weak,IPAW_design_probability_untruncated,reconstructed,outcome_observed_fraction,300,0.8078600823045268,0.020238808396151463,0.7685185185185185,0.845679012345679,,,
VitalDB,0.75,MCAR,weak,IPAW_design_probability_untruncated,reconstructed,reconstructed_sensitivity,300,0.7903623188405797,0.05887212559138291,0.6521739130434783,0.8913043478260869,,,
VitalDB,0.75,MCAR,weak,IPAW_design_probability_untruncated,reconstructed,ess,300,254.92860258308093,6.368834308437395,242.6047209326959,267.0557695614668,324.0,-69.07139741691907,69.3634254109432
VitalDB,0.75,MCAR,weak,IPAW_design_probability_untruncated,reconstructed,event_rate_se,300,0.019928807656760222,0.0008465763749760447,0.01827515189799647,0.02139949766630433,0.019390267411834264,0.0005385402449259585,0.0010021617545138452
VitalDB,0.75,MCAR,weak,IPAW_design_probability_untruncated,reconstructed,weight_p99,300,1.7777777777777783,2.224156070299059e-16,1.7777777777777781,1.7777777777777781,,,
VitalDB,0.75,MCAR,weak,IPAW_design_probability_untruncated,reconstructed,weight_max,300,1.7777777777777783,2.224156070299059e-16,1.7777777777777781,1.7777777777777781,,,
VitalDB,0.75,MCAR,weak,IPAW_design_probability_untruncated,reconstructed,event_rate_interval_coverage,300,0.98,,,,,,
VitalDB,0.75,MCAR,weak,full_reference,full,event_rate,300,0.1419753086419753,0.0,0.1419753086419753,0.1419753086419753,0.1419753086419753,0.0,0.0
VitalDB,0.75,MCAR,weak,full_reference,full,oe,300,1.4167750646420616,4.448312140598118e-16,1.4167750646420612,1.4167750646420612,1.4167750646420612,4.440892098500626e-16,0.0
VitalDB,0.75,MCAR,weak,full_reference,full,brier,300,0.11053590028892503,0.0,0.11053590028892503,0.11053590028892503,0.11053590028892503,0.0,0.0
VitalDB,0.75,MCAR,weak,full_reference,full,auc,300,0.7044103847356897,0.0,0.7044103847356897,0.7044103847356897,0.7044103847356897,0.0,0.0
VitalDB,0.75,MCAR,weak,full_reference,full,calibration_intercept,300,-0.2251105788481776,2.7801950878738235e-17,-0.22511057884817762,-0.22511057884817762,-0.22511057884817762,2.7755575615628914e-17,0.0
VitalDB,0.75,MCAR,weak,full_reference,full,calibration_slope,300,0.6581631632744902,1.1120780351495294e-16,0.6581631632744903,0.6581631632744903,0.6581631632744903,-1.1102230246251565e-16,0.0
VitalDB,0.75,MCAR,weak,full_reference,full,outcome_observed_fraction,300,0.8078600823045268,0.020238808396151463,0.7685185185185185,0.845679012345679,,,
VitalDB,0.75,MCAR,weak,full_reference,full,reconstructed_sensitivity,300,0.7903623188405797,0.05887212559138291,0.6521739130434783,0.8913043478260869,,,
VitalDB,0.75,MCAR,weak,full_reference,full,ess,300,324.0,0.0,324.0,324.0,324.0,0.0,0.0
VitalDB,0.75,MCAR,weak,full_reference,full,event_rate_se,300,0.01939026741183426,3.475243859842279e-18,0.019390267411834264,0.019390267411834264,0.019390267411834264,-3.469446951953614e-18,0.0
VitalDB,0.75,MCAR,weak,full_reference,full,event_rate_interval_coverage,300,1.0,,,,,,
VitalDB,0.75,MCAR,weak,naive,reconstructed,event_rate,300,0.14153261856778604,0.010268030105079822,0.12021706815896473,0.16023452409351144,0.1419753086419753,-0.00044269007418926143,0.010260456874159253
VitalDB,0.75,MCAR,weak,naive,reconstructed,oe,300,1.3051678249114897,0.09839538785386895,1.111289757424427,1.4812541091538165,1.4167750646420612,-0.1116072397305714,0.14867937360874056
VitalDB,0.75,MCAR,weak,naive,reconstructed,brier,300,0.10833649431186847,0.007974163277700997,0.09259689496190564,0.12327990942828018,0.11053590028892503,-0.002199405977056562,0.008259098560461413
VitalDB,0.75,MCAR,weak,naive,reconstructed,auc,300,0.7126968832612515,0.022580437011750484,0.6695807121342785,0.756038089148703,0.7044103847356897,0.008286498525561736,0.024017547883515532
VitalDB,0.75,MCAR,weak,naive,reconstructed,calibration_intercept,300,-0.2764651446253411,0.1413967985138638,-0.5689007820394753,-0.039411808976772204,-0.22511057884817762,-0.05135456577716349,0.15021219171790942
VitalDB,0.75,MCAR,weak,naive,reconstructed,calibration_slope,300,0.6693787907617751,0.06644221676374965,0.5457929812803478,0.8004030182150291,0.6581631632744903,0.011215627487284774,0.06727290123955085
VitalDB,0.75,MCAR,weak,naive,reconstructed,outcome_observed_fraction,300,0.8078600823045268,0.020238808396151463,0.7685185185185185,0.845679012345679,,,
VitalDB,0.75,MCAR,weak,naive,reconstructed,reconstructed_sensitivity,300,0.7903623188405797,0.05887212559138291,0.6521739130434783,0.8913043478260869,,,
VitalDB,0.75,MCAR,weak,naive,reconstructed,ess,300,261.74666666666667,6.557373920353075,249.0,274.0,324.0,-62.25333333333333,62.59659202650999
VitalDB,0.75,MCAR,weak,naive,reconstructed,event_rate_se,300,0.02153149191817082,0.0007335825475364017,0.02002373923443385,0.0228835890936823,0.019390267411834264,0.0021412245063365566,0.002263005066146797
VitalDB,0.75,MCAR,weak,naive,reconstructed,event_rate_interval_coverage,300,1.0,,,,,,
VitalDB,0.75,MCAR,weak,recalibration_intercept_apparent,reconstructed,event_rate,300,0.14153261856778604,0.010268030105079822,0.12021706815896473,0.16023452409351144,,,
VitalDB,0.75,MCAR,weak,recalibration_intercept_apparent,reconstructed,oe,300,0.9988510924424842,0.021572172698596823,0.9488480250451221,1.039559888633246,1.0,-0.0011489075575158436,0.02156681311793677
VitalDB,0.75,MCAR,weak,recalibration_intercept_apparent,reconstructed,brier,300,0.11036422727595062,0.008188532493167578,0.09428228524892865,0.12542240028986903,,,
VitalDB,0.75,MCAR,weak,recalibration_intercept_apparent,reconstructed,auc,300,0.7004029606089675,0.02747904830925379,0.6495311528532425,0.7531127450980392,,,
VitalDB,0.75,MCAR,weak,recalibration_intercept_apparent,reconstructed,calibration_intercept,300,-0.5995681706562355,0.13521366010453173,-0.861844417418982,-0.361039123233702,0.0,-0.5995681706562355,0.6145761000044386
VitalDB,0.75,MCAR,weak,recalibration_intercept_apparent,reconstructed,calibration_slope,300,0.6262993561346034,0.08185555526543162,0.4742869027626359,0.7799766513390686,1.0,-0.3737006438653966,0.3825312650143315
VitalDB,0.75,MCAR,weak,recalibration_intercept_apparent,reconstructed,outcome_observed_fraction,300,0.8078600823045268,0.020238808396151463,0.7685185185185185,0.845679012345679,,,
VitalDB,0.75,MCAR,weak,recalibration_intercept_apparent,reconstructed,reconstructed_sensitivity,300,0.7903623188405797,0.05887212559138291,0.6521739130434783,0.8913043478260869,,,
VitalDB,0.75,MCAR,weak,recalibration_intercept_apparent,reconstructed,ess,300,261.74666666666667,6.557373920353075,249.0,274.0,,,
VitalDB,0.75,MCAR,weak,recalibration_intercept_apparent,reconstructed,event_rate_se,300,0.02153149191817082,0.0007335825475364017,0.02002373923443385,0.0228835890936823,,,
VitalDB,0.75,MCAR,weak,recalibration_intercept_slope_apparent,reconstructed,event_rate,300,0.14153261856778604,0.010268030105079822,0.12021706815896473,0.16023452409351144,,,
VitalDB,0.75,MCAR,weak,recalibration_intercept_slope_apparent,reconstructed,oe,300,1.0051017957009303,0.0321457646439108,0.9511454123326376,1.0905097724858088,1.0,0.005101795700930278,0.032495138148661534
VitalDB,0.75,MCAR,weak,recalibration_intercept_slope_apparent,reconstructed,brier,300,0.11020944094501497,0.008180467103318054,0.09287562905996857,0.12472430169816541,,,
VitalDB,0.75,MCAR,weak,recalibration_intercept_slope_apparent,reconstructed,auc,300,0.6874410841582611,0.03332468665796307,0.6106177519874557,0.7429803117081565,,,
VitalDB,0.75,MCAR,weak,recalibration_intercept_slope_apparent,reconstructed,calibration_intercept,300,-0.3065618659181306,0.28393050487177246,-1.047945993493888,0.035762650952859736,0.0,-0.3065618659181306,0.41752603207459577
VitalDB,0.75,MCAR,weak,recalibration_intercept_slope_apparent,reconstructed,calibration_slope,300,0.8137754935574318,0.1651695085869744,0.4000686842470629,1.0096754459447905,1.0,-0.18622450644256816,0.24873599822184533
VitalDB,0.75,MCAR,weak,recalibration_intercept_slope_apparent,reconstructed,outcome_observed_fraction,300,0.8078600823045268,0.020238808396151463,0.7685185185185185,0.845679012345679,,,
VitalDB,0.75,MCAR,weak,recalibration_intercept_slope_apparent,reconstructed,reconstructed_sensitivity,300,0.7903623188405797,0.05887212559138291,0.6521739130434783,0.8913043478260869,,,
VitalDB,0.75,MCAR,weak,recalibration_intercept_slope_apparent,reconstructed,ess,300,261.74666666666667,6.557373920353075,249.0,274.0,,,
VitalDB,0.75,MCAR,weak,recalibration_intercept_slope_apparent,reconstructed,event_rate_se,300,0.02153149191817082,0.0007335825475364017,0.02002373923443385,0.0228835890936823,,,
VitalDB,0.75,MCAR,weak,recalibration_intercept_slope_truth,full,event_rate,300,0.1419753086419753,0.0,0.1419753086419753,0.1419753086419753,,,
VitalDB,0.75,MCAR,weak,recalibration_intercept_slope_truth,full,oe,300,1.0675483893651803,0.09225476225809529,0.9256152486892151,1.2728289760409546,1.0,0.06754838936518026,0.11421626968721828
VitalDB,0.75,MCAR,weak,recalibration_intercept_slope_truth,full,brier,300,0.11171044329542944,0.0032521030937950244,0.10854204181890886,0.12013176411335963,,,
VitalDB,0.75,MCAR,weak,recalibration_intercept_slope_truth,full,auc,300,0.6829545928474611,0.021253421259494643,0.6325402721301219,0.7062695495777291,,,
VitalDB,0.75,MCAR,weak,recalibration_intercept_slope_truth,full,calibration_intercept,300,-0.23844042451428174,0.2945791830832089,-0.8362646626605998,0.21871466483434188,0.0,-0.23844042451428174,0.3786046418514989
VitalDB,0.75,MCAR,weak,recalibration_intercept_slope_truth,full,calibration_slope,300,0.8187259928966116,0.17122671708926238,0.47808902264814856,1.0893442928257182,1.0,-0.18127400710338837,0.24916084296628235
VitalDB,0.75,MCAR,weak,recalibration_intercept_slope_truth,full,outcome_observed_fraction,300,0.8078600823045268,0.020238808396151463,0.7685185185185185,0.845679012345679,,,
VitalDB,0.75,MCAR,weak,recalibration_intercept_slope_truth,full,reconstructed_sensitivity,300,0.7903623188405797,0.05887212559138291,0.6521739130434783,0.8913043478260869,,,
VitalDB,0.75,MCAR,weak,recalibration_intercept_slope_truth,full,ess,300,324.0,0.0,324.0,324.0,,,
VitalDB,0.75,MCAR,weak,recalibration_intercept_slope_truth,full,event_rate_se,300,0.01939026741183426,3.475243859842279e-18,0.019390267411834264,0.019390267411834264,,,
VitalDB,0.75,MCAR,weak,recalibration_intercept_truth,full,event_rate,300,0.1419753086419753,0.0,0.1419753086419753,0.1419753086419753,,,
VitalDB,0.75,MCAR,weak,recalibration_intercept_truth,full,oe,300,1.0828748167157682,0.08728298776358276,0.9429848653348699,1.2709629539404415,1.0,0.08287481671576824,0.12025456664412729
VitalDB,0.75,MCAR,weak,recalibration_intercept_truth,full,brier,300,0.11158159442968586,0.002058236120241729,0.10977253202601835,0.11762888684947333,,,
VitalDB,0.75,MCAR,weak,recalibration_intercept_truth,full,auc,300,0.6938288499635076,0.014981817281878512,0.6450598217078511,0.7068794964028777,,,
VitalDB,0.75,MCAR,weak,recalibration_intercept_truth,full,calibration_intercept,300,-0.5427553836890694,0.11407191495911105,-0.808089321683631,-0.36060002256429524,0.0,-0.5427553836890694,0.5545741011202195
VitalDB,0.75,MCAR,weak,recalibration_intercept_truth,full,calibration_slope,300,0.619338564855765,0.0509219046700936,0.47323965885191743,0.6609183202524797,1.0,-0.380661435144235,0.38404104613098483
VitalDB,0.75,MCAR,weak,recalibration_intercept_truth,full,outcome_observed_fraction,300,0.8078600823045268,0.020238808396151463,0.7685185185185185,0.845679012345679,,,
VitalDB,0.75,MCAR,weak,recalibration_intercept_truth,full,reconstructed_sensitivity,300,0.7903623188405797,0.05887212559138291,0.6521739130434783,0.8913043478260869,,,
VitalDB,0.75,MCAR,weak,recalibration_intercept_truth,full,ess,300,324.0,0.0,324.0,324.0,,,
VitalDB,0.75,MCAR,weak,recalibration_intercept_truth,full,event_rate_se,300,0.01939026741183426,3.475243859842279e-18,0.019390267411834264,0.019390267411834264,,,
VitalDB,0.75,MCAR,weak,reference_05pct_recalibration,full_heldout,event_rate,299,0.142038086137465,0.006362332379554309,0.1292517006802721,0.15306122448979592,,,
VitalDB,0.75,MCAR,weak,reference_05pct_recalibration,full_heldout,oe,299,1.555149670124455,3.1020466276289222,0.46538699460280797,4.558332682508981,1.0,0.5551496701244549,3.1462201950204345
VitalDB,0.75,MCAR,weak,reference_05pct_recalibration,full_heldout,brier,299,0.1216360618872991,0.013924689950030327,0.10789162428732575,0.15768582197604813,,,
VitalDB,0.75,MCAR,weak,reference_05pct_recalibration,full_heldout,auc,299,0.6557415316774793,0.13151259420916775,0.273727584782948,0.7282464089463029,,,
VitalDB,0.75,MCAR,weak,reference_05pct_recalibration,full_heldout,calibration_intercept,299,-1.6039063490674688,15.91694152911209,-22.00621318344653,9.352180432265378,0.0,-1.6039063490674688,15.971043236278353
VitalDB,0.75,MCAR,weak,reference_05pct_recalibration,full_heldout,calibration_slope,299,0.2750457418259366,8.40287819956579,-9.011656196217773,6.101142791371394,1.0,-0.7249542581740633,8.420081492786569
VitalDB,0.75,MCAR,weak,reference_05pct_recalibration,full_heldout,outcome_observed_fraction,299,0.8077955324332136,0.020241780874009324,0.7685185185185185,0.845679012345679,,,
VitalDB,0.75,MCAR,weak,reference_05pct_recalibration,full_heldout,reconstructed_sensitivity,299,0.7901701323251418,0.05887648018673039,0.6521739130434783,0.8913043478260869,,,
VitalDB,0.75,MCAR,weak,reference_05pct_recalibration,full_heldout,ess,299,294.0,0.0,294.0,294.0,,,
VitalDB,0.75,MCAR,weak,reference_05pct_recalibration,full_heldout,event_rate_se,299,0.020352292688723076,0.0003851840196211195,0.019565492543623577,0.020998338616454712,,,
VitalDB,0.75,MCAR,weak,reference_05pct_recalibration,full_heldout,reference_sample_n,299,30.0,0.0,30.0,30.0,,,
VitalDB,0.75,MCAR,weak,reference_05pct_recalibration,full_heldout,evaluation_n,299,294.0,0.0,294.0,294.0,,,
VitalDB,0.75,MCAR,weak,reference_10pct_recalibration,full_heldout,event_rate,300,0.14209621993127144,0.006609948240021103,0.12714776632302405,0.15120274914089346,,,
VitalDB,0.75,MCAR,weak,reference_10pct_recalibration,full_heldout,oe,300,1.2718831709195022,0.7870780302142156,0.49925057408574963,3.300935213893098,1.0,0.2718831709195022,0.8314729770250985
VitalDB,0.75,MCAR,weak,reference_10pct_recalibration,full_heldout,brier,300,0.12011266548655726,0.012593748963923061,0.10750096458829488,0.1531729538796648,,,
VitalDB,0.75,MCAR,weak,reference_10pct_recalibration,full_heldout,auc,300,0.6738301603695002,0.10708391820671982,0.2784205564083612,0.7306877975901273,,,
VitalDB,0.75,MCAR,weak,reference_10pct_recalibration,full_heldout,calibration_intercept,300,0.2343400765305817,6.880295235719618,-8.984922194332682,10.808687318052153,0.0,0.2343400765305817,6.872814774678001
VitalDB,0.75,MCAR,weak,reference_10pct_recalibration,full_heldout,calibration_slope,300,1.2303401927973039,3.8152075034723163,-3.1520363386843036,6.011041075560574,1.0,0.2303401927973039,3.8158020831782564
VitalDB,0.75,MCAR,weak,reference_10pct_recalibration,full_heldout,outcome_observed_fraction,300,0.8078600823045268,0.020238808396151463,0.7685185185185185,0.845679012345679,,,
VitalDB,0.75,MCAR,weak,reference_10pct_recalibration,full_heldout,reconstructed_sensitivity,300,0.7903623188405797,0.05887212559138291,0.6521739130434783,0.8913043478260869,,,
VitalDB,0.75,MCAR,weak,reference_10pct_recalibration,full_heldout,ess,300,291.0,0.0,291.0,291.0,,,
VitalDB,0.75,MCAR,weak,reference_10pct_recalibration,full_heldout,event_rate_se,300,0.020459877087225402,0.00040181312231373173,0.019528920473301695,0.02100077545558355,,,
VitalDB,0.75,MCAR,weak,reference_10pct_recalibration,full_heldout,reference_sample_n,300,33.0,0.0,33.0,33.0,,,
VitalDB,0.75,MCAR,weak,reference_10pct_recalibration,full_heldout,evaluation_n,300,291.0,0.0,291.0,291.0,,,
VitalDB,0.75,MCAR,weak,reference_20pct_recalibration,full_heldout,event_rate,300,0.14194337194337195,0.009981222957544807,0.12152509652509652,0.1583011583011583,,,
VitalDB,0.75,MCAR,weak,reference_20pct_recalibration,full_heldout,oe,300,1.1138506877681618,0.4237047565643945,0.5596588783155043,2.15166218767188,1.0,0.11385068776816176,0.4380516873286287
VitalDB,0.75,MCAR,weak,reference_20pct_recalibration,full_heldout,brier,300,0.11478404400582055,0.009592259255530122,0.10308826594648682,0.13637552767553127,,,
VitalDB,0.75,MCAR,weak,reference_20pct_recalibration,full_heldout,auc,300,0.6978626386274959,0.04976116755034715,0.6585487278244632,0.7444335644273531,,,
VitalDB,0.75,MCAR,weak,reference_20pct_recalibration,full_heldout,calibration_intercept,300,0.8785496541653659,8.081680243291768,-1.28434573224062,8.887716122187246,0.0,0.8785496541653659,8.115891398841978
VitalDB,0.75,MCAR,weak,reference_20pct_recalibration,full_heldout,calibration_slope,300,1.392862958511301,3.2704924225558343,0.27856031297956185,5.397724239616295,1.0,0.39286295851130104,3.2885875774480144
VitalDB,0.75,MCAR,weak,reference_20pct_recalibration,full_heldout,outcome_observed_fraction,300,0.8078600823045268,0.020238808396151463,0.7685185185185185,0.845679012345679,,,
VitalDB,0.75,MCAR,weak,reference_20pct_recalibration,full_heldout,reconstructed_sensitivity,300,0.7903623188405797,0.05887212559138291,0.6521739130434783,0.8913043478260869,,,
VitalDB,0.75,MCAR,weak,reference_20pct_recalibration,full_heldout,ess,300,259.0,0.0,259.0,259.0,,,
VitalDB,0.75,MCAR,weak,reference_20pct_recalibration,full_heldout,event_rate_se,300,0.02166702665618644,0.000640829237556958,0.02030159164112136,0.022681435061616448,,,
VitalDB,0.75,MCAR,weak,reference_20pct_recalibration,full_heldout,reference_sample_n,300,65.0,0.0,65.0,65.0,,,
VitalDB,0.75,MCAR,weak,reference_20pct_recalibration,full_heldout,evaluation_n,300,259.0,0.0,259.0,259.0,,,
VitalDB,0.75,MCAR,weak,reference_30pct_recalibration,full_heldout,event_rate,300,0.14238938053097344,0.012594129027849586,0.11946902654867257,0.168141592920354,,,
VitalDB,0.75,MCAR,weak,reference_30pct_recalibration,full_heldout,oe,300,1.083426633079589,0.34138747055256674,0.613406833135825,1.937085055378565,1.0,0.08342663307958897,0.35088021242836576
VitalDB,0.75,MCAR,weak,reference_30pct_recalibration,full_heldout,brier,300,0.11299146983572261,0.009821134793957085,0.09862804762674543,0.13493339663408563,,,
VitalDB,0.75,MCAR,weak,reference_30pct_recalibration,full_heldout,auc,300,0.7025222754935563,0.02875231108889948,0.6450595238095238,0.7544499033505154,,,
VitalDB,0.75,MCAR,weak,reference_30pct_recalibration,full_heldout,calibration_intercept,300,1.2375557640921204,12.011187414955003,-1.0764428485814816,6.834539802959223,0.0,1.2375557640921204,12.054844336449163
VitalDB,0.75,MCAR,weak,reference_30pct_recalibration,full_heldout,calibration_slope,300,1.635956035876925,6.398338954797931,0.39480565229807213,3.8087040676712554,1.0,0.635956035876925,6.419245982884958
VitalDB,0.75,MCAR,weak,reference_30pct_recalibration,full_heldout,outcome_observed_fraction,300,0.8078600823045268,0.020238808396151463,0.7685185185185185,0.845679012345679,,,
VitalDB,0.75,MCAR,weak,reference_30pct_recalibration,full_heldout,reconstructed_sensitivity,300,0.7903623188405797,0.05887212559138291,0.6521739130434783,0.8913043478260869,,,
VitalDB,0.75,MCAR,weak,reference_30pct_recalibration,full_heldout,ess,300,226.0,0.0,226.0,226.0,,,
VitalDB,0.75,MCAR,weak,reference_30pct_recalibration,full_heldout,event_rate_se,300,0.02321404966959884,0.0008609131470555453,0.021574749482665086,0.024877576146280455,,,
VitalDB,0.75,MCAR,weak,reference_30pct_recalibration,full_heldout,reference_sample_n,300,98.0,0.0,98.0,98.0,,,
VitalDB,0.75,MCAR,weak,reference_30pct_recalibration,full_heldout,evaluation_n,300,226.0,0.0,226.0,226.0,,,
VitalDB,0.75,history_MAR,strong,AIPW_design_probability,reconstructed,event_rate,300,0.13046198054529043,0.008565776148094388,0.11481764064470051,0.14649123322673513,0.1419753086419753,-0.011513328096684872,0.014341710839753791
VitalDB,0.75,history_MAR,strong,AIPW_design_probability,reconstructed,oe,300,1.3018832830044524,0.08547808891565169,1.1457680339097396,1.4618395861190032,1.4167750646420612,-0.11489178163760871,0.14311628195370993
VitalDB,0.75,history_MAR,strong,AIPW_design_probability,reconstructed,outcome_observed_fraction,300,0.8065123456790123,0.02193507243869977,0.7607253086419754,0.8503858024691358,,,
VitalDB,0.75,history_MAR,strong,AIPW_design_probability,reconstructed,reconstructed_sensitivity,300,0.8504347826086958,0.05018883737805731,0.7608695652173914,0.9347826086956522,,,
VitalDB,0.75,history_MAR,strong,AIPW_design_probability,reconstructed,ess,300,253.56388128126656,6.884890482719447,238.990011342738,266.9562018700372,324.0,-70.43611871873344,70.77068977617328
VitalDB,0.75,history_MAR,strong,AIPW_design_probability,reconstructed,event_rate_se,300,0.019705266531942045,0.000586637881995244,0.018641393273766526,0.02090213279494095,0.019390267411834264,0.0003149991201077812,0.0006649972207299581
VitalDB,0.75,history_MAR,strong,AIPW_design_probability,reconstructed,event_rate_interval_coverage,300,1.0,,,,,,
VitalDB,0.75,history_MAR,strong,Gamma2_prediction_sensitivity_region,full,event_rate,300,0.13898539397806312,0.007373631974103874,0.1253181368665582,0.15247959928424681,0.1419753086419753,-0.0029899146639121854,0.007945363639173834
VitalDB,0.75,history_MAR,strong,Gamma2_prediction_sensitivity_region,full,outcome_observed_fraction,300,0.8065123456790123,0.02193507243869977,0.7607253086419754,0.8503858024691358,,,
VitalDB,0.75,history_MAR,strong,Gamma2_prediction_sensitivity_region,full,reconstructed_sensitivity,300,0.8504347826086958,0.05018883737805731,0.7608695652173914,0.9347826086956522,,,
VitalDB,0.75,history_MAR,strong,Gamma2_prediction_sensitivity_region,full,MNAR_event_rate_coverage,300,0.65,,,,,,
VitalDB,0.75,history_MAR,strong,IPAW_design_probability_truncated99,reconstructed,event_rate,300,0.13001959639496558,0.008981716809794827,0.11336407111038119,0.14621968768407237,0.1419753086419753,-0.011955712247009725,0.014944610669462465
VitalDB,0.75,history_MAR,strong,IPAW_design_probability_truncated99,reconstructed,oe,300,1.3020357260488793,0.08763021499986175,1.140084049881792,1.467415680681154,1.4167750646420612,-0.11473933859318186,0.14428642885981952
VitalDB,0.75,history_MAR,strong,IPAW_design_probability_truncated99,reconstructed,brier,300,0.10229756979356672,0.0070526039380439404,0.08935863058952673,0.11532527415119348,0.11053590028892503,-0.008238330495358312,0.010837135887769148
VitalDB,0.75,history_MAR,strong,IPAW_design_probability_truncated99,reconstructed,auc,300,0.7048632691038497,0.019096891437492738,0.6669384872007967,0.7426355601482547,0.7044103847356897,0.0004528843681599337,0.019070415026537547
VitalDB,0.75,history_MAR,strong,IPAW_design_probability_truncated99,reconstructed,calibration_intercept,300,-0.335050420536746,0.11924865058135531,-0.5778480208040349,-0.11631501125904634,-0.22511057884817762,-0.10993984168856838,0.16204816769640876
VitalDB,0.75,history_MAR,strong,IPAW_design_probability_truncated99,reconstructed,calibration_slope,300,0.6597065145879628,0.05218617837190687,0.5603379060930487,0.7677920637391031,0.6581631632744903,0.0015433513134724963,0.05212198341996458
VitalDB,0.75,history_MAR,strong,IPAW_design_probability_truncated99,reconstructed,outcome_observed_fraction,300,0.8065123456790123,0.02193507243869977,0.7607253086419754,0.8503858024691358,,,
VitalDB,0.75,history_MAR,strong,IPAW_design_probability_truncated99,reconstructed,reconstructed_sensitivity,300,0.8504347826086958,0.05018883737805731,0.7608695652173914,0.9347826086956522,,,
VitalDB,0.75,history_MAR,strong,IPAW_design_probability_truncated99,reconstructed,ess,300,253.90839325745023,6.887591409326618,239.11779680430257,267.4791781690584,324.0,-70.09160674254977,70.4280776498692
VitalDB,0.75,history_MAR,strong,IPAW_design_probability_truncated99,reconstructed,event_rate_se,300,0.019550712996663028,0.0008008632479960999,0.01805449428410244,0.021093097753418704,0.019390267411834264,0.00016044558482876392,0.0008154672206013372
VitalDB,0.75,history_MAR,strong,IPAW_design_probability_truncated99,reconstructed,weight_p99,300,1.8065933444287785,0.044509580699472806,1.7360164521980161,1.9256669762090548,,,
VitalDB,0.75,history_MAR,strong,IPAW_design_probability_truncated99,reconstructed,weight_max,300,1.8163441682052202,0.04695113296056018,1.739137733098325,1.926831299304757,,,
VitalDB,0.75,history_MAR,strong,IPAW_design_probability_truncated99,reconstructed,event_rate_interval_coverage,300,1.0,,,,,,
VitalDB,0.75,history_MAR,strong,IPAW_design_probability_untruncated,reconstructed,event_rate,300,0.12985632663707564,0.008970504331018187,0.11318230936353212,0.1461238577337261,0.1419753086419753,-0.012118982004899664,0.01506888979414395
VitalDB,0.75,history_MAR,strong,IPAW_design_probability_untruncated,reconstructed,oe,300,1.299919013700067,0.08753783151469736,1.138773417242898,1.4644828911946586,1.4167750646420612,-0.11685605094199425,0.14592006606894695
VitalDB,0.75,history_MAR,strong,IPAW_design_probability_untruncated,reconstructed,brier,300,0.10219525537433437,0.0070442471792993115,0.08930799681726405,0.11526566431369578,0.11053590028892503,-0.008340644914590661,0.01090973744810615
VitalDB,0.75,history_MAR,strong,IPAW_design_probability_untruncated,reconstructed,auc,300,0.7045659178477688,0.019111841048851823,0.6667719375098099,0.7424040625949793,0.7044103847356897,0.00015553311207905374,0.01908059530687155
VitalDB,0.75,history_MAR,strong,IPAW_design_probability_untruncated,reconstructed,calibration_intercept,300,-0.3378694737967865,0.119321188567114,-0.5814967351556057,-0.1178509993639266,-0.22511057884817762,-0.11275889494860888,0.16402638795113617
VitalDB,0.75,history_MAR,strong,IPAW_design_probability_untruncated,reconstructed,calibration_slope,300,0.6593371545431617,0.05223849651033093,0.5596725255973821,0.767304250954261,0.6581631632744903,0.0011739912686713483,0.05216457199511217
VitalDB,0.75,history_MAR,strong,IPAW_design_probability_untruncated,reconstructed,outcome_observed_fraction,300,0.8065123456790123,0.02193507243869977,0.7607253086419754,0.8503858024691358,,,
VitalDB,0.75,history_MAR,strong,IPAW_design_probability_untruncated,reconstructed,reconstructed_sensitivity,300,0.8504347826086958,0.05018883737805731,0.7608695652173914,0.9347826086956522,,,
VitalDB,0.75,history_MAR,strong,IPAW_design_probability_untruncated,reconstructed,ess,300,253.56388128126656,6.884890482719447,238.990011342738,266.9562018700372,324.0,-70.43611871873344,70.77068977617328
VitalDB,0.75,history_MAR,strong,IPAW_design_probability_untruncated,reconstructed,event_rate_se,300,0.01953205847064489,0.0008006086501327123,0.01803538089610347,0.021070391157352226,0.019390267411834264,0.00014179105881062526,0.0008117526312391835
VitalDB,0.75,history_MAR,strong,IPAW_design_probability_untruncated,reconstructed,weight_p99,300,1.8163441682052202,0.04695113296056018,1.739137733098325,1.926831299304757,,,
VitalDB,0.75,history_MAR,strong,IPAW_design_probability_untruncated,reconstructed,weight_max,300,2.1073152566523206,0.22028484656359246,1.842776312324822,2.521128864661136,,,
VitalDB,0.75,history_MAR,strong,IPAW_design_probability_untruncated,reconstructed,event_rate_interval_coverage,300,1.0,,,,,,
VitalDB,0.75,history_MAR,strong,full_reference,full,event_rate,300,0.1419753086419753,0.0,0.1419753086419753,0.1419753086419753,0.1419753086419753,0.0,0.0
VitalDB,0.75,history_MAR,strong,full_reference,full,oe,300,1.4167750646420616,4.448312140598118e-16,1.4167750646420612,1.4167750646420612,1.4167750646420612,4.440892098500626e-16,0.0
VitalDB,0.75,history_MAR,strong,full_reference,full,brier,300,0.11053590028892503,0.0,0.11053590028892503,0.11053590028892503,0.11053590028892503,0.0,0.0
VitalDB,0.75,history_MAR,strong,full_reference,full,auc,300,0.7044103847356897,0.0,0.7044103847356897,0.7044103847356897,0.7044103847356897,0.0,0.0
VitalDB,0.75,history_MAR,strong,full_reference,full,calibration_intercept,300,-0.2251105788481776,2.7801950878738235e-17,-0.22511057884817762,-0.22511057884817762,-0.22511057884817762,2.7755575615628914e-17,0.0
VitalDB,0.75,history_MAR,strong,full_reference,full,calibration_slope,300,0.6581631632744902,1.1120780351495294e-16,0.6581631632744903,0.6581631632744903,0.6581631632744903,-1.1102230246251565e-16,0.0
VitalDB,0.75,history_MAR,strong,full_reference,full,outcome_observed_fraction,300,0.8065123456790123,0.02193507243869977,0.7607253086419754,0.8503858024691358,,,
VitalDB,0.75,history_MAR,strong,full_reference,full,reconstructed_sensitivity,300,0.8504347826086958,0.05018883737805731,0.7608695652173914,0.9347826086956522,,,
VitalDB,0.75,history_MAR,strong,full_reference,full,ess,300,324.0,0.0,324.0,324.0,324.0,0.0,0.0
VitalDB,0.75,history_MAR,strong,full_reference,full,event_rate_se,300,0.01939026741183426,3.475243859842279e-18,0.019390267411834264,0.019390267411834264,0.019390267411834264,-3.469446951953614e-18,0.0
VitalDB,0.75,history_MAR,strong,full_reference,full,event_rate_interval_coverage,300,1.0,,,,,,
VitalDB,0.75,history_MAR,strong,naive,reconstructed,event_rate,300,0.15298306083984164,0.009668536978761223,0.1349756690997567,0.17001033339207614,0.1419753086419753,0.011007752197866344,0.014640341995149521
VitalDB,0.75,history_MAR,strong,naive,reconstructed,oe,300,1.423458731961534,0.08715063915516147,1.261236015796933,1.5833073804173663,1.4167750646420612,0.006683667319472786,0.08726160591944226
VitalDB,0.75,history_MAR,strong,naive,reconstructed,brier,300,0.11738159829405215,0.007464199900714531,0.10348274107825094,0.13146947421936345,0.11053590028892503,0.006845698005127118,0.01011890048711002
VitalDB,0.75,history_MAR,strong,naive,reconstructed,auc,300,0.7072908946110842,0.017561932374256923,0.6726062928055441,0.7402499021909233,0.7044103847356897,0.0028805098753944547,0.017767687927747536
VitalDB,0.75,history_MAR,strong,naive,reconstructed,calibration_intercept,300,-0.22246289383780968,0.11359869586936285,-0.46390849527153716,-0.016451504478939376,-0.22511057884817762,0.0026476850103679395,0.11344010927999286
VitalDB,0.75,history_MAR,strong,naive,reconstructed,calibration_slope,300,0.6399676225068179,0.048881307744397265,0.5476838248428924,0.7396756946060672,0.6581631632744903,-0.01819554076767238,0.05208162193270442
VitalDB,0.75,history_MAR,strong,naive,reconstructed,outcome_observed_fraction,300,0.8065123456790123,0.02193507243869977,0.7607253086419754,0.8503858024691358,,,
VitalDB,0.75,history_MAR,strong,naive,reconstructed,reconstructed_sensitivity,300,0.8504347826086958,0.05018883737805731,0.7608695652173914,0.9347826086956522,,,
VitalDB,0.75,history_MAR,strong,naive,reconstructed,ess,300,261.31,7.106963470138726,246.475,275.525,324.0,-62.69,63.090226395747436
VitalDB,0.75,history_MAR,strong,naive,reconstructed,event_rate_se,300,0.022262164926197505,0.0007479579736935167,0.02095816794683355,0.023688212823250655,0.019390267411834264,0.0028718975143632412,0.0029673846497630585
VitalDB,0.75,history_MAR,strong,naive,reconstructed,event_rate_interval_coverage,300,1.0,,,,,,
VitalDB,0.75,history_MAR,strong,recalibration_intercept_apparent,reconstructed,event_rate,300,0.15298306083984164,0.009668536978761223,0.1349756690997567,0.17001033339207614,,,
VitalDB,0.75,history_MAR,strong,recalibration_intercept_apparent,reconstructed,oe,300,0.9980813046971407,0.019738273492923352,0.9532021763969551,1.037917333097345,1.0,-0.0019186953028592635,0.019798539525557192
VitalDB,0.75,history_MAR,strong,recalibration_intercept_apparent,reconstructed,brier,300,0.11908979679745026,0.007896775694973204,0.10462140603654385,0.1349161698943718,,,
VitalDB,0.75,history_MAR,strong,recalibration_intercept_apparent,reconstructed,auc,300,0.6957485772333522,0.025377349866775326,0.6405340901246074,0.73685600686926,,,
VitalDB,0.75,history_MAR,strong,recalibration_intercept_apparent,reconstructed,calibration_intercept,300,-0.6084207118151728,0.11726847626221422,-0.8729369470012136,-0.42875732444658704,0.0,-0.6084207118151728,0.6195819707179943
VitalDB,0.75,history_MAR,strong,recalibration_intercept_apparent,reconstructed,calibration_slope,300,0.6027281216595695,0.07310785914396277,0.4404404930076169,0.7272068400698223,1.0,-0.39727187834043054,0.4039206463220038
VitalDB,0.75,history_MAR,strong,recalibration_intercept_apparent,reconstructed,outcome_observed_fraction,300,0.8065123456790123,0.02193507243869977,0.7607253086419754,0.8503858024691358,,,
VitalDB,0.75,history_MAR,strong,recalibration_intercept_apparent,reconstructed,reconstructed_sensitivity,300,0.8504347826086958,0.05018883737805731,0.7608695652173914,0.9347826086956522,,,
VitalDB,0.75,history_MAR,strong,recalibration_intercept_apparent,reconstructed,ess,300,261.31,7.106963470138726,246.475,275.525,,,
VitalDB,0.75,history_MAR,strong,recalibration_intercept_apparent,reconstructed,event_rate_se,300,0.022262164926197505,0.0007479579736935167,0.02095816794683355,0.023688212823250655,,,
VitalDB,0.75,history_MAR,strong,recalibration_intercept_slope_apparent,reconstructed,event_rate,300,0.15298306083984164,0.009668536978761223,0.1349756690997567,0.17001033339207614,,,
VitalDB,0.75,history_MAR,strong,recalibration_intercept_slope_apparent,reconstructed,oe,300,1.003742954039485,0.02701171040599026,0.9505654901327713,1.0656597869381308,1.0,0.0037429540394851024,0.02722517393275181
VitalDB,0.75,history_MAR,strong,recalibration_intercept_slope_apparent,reconstructed,brier,300,0.11787725403509572,0.007672823797517901,0.10465602526220444,0.13240985149596976,,,
VitalDB,0.75,history_MAR,strong,recalibration_intercept_slope_apparent,reconstructed,auc,300,0.685854452356654,0.027183902140267405,0.6235421591228235,0.7331956056035726,,,
VitalDB,0.75,history_MAR,strong,recalibration_intercept_slope_apparent,reconstructed,calibration_intercept,300,-0.24477458859530368,0.2329638293005498,-0.8684463348851151,0.029339169327259815,0.0,-0.24477458859530368,0.3376475052948483
VitalDB,0.75,history_MAR,strong,recalibration_intercept_slope_apparent,reconstructed,calibration_slope,300,0.8427433118662195,0.14481884823534388,0.4441688741624227,1.0162709440956235,1.0,-0.15725668813378046,0.21361707899339247
VitalDB,0.75,history_MAR,strong,recalibration_intercept_slope_apparent,reconstructed,outcome_observed_fraction,300,0.8065123456790123,0.02193507243869977,0.7607253086419754,0.8503858024691358,,,
VitalDB,0.75,history_MAR,strong,recalibration_intercept_slope_apparent,reconstructed,reconstructed_sensitivity,300,0.8504347826086958,0.05018883737805731,0.7608695652173914,0.9347826086956522,,,
VitalDB,0.75,history_MAR,strong,recalibration_intercept_slope_apparent,reconstructed,ess,300,261.31,7.106963470138726,246.475,275.525,,,
VitalDB,0.75,history_MAR,strong,recalibration_intercept_slope_apparent,reconstructed,event_rate_se,300,0.022262164926197505,0.0007479579736935167,0.02095816794683355,0.023688212823250655,,,
VitalDB,0.75,history_MAR,strong,recalibration_intercept_slope_truth,full,event_rate,300,0.1419753086419753,0.0,0.1419753086419753,0.1419753086419753,,,
VitalDB,0.75,history_MAR,strong,recalibration_intercept_slope_truth,full,oe,300,0.9730034161440059,0.06724802098604193,0.8538712498536962,1.1141613722617991,1.0,-0.026996583855994127,0.07236046949367038
VitalDB,0.75,history_MAR,strong,recalibration_intercept_slope_truth,full,brier,300,0.11139934897615773,0.002947272476931036,0.10858667650593512,0.11865094673851732,,,
VitalDB,0.75,history_MAR,strong,recalibration_intercept_slope_truth,full,auc,300,0.6852205192367845,0.018411701194837704,0.6439239912417891,0.7056322333437598,,,
VitalDB,0.75,history_MAR,strong,recalibration_intercept_slope_truth,full,calibration_intercept,300,-0.2332002299331061,0.2609776046661808,-0.857294739736681,0.20031365433308623,0.0,-0.2332002299331061,0.34966359024691135
VitalDB,0.75,history_MAR,strong,recalibration_intercept_slope_truth,full,calibration_slope,300,0.8805763752599937,0.15395725026499701,0.5182855256661527,1.1155042384207228,1.0,-0.11942362474000634,0.1946428205855628
VitalDB,0.75,history_MAR,strong,recalibration_intercept_slope_truth,full,outcome_observed_fraction,300,0.8065123456790123,0.02193507243869977,0.7607253086419754,0.8503858024691358,,,
VitalDB,0.75,history_MAR,strong,recalibration_intercept_slope_truth,full,reconstructed_sensitivity,300,0.8504347826086958,0.05018883737805731,0.7608695652173914,0.9347826086956522,,,
VitalDB,0.75,history_MAR,strong,recalibration_intercept_slope_truth,full,ess,300,324.0,0.0,324.0,324.0,,,
VitalDB,0.75,history_MAR,strong,recalibration_intercept_slope_truth,full,event_rate_se,300,0.01939026741183426,3.475243859842279e-18,0.019390267411834264,0.019390267411834264,,,
VitalDB,0.75,history_MAR,strong,recalibration_intercept_truth,full,event_rate,300,0.1419753086419753,0.0,0.1419753086419753,0.1419753086419753,,,
VitalDB,0.75,history_MAR,strong,recalibration_intercept_truth,full,oe,300,0.9863937483049622,0.06518756492865098,0.86812106702477,1.1119922003602767,1.0,-0.013606251695037819,0.06648596827735946
VitalDB,0.75,history_MAR,strong,recalibration_intercept_truth,full,brier,300,0.11215385041302026,0.002650211549767579,0.10993482262484115,0.11905454466393683,,,
VitalDB,0.75,history_MAR,strong,recalibration_intercept_truth,full,auc,300,0.6940707434052759,0.01587523817948128,0.6524573819205506,0.7060154050672506,,,
VitalDB,0.75,history_MAR,strong,recalibration_intercept_truth,full,calibration_intercept,300,-0.6218527002199511,0.1079082148525131,-0.8832801259213112,-0.4690801108277739,0.0,-0.6218527002199511,0.6311150050986943
VitalDB,0.75,history_MAR,strong,recalibration_intercept_truth,full,calibration_slope,300,0.6217829635975579,0.05421764601982911,0.4804948499321171,0.6591222455917605,1.0,-0.3782170364024421,0.3820705186932266
VitalDB,0.75,history_MAR,strong,recalibration_intercept_truth,full,outcome_observed_fraction,300,0.8065123456790123,0.02193507243869977,0.7607253086419754,0.8503858024691358,,,
VitalDB,0.75,history_MAR,strong,recalibration_intercept_truth,full,reconstructed_sensitivity,300,0.8504347826086958,0.05018883737805731,0.7608695652173914,0.9347826086956522,,,
VitalDB,0.75,history_MAR,strong,recalibration_intercept_truth,full,ess,300,324.0,0.0,324.0,324.0,,,
VitalDB,0.75,history_MAR,strong,recalibration_intercept_truth,full,event_rate_se,300,0.01939026741183426,3.475243859842279e-18,0.019390267411834264,0.019390267411834264,,,
VitalDB,0.75,history_MAR,strong,reference_05pct_recalibration,full_heldout,event_rate,298,0.14232068666392733,0.005779810535555807,0.1292517006802721,0.15306122448979592,,,
VitalDB,0.75,history_MAR,strong,reference_05pct_recalibration,full_heldout,oe,298,1.2631343235894492,0.8253902382127065,0.5070262204287489,3.6591021824461527,1.0,0.2631343235894492,0.8649986010692015
VitalDB,0.75,history_MAR,strong,reference_05pct_recalibration,full_heldout,brier,298,0.12262225475340643,0.015956227762912997,0.10731486167997692,0.14994046693641322,,,
VitalDB,0.75,history_MAR,strong,reference_05pct_recalibration,full_heldout,auc,298,0.6407946366796908,0.14778696476934203,0.26545673705361367,0.7257519521835535,,,
VitalDB,0.75,history_MAR,strong,reference_05pct_recalibration,full_heldout,calibration_intercept,298,-0.5344324679926608,13.755907338477838,-19.69873530285853,13.025067946754382,0.0,-0.5344324679926608,13.74320274138352
VitalDB,0.75,history_MAR,strong,reference_05pct_recalibration,full_heldout,calibration_slope,298,0.75327640265574,7.8135467370486635,-8.796832011604671,9.097483168229807,1.0,-0.24672359734425997,7.804326639617213
VitalDB,0.75,history_MAR,strong,reference_05pct_recalibration,full_heldout,outcome_observed_fraction,298,0.8064980528627061,0.022006648059586673,0.7605709876543211,0.8505401234567901,,,
VitalDB,0.75,history_MAR,strong,reference_05pct_recalibration,full_heldout,reconstructed_sensitivity,298,0.8507440910417274,0.050087454029139875,0.7608695652173914,0.9347826086956522,,,
VitalDB,0.75,history_MAR,strong,reference_05pct_recalibration,full_heldout,ess,298,294.0,0.0,294.0,294.0,,,
VitalDB,0.75,history_MAR,strong,reference_05pct_recalibration,full_heldout,event_rate_se,298,0.020370434654567924,0.0003483668248664414,0.01956549254362358,0.020998338616454712,,,
VitalDB,0.75,history_MAR,strong,reference_05pct_recalibration,full_heldout,reference_sample_n,298,30.0,0.0,30.0,30.0,,,
VitalDB,0.75,history_MAR,strong,reference_05pct_recalibration,full_heldout,evaluation_n,298,294.0,0.0,294.0,294.0,,,
VitalDB,0.75,history_MAR,strong,reference_10pct_recalibration,full_heldout,event_rate,299,0.14228413152662364,0.006174388668430104,0.13058419243986255,0.15120274914089346,,,
VitalDB,0.75,history_MAR,strong,reference_10pct_recalibration,full_heldout,oe,299,1.214941471083125,0.6870844981058654,0.5102951673745658,2.614388168145295,1.0,0.214941471083125,0.718822692720846
VitalDB,0.75,history_MAR,strong,reference_10pct_recalibration,full_heldout,brier,299,0.1207742580559116,0.012346284672686529,0.10691012309955585,0.1490991016096095,,,
VitalDB,0.75,history_MAR,strong,reference_10pct_recalibration,full_heldout,auc,299,0.6522481167871369,0.13714097818541662,0.26568039125141685,0.7300291947528303,,,
VitalDB,0.75,history_MAR,strong,reference_10pct_recalibration,full_heldout,calibration_intercept,299,-0.3989695255309898,19.310317190363197,-18.928747496933944,10.954333407137195,0.0,-0.3989695255309898,19.28212665779735
VitalDB,0.75,history_MAR,strong,reference_10pct_recalibration,full_heldout,calibration_slope,299,1.0327773993791889,11.718008606856948,-9.609290800117451,6.579568413875005,1.0,0.03277739937918889,11.698442782158926
VitalDB,0.75,history_MAR,strong,reference_10pct_recalibration,full_heldout,outcome_observed_fraction,299,0.8065155456459805,0.021971775286631273,0.7606481481481482,0.850462962962963,,,
VitalDB,0.75,history_MAR,strong,reference_10pct_recalibration,full_heldout,reconstructed_sensitivity,299,0.8507343318307402,0.050003628809707344,0.7608695652173914,0.9347826086956522,,,
VitalDB,0.75,history_MAR,strong,reference_10pct_recalibration,full_heldout,ess,299,291.0,0.0,291.0,291.0,,,
VitalDB,0.75,history_MAR,strong,reference_10pct_recalibration,full_heldout,event_rate_se,299,0.020472145351022916,0.0003747005596949758,0.019752068152595607,0.02100077545558355,,,
VitalDB,0.75,history_MAR,strong,reference_10pct_recalibration,full_heldout,reference_sample_n,299,33.0,0.0,33.0,33.0,,,
VitalDB,0.75,history_MAR,strong,reference_10pct_recalibration,full_heldout,evaluation_n,299,291.0,0.0,291.0,291.0,,,
VitalDB,0.75,history_MAR,strong,reference_20pct_recalibration,full_heldout,event_rate,300,0.14254826254826253,0.009819782276545655,0.12355212355212356,0.16032818532818524,,,
VitalDB,0.75,history_MAR,strong,reference_20pct_recalibration,full_heldout,oe,300,1.1130546557456242,0.4281566283513333,0.5901464269523028,2.120877357162815,1.0,0.11305465574562423,0.44214069396396816
VitalDB,0.75,history_MAR,strong,reference_20pct_recalibration,full_heldout,brier,300,0.11498574794841784,0.009098160384169586,0.10323567249982053,0.13708117312905896,,,
VitalDB,0.75,history_MAR,strong,reference_20pct_recalibration,full_heldout,auc,300,0.6909673994161168,0.0731128441925151,0.45512193919249255,0.7443354509217738,,,
VitalDB,0.75,history_MAR,strong,reference_20pct_recalibration,full_heldout,calibration_intercept,300,0.10157125162064894,5.11374929749239,-3.3262053077931215,8.923124873253585,0.0,0.10157125162064894,5.106229576752402
VitalDB,0.75,history_MAR,strong,reference_20pct_recalibration,full_heldout,calibration_slope,300,1.1230276369564254,2.2259213484777858,-0.4899738974218525,5.922424636241132,1.0,0.12302763695642538,2.225611353366129
VitalDB,0.75,history_MAR,strong,reference_20pct_recalibration,full_heldout,outcome_observed_fraction,300,0.8065123456790123,0.02193507243869977,0.7607253086419754,0.8503858024691358,,,
VitalDB,0.75,history_MAR,strong,reference_20pct_recalibration,full_heldout,reconstructed_sensitivity,300,0.8504347826086958,0.05018883737805731,0.7608695652173914,0.9347826086956522,,,
VitalDB,0.75,history_MAR,strong,reference_20pct_recalibration,full_heldout,ess,300,259.0,0.0,259.0,259.0,,,
VitalDB,0.75,history_MAR,strong,reference_20pct_recalibration,full_heldout,event_rate_se,300,0.02170619969276846,0.0006284177974460758,0.020447408414756684,0.022798102543760846,,,
VitalDB,0.75,history_MAR,strong,reference_20pct_recalibration,full_heldout,reference_sample_n,300,65.0,0.0,65.0,65.0,,,
VitalDB,0.75,history_MAR,strong,reference_20pct_recalibration,full_heldout,evaluation_n,300,259.0,0.0,259.0,259.0,,,
VitalDB,0.75,history_MAR,strong,reference_30pct_recalibration,full_heldout,event_rate,300,0.143023598820059,0.012576846871750586,0.11714601769911505,0.168141592920354,,,
VitalDB,0.75,history_MAR,strong,reference_30pct_recalibration,full_heldout,oe,300,1.0811654082060662,0.3469999612464548,0.6219085008514109,1.995979652030686,1.0,0.08116540820606621,0.3558025201577626
VitalDB,0.75,history_MAR,strong,reference_30pct_recalibration,full_heldout,brier,300,0.11303103329252193,0.009434029863191393,0.09917289777338965,0.1346724028856777,,,
VitalDB,0.75,history_MAR,strong,reference_30pct_recalibration,full_heldout,auc,300,0.7011733643816264,0.0468379097805856,0.6541150188490951,0.7564408341636484,,,
VitalDB,0.75,history_MAR,strong,reference_30pct_recalibration,full_heldout,calibration_intercept,300,0.3388311559640757,3.9358010220260238,-1.1079138833653888,4.807174891128731,0.0,0.3388311559640757,3.9438180914290544
VitalDB,0.75,history_MAR,strong,reference_30pct_recalibration,full_heldout,calibration_slope,300,1.1704762353406784,1.8592707862223508,0.3910558064973244,3.449570186813513,1.0,0.17047623534067835,1.86398150307189
VitalDB,0.75,history_MAR,strong,reference_30pct_recalibration,full_heldout,outcome_observed_fraction,300,0.8065123456790123,0.02193507243869977,0.7607253086419754,0.8503858024691358,,,
VitalDB,0.75,history_MAR,strong,reference_30pct_recalibration,full_heldout,reconstructed_sensitivity,300,0.8504347826086958,0.05018883737805731,0.7608695652173914,0.9347826086956522,,,
VitalDB,0.75,history_MAR,strong,reference_30pct_recalibration,full_heldout,ess,300,226.0,0.0,226.0,226.0,,,
VitalDB,0.75,history_MAR,strong,reference_30pct_recalibration,full_heldout,event_rate_se,300,0.023257292485128853,0.0008595688416468292,0.021390908145789162,0.024877576146280455,,,
VitalDB,0.75,history_MAR,strong,reference_30pct_recalibration,full_heldout,reference_sample_n,300,98.0,0.0,98.0,98.0,,,
VitalDB,0.75,history_MAR,strong,reference_30pct_recalibration,full_heldout,evaluation_n,300,226.0,0.0,226.0,226.0,,,
VitalDB,0.75,history_MAR,weak,AIPW_design_probability,reconstructed,event_rate,300,0.12871952081006752,0.009113660871476427,0.11060984703935389,0.14552173897545673,0.1419753086419753,-0.013255787831907784,0.016077868727225664
VitalDB,0.75,history_MAR,weak,AIPW_design_probability,reconstructed,oe,300,1.2844952348457968,0.09094544392132686,1.1037783589850052,1.4521649793605225,1.4167750646420612,-0.1322798297962644,0.16044144382009207
VitalDB,0.75,history_MAR,weak,AIPW_design_probability,reconstructed,outcome_observed_fraction,300,0.8049382716049382,0.021742379859700334,0.7607253086419754,0.8487654320987654,,,
VitalDB,0.75,history_MAR,weak,AIPW_design_probability,reconstructed,reconstructed_sensitivity,300,0.823695652173913,0.054935315300016024,0.7059782608695652,0.92445652173913,,,
VitalDB,0.75,history_MAR,weak,AIPW_design_probability,reconstructed,ess,300,254.4336515588258,6.846692352931759,240.7505103824513,267.80899406396554,324.0,-69.5663484411742,69.90134315085774
VitalDB,0.75,history_MAR,weak,AIPW_design_probability,reconstructed,event_rate_se,300,0.019664598919159736,0.0006762344715973642,0.01819740070596148,0.02091452665509042,0.019390267411834264,0.0002743315073254725,0.0007287156690274416
VitalDB,0.75,history_MAR,weak,AIPW_design_probability,reconstructed,event_rate_interval_coverage,300,0.9866666666666667,,,,,,
VitalDB,0.75,history_MAR,weak,Gamma2_prediction_sensitivity_region,full,event_rate,300,0.13434156208123194,0.0077064827924504505,0.11882538427650711,0.14992388196172146,0.1419753086419753,-0.007633746560743365,0.010838173154514014
VitalDB,0.75,history_MAR,weak,Gamma2_prediction_sensitivity_region,full,outcome_observed_fraction,300,0.8049382716049382,0.021742379859700334,0.7607253086419754,0.8487654320987654,,,
VitalDB,0.75,history_MAR,weak,Gamma2_prediction_sensitivity_region,full,reconstructed_sensitivity,300,0.823695652173913,0.054935315300016024,0.7059782608695652,0.92445652173913,,,
VitalDB,0.75,history_MAR,weak,Gamma2_prediction_sensitivity_region,full,MNAR_event_rate_coverage,300,0.51,,,,,,
VitalDB,0.75,history_MAR,weak,IPAW_design_probability_truncated99,reconstructed,event_rate,300,0.12879020078560174,0.009029108297110535,0.1109405188284678,0.14768530251860215,0.1419753086419753,-0.013185107856373557,0.01597185388434972
VitalDB,0.75,history_MAR,weak,IPAW_design_probability_truncated99,reconstructed,oe,300,1.2851654304021431,0.09248757592983352,1.1030177657264058,1.4518300094624281,1.4167750646420612,-0.131609634239918,0.1607685738998882
VitalDB,0.75,history_MAR,weak,IPAW_design_probability_truncated99,reconstructed,brier,300,0.10136937864301922,0.007169527144204207,0.08660117060818304,0.116043918613602,0.11053590028892503,-0.009166521645905812,0.011629956928471508
VitalDB,0.75,history_MAR,weak,IPAW_design_probability_truncated99,reconstructed,auc,300,0.7056568852107625,0.02032799330850758,0.6674814009900611,0.748318064820055,0.7044103847356897,0.0012465004750727982,0.020332330191395097
VitalDB,0.75,history_MAR,weak,IPAW_design_probability_truncated99,reconstructed,calibration_intercept,300,-0.34812216194690004,0.13566393592850623,-0.6054091751463014,-0.05193643973173138,-0.22511057884817762,-0.12301158309872243,0.18296230233674465
VitalDB,0.75,history_MAR,weak,IPAW_design_probability_truncated99,reconstructed,calibration_slope,300,0.660643417619004,0.05838791648518099,0.5556124125895555,0.780602588965423,0.6581631632744903,0.0024802543445137104,0.05834326545359811
VitalDB,0.75,history_MAR,weak,IPAW_design_probability_truncated99,reconstructed,outcome_observed_fraction,300,0.8049382716049382,0.021742379859700334,0.7607253086419754,0.8487654320987654,,,
VitalDB,0.75,history_MAR,weak,IPAW_design_probability_truncated99,reconstructed,reconstructed_sensitivity,300,0.823695652173913,0.054935315300016024,0.7059782608695652,0.92445652173913,,,
VitalDB,0.75,history_MAR,weak,IPAW_design_probability_truncated99,reconstructed,ess,300,254.53154967152892,6.848074264538714,240.85266537890854,267.9423710182299,324.0,-69.46845032847108,69.8040499668043
VitalDB,0.75,history_MAR,weak,IPAW_design_probability_truncated99,reconstructed,event_rate_se,300,0.01966984617567629,0.000755539605573065,0.018099119900265623,0.021098113380636555,0.019390267411834264,0.0002795787638420269,0.0008044262430218867
VitalDB,0.75,history_MAR,weak,IPAW_design_probability_truncated99,reconstructed,weight_p99,300,1.7870238331175654,0.019816237340229456,1.7385789213603728,1.8105332523303845,,,
VitalDB,0.75,history_MAR,weak,IPAW_design_probability_truncated99,reconstructed,weight_max,300,1.790850504288246,0.018988813465674548,1.7468781659269579,1.8179404625305502,,,
VitalDB,0.75,history_MAR,weak,IPAW_design_probability_truncated99,reconstructed,event_rate_interval_coverage,300,0.99,,,,,,
VitalDB,0.75,history_MAR,weak,IPAW_design_probability_untruncated,reconstructed,event_rate,300,0.12873363739743726,0.009027261640947618,0.11089527280225214,0.14761859929236418,0.1419753086419753,-0.013241671244538039,0.016017542630090583
VitalDB,0.75,history_MAR,weak,IPAW_design_probability_untruncated,reconstructed,oe,300,1.2842815041782698,0.09250874226682208,1.1027381518878623,1.4508431879535806,1.4167750646420612,-0.13249356046379135,0.1615050610213471
VitalDB,0.75,history_MAR,weak,IPAW_design_probability_untruncated,reconstructed,brier,300,0.10133866859233537,0.007167472047275869,0.08658125553516584,0.11601713029576703,0.11053590028892503,-0.009197231696589661,0.011652917413423681
VitalDB,0.75,history_MAR,weak,IPAW_design_probability_untruncated,reconstructed,auc,300,0.7055318772952333,0.020331394811528833,0.6674569534989466,0.7480961163584869,0.7044103847356897,0.0011214925595435243,0.020328440057222754
VitalDB,0.75,history_MAR,weak,IPAW_design_probability_untruncated,reconstructed,calibration_intercept,300,-0.3495075149462279,0.13571608433219892,-0.6071432042831733,-0.05372514093074038,-0.22511057884817762,-0.12439693609805028,0.18393492618829096
VitalDB,0.75,history_MAR,weak,IPAW_design_probability_untruncated,reconstructed,calibration_slope,300,0.660366970793382,0.058396180818688206,0.5551048920879473,0.7806099814433177,0.6581631632744903,0.0022038075188917094,0.058340411854407484
VitalDB,0.75,history_MAR,weak,IPAW_design_probability_untruncated,reconstructed,outcome_observed_fraction,300,0.8049382716049382,0.021742379859700334,0.7607253086419754,0.8487654320987654,,,
VitalDB,0.75,history_MAR,weak,IPAW_design_probability_untruncated,reconstructed,reconstructed_sensitivity,300,0.823695652173913,0.054935315300016024,0.7059782608695652,0.92445652173913,,,
VitalDB,0.75,history_MAR,weak,IPAW_design_probability_untruncated,reconstructed,ess,300,254.4336515588258,6.846692352931759,240.7505103824513,267.80899406396554,324.0,-69.5663484411742,69.90134315085774
VitalDB,0.75,history_MAR,weak,IPAW_design_probability_untruncated,reconstructed,event_rate_se,300,0.019663079727758857,0.000755655527630176,0.018091595389060484,0.021093007664930847,0.019390267411834264,0.0002728123159245928,0.0008022084840634551
VitalDB,0.75,history_MAR,weak,IPAW_design_probability_untruncated,reconstructed,weight_p99,300,1.790850504288246,0.018988813465674548,1.7468781659269579,1.8179404625305502,,,
VitalDB,0.75,history_MAR,weak,IPAW_design_probability_untruncated,reconstructed,weight_max,300,1.8849595482791006,0.03835542054362676,1.799241698822711,1.9163671331932104,,,
VitalDB,0.75,history_MAR,weak,IPAW_design_probability_untruncated,reconstructed,event_rate_interval_coverage,300,0.99,,,,,,
VitalDB,0.75,history_MAR,weak,full_reference,full,event_rate,300,0.1419753086419753,0.0,0.1419753086419753,0.1419753086419753,0.1419753086419753,0.0,0.0
VitalDB,0.75,history_MAR,weak,full_reference,full,oe,300,1.4167750646420616,4.448312140598118e-16,1.4167750646420612,1.4167750646420612,1.4167750646420612,4.440892098500626e-16,0.0
VitalDB,0.75,history_MAR,weak,full_reference,full,brier,300,0.11053590028892503,0.0,0.11053590028892503,0.11053590028892503,0.11053590028892503,0.0,0.0
VitalDB,0.75,history_MAR,weak,full_reference,full,auc,300,0.7044103847356897,0.0,0.7044103847356897,0.7044103847356897,0.7044103847356897,0.0,0.0
VitalDB,0.75,history_MAR,weak,full_reference,full,calibration_intercept,300,-0.2251105788481776,2.7801950878738235e-17,-0.22511057884817762,-0.22511057884817762,-0.22511057884817762,2.7755575615628914e-17,0.0
VitalDB,0.75,history_MAR,weak,full_reference,full,calibration_slope,300,0.6581631632744902,1.1120780351495294e-16,0.6581631632744903,0.6581631632744903,0.6581631632744903,-1.1102230246251565e-16,0.0
VitalDB,0.75,history_MAR,weak,full_reference,full,outcome_observed_fraction,300,0.8049382716049382,0.021742379859700334,0.7607253086419754,0.8487654320987654,,,
VitalDB,0.75,history_MAR,weak,full_reference,full,reconstructed_sensitivity,300,0.823695652173913,0.054935315300016024,0.7059782608695652,0.92445652173913,,,
VitalDB,0.75,history_MAR,weak,full_reference,full,ess,300,324.0,0.0,324.0,324.0,324.0,0.0,0.0
VitalDB,0.75,history_MAR,weak,full_reference,full,event_rate_se,300,0.01939026741183426,3.475243859842279e-18,0.019390267411834264,0.019390267411834264,0.019390267411834264,-3.469446951953614e-18,0.0
VitalDB,0.75,history_MAR,weak,full_reference,full,event_rate_interval_coverage,300,1.0,,,,,,
VitalDB,0.75,history_MAR,weak,naive,reconstructed,event_rate,300,0.14813932611902464,0.009504999123345528,0.12965934031963894,0.1673196517412935,0.1419753086419753,0.006164017477049338,0.011315430604461604
VitalDB,0.75,history_MAR,weak,naive,reconstructed,oe,300,1.3682379533761015,0.08973643234953822,1.1905803758018094,1.534499607922413,1.4167750646420612,-0.04853711126595961,0.10189031538815636
VitalDB,0.75,history_MAR,weak,naive,reconstructed,brier,300,0.11366984985890978,0.007382819031417693,0.098374106546426,0.12810469506202898,0.11053590028892503,0.003133949569984751,0.008009117931147926
VitalDB,0.75,history_MAR,weak,naive,reconstructed,auc,300,0.7073487641597772,0.019171061348737205,0.6703634004258403,0.7474821532792908,0.7044103847356897,0.0029383794240874783,0.019363330504663257
VitalDB,0.75,history_MAR,weak,naive,reconstructed,calibration_intercept,300,-0.2587410539858331,0.12954318386368083,-0.5077804391475694,0.019258479132690652,-0.22511057884817762,-0.03363047513765546,0.13362824260576583
VitalDB,0.75,history_MAR,weak,naive,reconstructed,calibration_slope,300,0.6467630942208235,0.05509472536681027,0.5472284649977757,0.7570817059012754,0.6581631632744903,-0.011400069053666861,0.056171810027763405
VitalDB,0.75,history_MAR,weak,naive,reconstructed,outcome_observed_fraction,300,0.8049382716049382,0.021742379859700334,0.7607253086419754,0.8487654320987654,,,
VitalDB,0.75,history_MAR,weak,naive,reconstructed,reconstructed_sensitivity,300,0.823695652173913,0.054935315300016024,0.7059782608695652,0.92445652173913,,,
VitalDB,0.75,history_MAR,weak,naive,reconstructed,ess,300,260.8,7.044531074542909,246.475,275.0,324.0,-63.19999999999999,63.590093568102255
VitalDB,0.75,history_MAR,weak,naive,reconstructed,event_rate_se,300,0.021988448116661955,0.0006876899798409732,0.020503318563950747,0.0232870682270512,0.019390267411834264,0.0025981807048276913,0.0026873563387868806
VitalDB,0.75,history_MAR,weak,naive,reconstructed,event_rate_interval_coverage,300,1.0,,,,,,
VitalDB,0.75,history_MAR,weak,recalibration_intercept_apparent,reconstructed,event_rate,300,0.14813932611902464,0.009504999123345528,0.12965934031963894,0.1673196517412935,,,
VitalDB,0.75,history_MAR,weak,recalibration_intercept_apparent,reconstructed,oe,300,0.9991517166189858,0.01952293241343639,0.9622771773013942,1.049399599751302,1.0,-0.0008482833810141699,0.01950881830730344
VitalDB,0.75,history_MAR,weak,recalibration_intercept_apparent,reconstructed,brier,300,0.11565079068004079,0.007836967525257043,0.0996403741559431,0.13152157166073802,,,
VitalDB,0.75,history_MAR,weak,recalibration_intercept_apparent,reconstructed,auc,300,0.6952974634436019,0.02591906276409152,0.6456626151311347,0.7426598759679016,,,
VitalDB,0.75,history_MAR,weak,recalibration_intercept_apparent,reconstructed,calibration_intercept,300,-0.6140402936416678,0.12500656127433418,-0.8755838593870205,-0.3990996875247274,0.0,-0.6140402936416678,0.6265939943663472
VitalDB,0.75,history_MAR,weak,recalibration_intercept_apparent,reconstructed,calibration_slope,300,0.6065438334598657,0.07723680926493165,0.4472073446678973,0.7399651399086546,1.0,-0.39345616654013427,0.40094063726633367
VitalDB,0.75,history_MAR,weak,recalibration_intercept_apparent,reconstructed,outcome_observed_fraction,300,0.8049382716049382,0.021742379859700334,0.7607253086419754,0.8487654320987654,,,
VitalDB,0.75,history_MAR,weak,recalibration_intercept_apparent,reconstructed,reconstructed_sensitivity,300,0.823695652173913,0.054935315300016024,0.7059782608695652,0.92445652173913,,,
VitalDB,0.75,history_MAR,weak,recalibration_intercept_apparent,reconstructed,ess,300,260.8,7.044531074542909,246.475,275.0,,,
VitalDB,0.75,history_MAR,weak,recalibration_intercept_apparent,reconstructed,event_rate_se,300,0.021988448116661955,0.0006876899798409732,0.020503318563950747,0.0232870682270512,,,
VitalDB,0.75,history_MAR,weak,recalibration_intercept_slope_apparent,reconstructed,event_rate,300,0.14813932611902464,0.009504999123345528,0.12965934031963894,0.1673196517412935,,,
VitalDB,0.75,history_MAR,weak,recalibration_intercept_slope_apparent,reconstructed,oe,300,1.0024364339626026,0.02948317121492499,0.9462383735511435,1.0644508129374017,1.0,0.0024364339626026243,0.02953465880497708
VitalDB,0.75,history_MAR,weak,recalibration_intercept_slope_apparent,reconstructed,brier,300,0.1148238580191995,0.00736682969789178,0.09975935864875411,0.128871367209017,,,
VitalDB,0.75,history_MAR,weak,recalibration_intercept_slope_apparent,reconstructed,auc,300,0.6835751096629611,0.03347941159896301,0.5998070668792485,0.7393473497464406,,,
VitalDB,0.75,history_MAR,weak,recalibration_intercept_slope_apparent,reconstructed,calibration_intercept,300,-0.2958730649313516,0.28368367018385837,-1.0173863476778067,0.04731745168014153,0.0,-0.2958730649313516,0.4095717770205357
VitalDB,0.75,history_MAR,weak,recalibration_intercept_slope_apparent,reconstructed,calibration_slope,300,0.8170722534761176,0.16773677186674077,0.41141695168552495,1.0131892379193859,1.0,-0.18292774652388244,0.24800080578322029
VitalDB,0.75,history_MAR,weak,recalibration_intercept_slope_apparent,reconstructed,outcome_observed_fraction,300,0.8049382716049382,0.021742379859700334,0.7607253086419754,0.8487654320987654,,,
VitalDB,0.75,history_MAR,weak,recalibration_intercept_slope_apparent,reconstructed,reconstructed_sensitivity,300,0.823695652173913,0.054935315300016024,0.7059782608695652,0.92445652173913,,,
VitalDB,0.75,history_MAR,weak,recalibration_intercept_slope_apparent,reconstructed,ess,300,260.8,7.044531074542909,246.475,275.0,,,
VitalDB,0.75,history_MAR,weak,recalibration_intercept_slope_apparent,reconstructed,event_rate_se,300,0.021988448116661955,0.0006876899798409732,0.020503318563950747,0.0232870682270512,,,
VitalDB,0.75,history_MAR,weak,recalibration_intercept_slope_truth,full,event_rate,300,0.1419753086419753,0.0,0.1419753086419753,0.1419753086419753,,,
VitalDB,0.75,history_MAR,weak,recalibration_intercept_slope_truth,full,oe,300,1.011133614425823,0.07357462466824807,0.8841181908135989,1.1576338129390842,1.0,0.011133614425822946,0.07429090577322518
VitalDB,0.75,history_MAR,weak,recalibration_intercept_slope_truth,full,brier,300,0.1115017610229334,0.002941221281665516,0.10856292345776462,0.11876985088161753,,,
VitalDB,0.75,history_MAR,weak,recalibration_intercept_slope_truth,full,auc,300,0.6830439995829424,0.024286698643237185,0.6243138098217078,0.7067719737253675,,,
VitalDB,0.75,history_MAR,weak,recalibration_intercept_slope_truth,full,calibration_intercept,300,-0.24464935260738174,0.2988893060474237,-0.9499158708031655,0.2665108895758275,0.0,-0.24464935260738174,0.3858631108003068
VitalDB,0.75,history_MAR,weak,recalibration_intercept_slope_truth,full,calibration_slope,300,0.8487698662055412,0.17547384171323732,0.42382561461750623,1.1356142794510489,1.0,-0.15123013379445882,0.23142814348304058
VitalDB,0.75,history_MAR,weak,recalibration_intercept_slope_truth,full,outcome_observed_fraction,300,0.8049382716049382,0.021742379859700334,0.7607253086419754,0.8487654320987654,,,
VitalDB,0.75,history_MAR,weak,recalibration_intercept_slope_truth,full,reconstructed_sensitivity,300,0.823695652173913,0.054935315300016024,0.7059782608695652,0.92445652173913,,,
VitalDB,0.75,history_MAR,weak,recalibration_intercept_slope_truth,full,ess,300,324.0,0.0,324.0,324.0,,,
VitalDB,0.75,history_MAR,weak,recalibration_intercept_slope_truth,full,event_rate_se,300,0.01939026741183426,3.475243859842279e-18,0.019390267411834264,0.019390267411834264,,,
VitalDB,0.75,history_MAR,weak,recalibration_intercept_truth,full,event_rate,300,0.1419753086419753,0.0,0.1419753086419753,0.1419753086419753,,,
VitalDB,0.75,history_MAR,weak,recalibration_intercept_truth,full,oe,300,1.0288880428536435,0.07099468636302798,0.9018765305595119,1.1833193464437652,1.0,0.028888042853643547,0.07653733529064569
VitalDB,0.75,history_MAR,weak,recalibration_intercept_truth,full,brier,300,0.1118950104744831,0.0023866626839685852,0.10990243760284817,0.11878117285612508,,,
VitalDB,0.75,history_MAR,weak,recalibration_intercept_truth,full,auc,300,0.6933849442185381,0.01595661504265503,0.6479121050985299,0.7063692524241476,,,
VitalDB,0.75,history_MAR,weak,recalibration_intercept_truth,full,calibration_intercept,300,-0.5879045039860099,0.11210626876096501,-0.8541800176550904,-0.4184346464538323,0.0,-0.5879045039860099,0.598462721131587
VitalDB,0.75,history_MAR,weak,recalibration_intercept_truth,full,calibration_slope,300,0.6191132977395418,0.05379015452050575,0.47121516538574426,0.660313454838001,1.0,-0.3808867022604582,0.38465363130974817
VitalDB,0.75,history_MAR,weak,recalibration_intercept_truth,full,outcome_observed_fraction,300,0.8049382716049382,0.021742379859700334,0.7607253086419754,0.8487654320987654,,,
VitalDB,0.75,history_MAR,weak,recalibration_intercept_truth,full,reconstructed_sensitivity,300,0.823695652173913,0.054935315300016024,0.7059782608695652,0.92445652173913,,,
VitalDB,0.75,history_MAR,weak,recalibration_intercept_truth,full,ess,300,324.0,0.0,324.0,324.0,,,
VitalDB,0.75,history_MAR,weak,recalibration_intercept_truth,full,event_rate_se,300,0.01939026741183426,3.475243859842279e-18,0.019390267411834264,0.019390267411834264,,,
VitalDB,0.75,history_MAR,weak,reference_05pct_recalibration,full_heldout,event_rate,295,0.14135823821053844,0.006193228884111396,0.1292517006802721,0.15306122448979592,,,
VitalDB,0.75,history_MAR,weak,reference_05pct_recalibration,full_heldout,oe,295,1.3568013009382514,2.235520205778749,0.47983923130290684,4.1142907138196225,1.0,0.35680130093825135,2.2600701115976807
VitalDB,0.75,history_MAR,weak,reference_05pct_recalibration,full_heldout,brier,295,0.12065712672494647,0.012063221211800094,0.10685867199209882,0.1527470921701068,,,
VitalDB,0.75,history_MAR,weak,reference_05pct_recalibration,full_heldout,auc,295,0.6590465959894851,0.13098958797271323,0.2695027227356586,0.7271893282522688,,,
VitalDB,0.75,history_MAR,weak,reference_05pct_recalibration,full_heldout,calibration_intercept,295,-0.9280705602679917,20.648140822160702,-19.884645599637224,15.375736651111424,0.0,-0.9280705602679917,20.63399609018563
VitalDB,0.75,history_MAR,weak,reference_05pct_recalibration,full_heldout,calibration_slope,295,0.18021466612874482,14.15207779469958,-7.188286341770316,10.227347494401512,1.0,-0.8197853338712552,14.151835012457498
VitalDB,0.75,history_MAR,weak,reference_05pct_recalibration,full_heldout,outcome_observed_fraction,295,0.8047917974471647,0.021876877089311547,0.7603395061728395,0.8487654320987654,,,
VitalDB,0.75,history_MAR,weak,reference_05pct_recalibration,full_heldout,reconstructed_sensitivity,295,0.8240972733971997,0.05468732784610579,0.717391304347826,0.9271739130434777,,,
VitalDB,0.75,history_MAR,weak,reference_05pct_recalibration,full_heldout,ess,295,294.0,0.0,294.0,294.0,,,
VitalDB,0.75,history_MAR,weak,reference_05pct_recalibration,full_heldout,event_rate_se,295,0.020311933186054034,0.0003737048892602301,0.01956549254362358,0.020998338616454712,,,
VitalDB,0.75,history_MAR,weak,reference_05pct_recalibration,full_heldout,reference_sample_n,295,30.0,0.0,30.0,30.0,,,
VitalDB,0.75,history_MAR,weak,reference_05pct_recalibration,full_heldout,evaluation_n,295,294.0,0.0,294.0,294.0,,,
VitalDB,0.75,history_MAR,weak,reference_10pct_recalibration,full_heldout,event_rate,295,0.1416390005242006,0.006451153558457303,0.1283505154639175,0.15343642611683841,,,
VitalDB,0.75,history_MAR,weak,reference_10pct_recalibration,full_heldout,oe,295,1.3557174615072523,2.3514167116283775,0.5331607701613005,3.692517610615123,1.0,0.35571746150725225,2.374226726119871
VitalDB,0.75,history_MAR,weak,reference_10pct_recalibration,full_heldout,brier,295,0.11929713990358772,0.010821793484680464,0.10695902869285998,0.14964644170877867,,,
VitalDB,0.75,history_MAR,weak,reference_10pct_recalibration,full_heldout,auc,295,0.6666422157664329,0.12195033405692719,0.26782786463762076,0.7303748129433485,,,
VitalDB,0.75,history_MAR,weak,reference_10pct_recalibration,full_heldout,calibration_intercept,295,1.9360200424965557,42.090093025945,-15.440851503546146,11.063579736305494,0.0,1.9360200424965557,42.06327094269889
VitalDB,0.75,history_MAR,weak,reference_10pct_recalibration,full_heldout,calibration_slope,295,1.6648801685227244,15.709645162836951,-6.707008160248253,7.699524206404523,1.0,0.6648801685227244,15.697083503176087
VitalDB,0.75,history_MAR,weak,reference_10pct_recalibration,full_heldout,outcome_observed_fraction,295,0.8047917974471647,0.021876877089311547,0.7603395061728395,0.8487654320987654,,,
VitalDB,0.75,history_MAR,weak,reference_10pct_recalibration,full_heldout,reconstructed_sensitivity,295,0.8240972733971997,0.05468732784610579,0.717391304347826,0.9271739130434777,,,
VitalDB,0.75,history_MAR,weak,reference_10pct_recalibration,full_heldout,ess,295,291.0,0.0,291.0,291.0,,,
VitalDB,0.75,history_MAR,weak,reference_10pct_recalibration,full_heldout,event_rate_se,295,0.020432743781203872,0.0003907698642659681,0.019607022161054564,0.02112705015152702,,,
VitalDB,0.75,history_MAR,weak,reference_10pct_recalibration,full_heldout,reference_sample_n,295,33.0,0.0,33.0,33.0,,,
VitalDB,0.75,history_MAR,weak,reference_10pct_recalibration,full_heldout,evaluation_n,295,291.0,0.0,291.0,291.0,,,
VitalDB,0.75,history_MAR,weak,reference_20pct_recalibration,full_heldout,event_rate,300,0.14217503217503216,0.010014733878364998,0.12355212355212356,0.16216216216216217,,,
VitalDB,0.75,history_MAR,weak,reference_20pct_recalibration,full_heldout,oe,300,1.1199932253319478,0.5149818192222844,0.5800922330444879,2.308856324120816,1.0,0.11999322533194778,0.5279399846017464
VitalDB,0.75,history_MAR,weak,reference_20pct_recalibration,full_heldout,brier,300,0.11510857825530013,0.00954875657285505,0.10266979980050742,0.13774017018499216,,,
VitalDB,0.75,history_MAR,weak,reference_20pct_recalibration,full_heldout,auc,300,0.6966774945017692,0.06216064338764179,0.655935475834579,0.7420121125804582,,,
VitalDB,0.75,history_MAR,weak,reference_20pct_recalibration,full_heldout,calibration_intercept,300,0.39476740946430655,5.323732109130603,-1.2636260081461814,7.537494452305903,0.0,0.39476740946430655,5.3294925773595665
VitalDB,0.75,history_MAR,weak,reference_20pct_recalibration,full_heldout,calibration_slope,300,1.2132084076584044,2.880457711522165,0.28095615526729933,4.710879509596883,1.0,0.21320840765840443,2.8835460225569807
VitalDB,0.75,history_MAR,weak,reference_20pct_recalibration,full_heldout,outcome_observed_fraction,300,0.8049382716049382,0.021742379859700334,0.7607253086419754,0.8487654320987654,,,
VitalDB,0.75,history_MAR,weak,reference_20pct_recalibration,full_heldout,reconstructed_sensitivity,300,0.823695652173913,0.054935315300016024,0.7059782608695652,0.92445652173913,,,
VitalDB,0.75,history_MAR,weak,reference_20pct_recalibration,full_heldout,ess,300,259.0,0.0,259.0,259.0,,,
VitalDB,0.75,history_MAR,weak,reference_20pct_recalibration,full_heldout,event_rate_se,300,0.021681733214939866,0.0006410047538224332,0.020447408414756684,0.022903658837129595,,,
VitalDB,0.75,history_MAR,weak,reference_20pct_recalibration,full_heldout,reference_sample_n,300,65.0,0.0,65.0,65.0,,,
VitalDB,0.75,history_MAR,weak,reference_20pct_recalibration,full_heldout,evaluation_n,300,259.0,0.0,259.0,259.0,,,
VitalDB,0.75,history_MAR,weak,reference_30pct_recalibration,full_heldout,event_rate,300,0.14265486725663715,0.013109841980534614,0.11946902654867257,0.168141592920354,,,
VitalDB,0.75,history_MAR,weak,reference_30pct_recalibration,full_heldout,oe,300,1.081028054423844,0.37347004734240047,0.6425457719008719,2.0299007352698353,1.0,0.08102805442384398,0.38155011328104094
VitalDB,0.75,history_MAR,weak,reference_30pct_recalibration,full_heldout,brier,300,0.11331355301957922,0.010510475696340942,0.09851465302319945,0.1373383276605318,,,
VitalDB,0.75,history_MAR,weak,reference_30pct_recalibration,full_heldout,auc,300,0.7022698546914453,0.04834714928589994,0.6450126262626262,0.7637135170578979,,,
VitalDB,0.75,history_MAR,weak,reference_30pct_recalibration,full_heldout,calibration_intercept,300,0.5283116782990197,3.831093524508385,-1.117624185418765,5.113994958312094,0.0,0.5283116782990197,3.8610188505512517
VitalDB,0.75,history_MAR,weak,reference_30pct_recalibration,full_heldout,calibration_slope,300,1.2831005985536574,1.9149325163717859,0.3319092620542971,3.691529866942702,1.0,0.28310059855365743,1.9325861609128563
VitalDB,0.75,history_MAR,weak,reference_30pct_recalibration,full_heldout,outcome_observed_fraction,300,0.8049382716049382,0.021742379859700334,0.7607253086419754,0.8487654320987654,,,
VitalDB,0.75,history_MAR,weak,reference_30pct_recalibration,full_heldout,reconstructed_sensitivity,300,0.823695652173913,0.054935315300016024,0.7059782608695652,0.92445652173913,,,
VitalDB,0.75,history_MAR,weak,reference_30pct_recalibration,full_heldout,ess,300,226.0,0.0,226.0,226.0,,,
VitalDB,0.75,history_MAR,weak,reference_30pct_recalibration,full_heldout,event_rate_se,300,0.023229764710939904,0.0008904445191573943,0.021574749482665086,0.024877576146280455,,,
VitalDB,0.75,history_MAR,weak,reference_30pct_recalibration,full_heldout,reference_sample_n,300,98.0,0.0,98.0,98.0,,,
VitalDB,0.75,history_MAR,weak,reference_30pct_recalibration,full_heldout,evaluation_n,300,226.0,0.0,226.0,226.0,,,
VitalDB,0.75,mixed_MNAR,strong,AIPW_design_probability,reconstructed,event_rate,300,0.13459788379605134,0.007619421257303462,0.11971038138498648,0.1497634735084972,0.1419753086419753,-0.007377424845923963,0.010596624889676736
VitalDB,0.75,mixed_MNAR,strong,AIPW_design_probability,reconstructed,oe,300,1.3431555623289269,0.07603439039934329,1.1945928129850645,1.494493351629798,1.4167750646420612,-0.0736195023131343,0.10574397799633165
VitalDB,0.75,mixed_MNAR,strong,AIPW_design_probability,reconstructed,outcome_observed_fraction,300,0.767119341563786,0.02128953075975203,0.7314814814814815,0.808641975308642,,,
VitalDB,0.75,mixed_MNAR,strong,AIPW_design_probability,reconstructed,reconstructed_sensitivity,300,0.8828260869565216,0.0435757595193091,0.8043478260869565,0.9565217391304348,,,
VitalDB,0.75,mixed_MNAR,strong,AIPW_design_probability,reconstructed,ess,300,230.51894406448346,6.518022552185492,219.2453878215314,243.70017711869232,324.0,-93.48105593551654,93.70726130571025
VitalDB,0.75,mixed_MNAR,strong,AIPW_design_probability,reconstructed,event_rate_se,300,0.01976927168458657,0.000530401924803276,0.018596559748813603,0.02076716459794023,0.019390267411834264,0.0003790042727523056,0.0006511779223786735
VitalDB,0.75,mixed_MNAR,strong,AIPW_design_probability,reconstructed,event_rate_interval_coverage,300,1.0,,,,,,
VitalDB,0.75,mixed_MNAR,strong,Gamma2_prediction_sensitivity_region,full,event_rate,300,0.1411939579392363,0.006521573847775864,0.1288229971451339,0.15383423498018586,0.1419753086419753,-0.0007813507027389921,0.006557412951855186
VitalDB,0.75,mixed_MNAR,strong,Gamma2_prediction_sensitivity_region,full,outcome_observed_fraction,300,0.767119341563786,0.02128953075975203,0.7314814814814815,0.808641975308642,,,
VitalDB,0.75,mixed_MNAR,strong,Gamma2_prediction_sensitivity_region,full,reconstructed_sensitivity,300,0.8828260869565216,0.0435757595193091,0.8043478260869565,0.9565217391304348,,,
VitalDB,0.75,mixed_MNAR,strong,Gamma2_prediction_sensitivity_region,full,MNAR_event_rate_coverage,300,0.7366666666666667,,,,,,
VitalDB,0.75,mixed_MNAR,strong,IPAW_design_probability_truncated99,reconstructed,event_rate,300,0.13529433920486048,0.008740307774386774,0.11810944361510775,0.15071455880163773,0.1419753086419753,-0.006680969437114825,0.01098970833753251
VitalDB,0.75,mixed_MNAR,strong,IPAW_design_probability_truncated99,reconstructed,oe,300,1.3433133243859292,0.07855111092418811,1.1940449427843385,1.501614246259312,1.4167750646420612,-0.07346174025613195,0.10745388182281773
VitalDB,0.75,mixed_MNAR,strong,IPAW_design_probability_truncated99,reconstructed,brier,300,0.10524320454695668,0.007195947186524223,0.09037702366190324,0.1190378538194933,0.11053590028892503,-0.005292695741968348,0.008923098038719043
VitalDB,0.75,mixed_MNAR,strong,IPAW_design_probability_truncated99,reconstructed,auc,300,0.7129969234786989,0.02292442896539563,0.6736798899522563,0.7642923958531229,0.7044103847356897,0.008586538743009187,0.02444394252495638
VitalDB,0.75,mixed_MNAR,strong,IPAW_design_probability_truncated99,reconstructed,calibration_intercept,300,-0.22708158607508394,0.13898734958798695,-0.4690806482121849,0.047181508170850886,-0.22511057884817762,-0.001971007226906324,0.13876950891254955
VitalDB,0.75,mixed_MNAR,strong,IPAW_design_probability_truncated99,reconstructed,calibration_slope,300,0.6908502474545752,0.07887209304116358,0.5610207985716471,0.8604802157403947,0.6581631632744903,0.032687084180084924,0.08525559517916861
VitalDB,0.75,mixed_MNAR,strong,IPAW_design_probability_truncated99,reconstructed,outcome_observed_fraction,300,0.767119341563786,0.02128953075975203,0.7314814814814815,0.808641975308642,,,
VitalDB,0.75,mixed_MNAR,strong,IPAW_design_probability_truncated99,reconstructed,reconstructed_sensitivity,300,0.8828260869565216,0.0435757595193091,0.8043478260869565,0.9565217391304348,,,
VitalDB,0.75,mixed_MNAR,strong,IPAW_design_probability_truncated99,reconstructed,ess,300,232.87640878126268,6.320624940829834,222.11009306852526,245.32487225752234,324.0,-91.12359121873732,91.34180865614998
VitalDB,0.75,mixed_MNAR,strong,IPAW_design_probability_truncated99,reconstructed,event_rate_se,300,0.020087413593601267,0.0008477187446595918,0.018372976134154822,0.021706580733671963,0.019390267411834264,0.0006971461817670034,0.0010964690808375416
VitalDB,0.75,mixed_MNAR,strong,IPAW_design_probability_truncated99,reconstructed,weight_p99,300,2.5552979205440867,0.2136059998424474,2.1846777061176885,3.0889929650901156,,,
VitalDB,0.75,mixed_MNAR,strong,IPAW_design_probability_truncated99,reconstructed,weight_max,300,2.5947961737749337,0.23251240508819576,2.21072917243608,3.1660752710613176,,,
VitalDB,0.75,mixed_MNAR,strong,IPAW_design_probability_truncated99,reconstructed,event_rate_interval_coverage,300,0.9966666666666667,,,,,,
VitalDB,0.75,mixed_MNAR,strong,IPAW_design_probability_untruncated,reconstructed,event_rate,300,0.13472977316422072,0.008745087152986867,0.11726100959114093,0.15011123745390206,0.1419753086419753,-0.007245535477754583,0.011345457762544957
VitalDB,0.75,mixed_MNAR,strong,IPAW_design_probability_untruncated,reconstructed,oe,300,1.3425707729460916,0.07853569642461236,1.1932351592063317,1.5005205452299417,1.4167750646420612,-0.07420429169596954,0.10795171605995785
VitalDB,0.75,mixed_MNAR,strong,IPAW_design_probability_untruncated,reconstructed,brier,300,0.1048052672895778,0.007199775242804346,0.09000390767717885,0.11842921141737064,0.11053590028892503,-0.005730632999347229,0.009192612735685259
VitalDB,0.75,mixed_MNAR,strong,IPAW_design_probability_untruncated,reconstructed,auc,300,0.7142780890539151,0.022985088187339693,0.675494981159606,0.7653072508304739,0.7044103847356897,0.009867704318225368,0.02497848714184082
VitalDB,0.75,mixed_MNAR,strong,IPAW_design_probability_untruncated,reconstructed,calibration_intercept,300,-0.22386508129036836,0.1390270464991083,-0.4684733505378047,0.049220769585247195,-0.22511057884817762,0.0012454975578092553,0.13880072954985087
VitalDB,0.75,mixed_MNAR,strong,IPAW_design_probability_untruncated,reconstructed,calibration_slope,300,0.6930731794829861,0.07885935183291022,0.5642863304398537,0.863346928939627,0.6581631632744903,0.034910016208495764,0.08612071341211978
VitalDB,0.75,mixed_MNAR,strong,IPAW_design_probability_untruncated,reconstructed,outcome_observed_fraction,300,0.767119341563786,0.02128953075975203,0.7314814814814815,0.808641975308642,,,
VitalDB,0.75,mixed_MNAR,strong,IPAW_design_probability_untruncated,reconstructed,reconstructed_sensitivity,300,0.8828260869565216,0.0435757595193091,0.8043478260869565,0.9565217391304348,,,
VitalDB,0.75,mixed_MNAR,strong,IPAW_design_probability_untruncated,reconstructed,ess,300,230.51894406448346,6.518022552185492,219.2453878215314,243.70017711869232,324.0,-93.48105593551654,93.70726130571025
VitalDB,0.75,mixed_MNAR,strong,IPAW_design_probability_untruncated,reconstructed,event_rate_se,300,0.020035831368589375,0.0008507684355864298,0.01829678762116407,0.02166602937059245,0.019390267411834264,0.0006455639567551109,0.0010668397552967043
VitalDB,0.75,mixed_MNAR,strong,IPAW_design_probability_untruncated,reconstructed,weight_p99,300,2.5947961737749337,0.23251240508819576,2.21072917243608,3.1660752710613176,,,
VitalDB,0.75,mixed_MNAR,strong,IPAW_design_probability_untruncated,reconstructed,weight_max,300,3.524955859791322,0.5965194769679522,2.5323341491615246,4.464075185389297,,,
VitalDB,0.75,mixed_MNAR,strong,IPAW_design_probability_untruncated,reconstructed,event_rate_interval_coverage,300,0.9966666666666667,,,,,,
VitalDB,0.75,mixed_MNAR,strong,full_reference,full,event_rate,300,0.1419753086419753,0.0,0.1419753086419753,0.1419753086419753,0.1419753086419753,0.0,0.0
VitalDB,0.75,mixed_MNAR,strong,full_reference,full,oe,300,1.4167750646420616,4.448312140598118e-16,1.4167750646420612,1.4167750646420612,1.4167750646420612,4.440892098500626e-16,0.0
VitalDB,0.75,mixed_MNAR,strong,full_reference,full,brier,300,0.11053590028892503,0.0,0.11053590028892503,0.11053590028892503,0.11053590028892503,0.0,0.0
VitalDB,0.75,mixed_MNAR,strong,full_reference,full,auc,300,0.7044103847356897,0.0,0.7044103847356897,0.7044103847356897,0.7044103847356897,0.0,0.0
VitalDB,0.75,mixed_MNAR,strong,full_reference,full,calibration_intercept,300,-0.2251105788481776,2.7801950878738235e-17,-0.22511057884817762,-0.22511057884817762,-0.22511057884817762,2.7755575615628914e-17,0.0
VitalDB,0.75,mixed_MNAR,strong,full_reference,full,calibration_slope,300,0.6581631632744902,1.1120780351495294e-16,0.6581631632744903,0.6581631632744903,0.6581631632744903,-1.1102230246251565e-16,0.0
VitalDB,0.75,mixed_MNAR,strong,full_reference,full,outcome_observed_fraction,300,0.767119341563786,0.02128953075975203,0.7314814814814815,0.808641975308642,,,
VitalDB,0.75,mixed_MNAR,strong,full_reference,full,reconstructed_sensitivity,300,0.8828260869565216,0.0435757595193091,0.8043478260869565,0.9565217391304348,,,
VitalDB,0.75,mixed_MNAR,strong,full_reference,full,ess,300,324.0,0.0,324.0,324.0,324.0,0.0,0.0
VitalDB,0.75,mixed_MNAR,strong,full_reference,full,event_rate_se,300,0.01939026741183426,3.475243859842279e-18,0.019390267411834264,0.019390267411834264,0.019390267411834264,-3.469446951953614e-18,0.0
VitalDB,0.75,mixed_MNAR,strong,full_reference,full,event_rate_interval_coverage,300,1.0,,,,,,
VitalDB,0.75,mixed_MNAR,strong,naive,reconstructed,event_rate,300,0.16661152435787402,0.009268204898370212,0.14740754860846358,0.18275857706709844,0.1419753086419753,0.02463621571589872,0.026316466608665542
VitalDB,0.75,mixed_MNAR,strong,naive,reconstructed,oe,300,1.4390251156192995,0.07567611806618746,1.3010677065841896,1.5805714565180338,1.4167750646420612,0.02225005097723831,0.0787581743772587
VitalDB,0.75,mixed_MNAR,strong,naive,reconstructed,brier,300,0.1269574651299373,0.007466264610696414,0.11161230611178441,0.1414445223381483,0.11053590028892503,0.016421564841012273,0.01803405340017556
VitalDB,0.75,mixed_MNAR,strong,naive,reconstructed,auc,300,0.6963891032586802,0.019868015830716915,0.6592573675316449,0.7402320101063371,0.7044103847356897,-0.008021281477009534,0.021395401750676897
VitalDB,0.75,mixed_MNAR,strong,naive,reconstructed,calibration_intercept,300,-0.1809743446059684,0.11285930431319284,-0.3854662150325515,0.03639394391346312,-0.22511057884817762,0.04413623424220922,0.12100732347496233
VitalDB,0.75,mixed_MNAR,strong,naive,reconstructed,calibration_slope,300,0.6408003675162107,0.06451349542445378,0.5278948183082719,0.781898648974363,0.6581631632744903,-0.017362795758279592,0.06670520567980542
VitalDB,0.75,mixed_MNAR,strong,naive,reconstructed,outcome_observed_fraction,300,0.767119341563786,0.02128953075975203,0.7314814814814815,0.808641975308642,,,
VitalDB,0.75,mixed_MNAR,strong,naive,reconstructed,reconstructed_sensitivity,300,0.8828260869565216,0.0435757595193091,0.8043478260869565,0.9565217391304348,,,
VitalDB,0.75,mixed_MNAR,strong,naive,reconstructed,ess,300,248.54666666666665,6.8978079661596565,237.0,262.0,324.0,-75.45333333333335,75.7669233021024
VitalDB,0.75,mixed_MNAR,strong,naive,reconstructed,event_rate_se,300,0.02363298610327765,0.0007448453612705414,0.02218068545327811,0.024991876413654295,0.019390267411834264,0.004242718691443385,0.004307389835103769
VitalDB,0.75,mixed_MNAR,strong,naive,reconstructed,event_rate_interval_coverage,300,1.0,,,,,,
VitalDB,0.75,mixed_MNAR,strong,recalibration_intercept_apparent,reconstructed,event_rate,300,0.16661152435787402,0.009268204898370212,0.14740754860846358,0.18275857706709844,,,
VitalDB,0.75,mixed_MNAR,strong,recalibration_intercept_apparent,reconstructed,oe,300,0.9992640169684969,0.01930419300669778,0.9579387501624688,1.0406134494223467,1.0,-0.000735983031503129,0.0192860406971044
VitalDB,0.75,mixed_MNAR,strong,recalibration_intercept_apparent,reconstructed,brier,300,0.12841610107533102,0.007583267167743567,0.11267093435674287,0.1426530554919462,,,
VitalDB,0.75,mixed_MNAR,strong,recalibration_intercept_apparent,reconstructed,auc,300,0.6861295495287414,0.022934899569079615,0.6390779353346111,0.725698316451383,,,
VitalDB,0.75,mixed_MNAR,strong,recalibration_intercept_apparent,reconstructed,calibration_intercept,300,-0.5730047605542968,0.10816927958371064,-0.8355213753647848,-0.3837506118340847,0.0,-0.5730047605542968,0.5830917995365112
VitalDB,0.75,mixed_MNAR,strong,recalibration_intercept_apparent,reconstructed,calibration_slope,300,0.60373827824414,0.07418911915345704,0.4399018362631241,0.7415665786234471,1.0,-0.39626172175586005,0.4031240885612625
VitalDB,0.75,mixed_MNAR,strong,recalibration_intercept_apparent,reconstructed,outcome_observed_fraction,300,0.767119341563786,0.02128953075975203,0.7314814814814815,0.808641975308642,,,
VitalDB,0.75,mixed_MNAR,strong,recalibration_intercept_apparent,reconstructed,reconstructed_sensitivity,300,0.8828260869565216,0.0435757595193091,0.8043478260869565,0.9565217391304348,,,
VitalDB,0.75,mixed_MNAR,strong,recalibration_intercept_apparent,reconstructed,ess,300,248.54666666666665,6.8978079661596565,237.0,262.0,,,
VitalDB,0.75,mixed_MNAR,strong,recalibration_intercept_apparent,reconstructed,event_rate_se,300,0.02363298610327765,0.0007448453612705414,0.02218068545327811,0.024991876413654295,,,
VitalDB,0.75,mixed_MNAR,strong,recalibration_intercept_slope_apparent,reconstructed,event_rate,300,0.16661152435787402,0.009268204898370212,0.14740754860846358,0.18275857706709844,,,
VitalDB,0.75,mixed_MNAR,strong,recalibration_intercept_slope_apparent,reconstructed,oe,300,1.0017508720236523,0.02830651553292801,0.9466390714101456,1.0599999913061557,1.0,0.0017508720236523168,0.028313486392890285
VitalDB,0.75,mixed_MNAR,strong,recalibration_intercept_slope_apparent,reconstructed,brier,300,0.1272681471107037,0.007951795236965339,0.11180123739387592,0.14208514534414224,,,
VitalDB,0.75,mixed_MNAR,strong,recalibration_intercept_slope_apparent,reconstructed,auc,300,0.671381011549075,0.03229386415404089,0.597219929245283,0.7256029642062011,,,
VitalDB,0.75,mixed_MNAR,strong,recalibration_intercept_slope_apparent,reconstructed,calibration_intercept,300,-0.272007810769633,0.2673443379873954,-0.9722224147480137,0.026141242418416363,0.0,-0.272007810769633,0.38108135726739606
VitalDB,0.75,mixed_MNAR,strong,recalibration_intercept_slope_apparent,reconstructed,calibration_slope,300,0.8182747609961969,0.1724112513869057,0.3760191308641858,1.0156856446961822,1.0,-0.1817252390038031,0.2503010519962686
VitalDB,0.75,mixed_MNAR,strong,recalibration_intercept_slope_apparent,reconstructed,outcome_observed_fraction,300,0.767119341563786,0.02128953075975203,0.7314814814814815,0.808641975308642,,,
VitalDB,0.75,mixed_MNAR,strong,recalibration_intercept_slope_apparent,reconstructed,reconstructed_sensitivity,300,0.8828260869565216,0.0435757595193091,0.8043478260869565,0.9565217391304348,,,
VitalDB,0.75,mixed_MNAR,strong,recalibration_intercept_slope_apparent,reconstructed,ess,300,248.54666666666665,6.8978079661596565,237.0,262.0,,,
VitalDB,0.75,mixed_MNAR,strong,recalibration_intercept_slope_apparent,reconstructed,event_rate_se,300,0.02363298610327765,0.0007448453612705414,0.02218068545327811,0.024991876413654295,,,
VitalDB,0.75,mixed_MNAR,strong,recalibration_intercept_slope_truth,full,event_rate,300,0.1419753086419753,0.0,0.1419753086419753,0.1419753086419753,,,
VitalDB,0.75,mixed_MNAR,strong,recalibration_intercept_slope_truth,full,oe,300,0.9401921530291406,0.06024688620033093,0.8349590158016542,1.0731754097704507,1.0,-0.05980784697085939,0.08482079284272959
VitalDB,0.75,mixed_MNAR,strong,recalibration_intercept_slope_truth,full,brier,300,0.11161478706780405,0.0029786378739961195,0.10860269136146704,0.11920356961827529,,,
VitalDB,0.75,mixed_MNAR,strong,recalibration_intercept_slope_truth,full,auc,300,0.6809957251590032,0.02278347440439515,0.6208769940569284,0.7043732405380043,,,
VitalDB,0.75,mixed_MNAR,strong,recalibration_intercept_slope_truth,full,calibration_intercept,300,-0.303300748918019,0.2714683181837657,-0.9586272207635553,0.17113286580574458,0.0,-0.303300748918019,0.406744074219275
VitalDB,0.75,mixed_MNAR,strong,recalibration_intercept_slope_truth,full,calibration_slope,300,0.8626978463077744,0.17600107916631805,0.43292521278247964,1.166406687649223,1.0,-0.13730215369222565,0.22299104618049814
VitalDB,0.75,mixed_MNAR,strong,recalibration_intercept_slope_truth,full,outcome_observed_fraction,300,0.767119341563786,0.02128953075975203,0.7314814814814815,0.808641975308642,,,
VitalDB,0.75,mixed_MNAR,strong,recalibration_intercept_slope_truth,full,reconstructed_sensitivity,300,0.8828260869565216,0.0435757595193091,0.8043478260869565,0.9565217391304348,,,
VitalDB,0.75,mixed_MNAR,strong,recalibration_intercept_slope_truth,full,ess,300,324.0,0.0,324.0,324.0,,,
VitalDB,0.75,mixed_MNAR,strong,recalibration_intercept_slope_truth,full,event_rate_se,300,0.01939026741183426,3.475243859842279e-18,0.019390267411834264,0.019390267411834264,,,
VitalDB,0.75,mixed_MNAR,strong,recalibration_intercept_truth,full,event_rate,300,0.1419753086419753,0.0,0.1419753086419753,0.1419753086419753,,,
VitalDB,0.75,mixed_MNAR,strong,recalibration_intercept_truth,full,oe,300,0.9741113928967078,0.05846554529052466,0.8720250542240751,1.1093486159698829,1.0,-0.025888607103292216,0.06385174936716005
VitalDB,0.75,mixed_MNAR,strong,recalibration_intercept_truth,full,brier,300,0.11214866169575889,0.0021713357601682065,0.11002293854991395,0.11759743495199097,,,
VitalDB,0.75,mixed_MNAR,strong,recalibration_intercept_truth,full,auc,300,0.6952697841726618,0.013360914903047048,0.6567817485142321,0.7054680168908352,,,
VitalDB,0.75,mixed_MNAR,strong,recalibration_intercept_truth,full,calibration_intercept,300,-0.6280455214023084,0.08985084022296834,-0.8512939244078348,-0.4838572164531121,0.0,-0.6280455214023084,0.634418978171346
VitalDB,0.75,mixed_MNAR,strong,recalibration_intercept_truth,full,calibration_slope,300,0.624824538139293,0.046092885437383525,0.5033707002526879,0.6589892768948001,1.0,-0.37517546186070705,0.3779869037723117
VitalDB,0.75,mixed_MNAR,strong,recalibration_intercept_truth,full,outcome_observed_fraction,300,0.767119341563786,0.02128953075975203,0.7314814814814815,0.808641975308642,,,
VitalDB,0.75,mixed_MNAR,strong,recalibration_intercept_truth,full,reconstructed_sensitivity,300,0.8828260869565216,0.0435757595193091,0.8043478260869565,0.9565217391304348,,,
VitalDB,0.75,mixed_MNAR,strong,recalibration_intercept_truth,full,ess,300,324.0,0.0,324.0,324.0,,,
VitalDB,0.75,mixed_MNAR,strong,recalibration_intercept_truth,full,event_rate_se,300,0.01939026741183426,3.475243859842279e-18,0.019390267411834264,0.019390267411834264,,,
VitalDB,0.75,mixed_MNAR,strong,reference_05pct_recalibration,full_heldout,event_rate,299,0.141662685140946,0.005950756981659756,0.1292517006802721,0.15306122448979592,,,
VitalDB,0.75,mixed_MNAR,strong,reference_05pct_recalibration,full_heldout,oe,299,1.23690216593216,0.7595178802892985,0.5356339899772106,3.7511065616487222,1.0,0.23690216593215996,0.7943933057745537
VitalDB,0.75,mixed_MNAR,strong,reference_05pct_recalibration,full_heldout,brier,299,0.12119943697138369,0.015442193035989382,0.10788083345350458,0.15460152427977086,,,
VitalDB,0.75,mixed_MNAR,strong,reference_05pct_recalibration,full_heldout,auc,299,0.664780590111388,0.1193883537069994,0.2679752456538171,0.7223657533879693,,,
VitalDB,0.75,mixed_MNAR,strong,reference_05pct_recalibration,full_heldout,calibration_intercept,299,-0.18721261355563887,17.93154115784924,-7.048344890436299,9.498002151887025,0.0,-0.18721261355563887,17.902509088953686
VitalDB,0.75,mixed_MNAR,strong,reference_05pct_recalibration,full_heldout,calibration_slope,299,0.7472908610128656,7.611273371224203,-2.741287286807989,5.839189694561929,1.0,-0.25270913898713443,7.60273591961511
VitalDB,0.75,mixed_MNAR,strong,reference_05pct_recalibration,full_heldout,outcome_observed_fraction,299,0.7670320822494736,0.021271416307406445,0.7314814814814815,0.808641975308642,,,
VitalDB,0.75,mixed_MNAR,strong,reference_05pct_recalibration,full_heldout,reconstructed_sensitivity,299,0.882943143812709,0.04360154011417495,0.8043478260869565,0.9565217391304348,,,
VitalDB,0.75,mixed_MNAR,strong,reference_05pct_recalibration,full_heldout,ess,299,294.0,0.0,294.0,294.0,,,
VitalDB,0.75,mixed_MNAR,strong,reference_05pct_recalibration,full_heldout,event_rate_se,299,0.020330713597134027,0.0003588302598600218,0.01956549254362358,0.020998338616454712,,,
VitalDB,0.75,mixed_MNAR,strong,reference_05pct_recalibration,full_heldout,reference_sample_n,299,30.0,0.0,30.0,30.0,,,
VitalDB,0.75,mixed_MNAR,strong,reference_05pct_recalibration,full_heldout,evaluation_n,299,294.0,0.0,294.0,294.0,,,
VitalDB,0.75,mixed_MNAR,strong,reference_10pct_recalibration,full_heldout,event_rate,299,0.14159454769046878,0.0064214253408328105,0.12869415807560136,0.15309278350515468,,,
VitalDB,0.75,mixed_MNAR,strong,reference_10pct_recalibration,full_heldout,oe,299,1.2212405066178451,0.7344308538807728,0.537537394543868,3.016737276331045,1.0,0.2212405066178451,0.765853814631141
VitalDB,0.75,mixed_MNAR,strong,reference_10pct_recalibration,full_heldout,brier,299,0.120273396297504,0.01473648302546908,0.10720848276363297,0.15449360850829943,,,
VitalDB,0.75,mixed_MNAR,strong,reference_10pct_recalibration,full_heldout,auc,299,0.6733881031403329,0.10658049724059293,0.26886523158328307,0.7264940239043824,,,
VitalDB,0.75,mixed_MNAR,strong,reference_10pct_recalibration,full_heldout,calibration_intercept,299,1.5464467004692644,17.5231085631769,-6.567154711722851,10.668801397319736,0.0,1.5464467004692644,17.562000934429662
VitalDB,0.75,mixed_MNAR,strong,reference_10pct_recalibration,full_heldout,calibration_slope,299,1.5282954294230513,6.275546370839113,-2.176954108854435,5.586904898956608,1.0,0.5282954294230513,6.287277974277463
VitalDB,0.75,mixed_MNAR,strong,reference_10pct_recalibration,full_heldout,outcome_observed_fraction,299,0.7670320822494736,0.021271416307406445,0.7314814814814815,0.808641975308642,,,
VitalDB,0.75,mixed_MNAR,strong,reference_10pct_recalibration,full_heldout,reconstructed_sensitivity,299,0.882943143812709,0.04360154011417495,0.8043478260869565,0.9565217391304348,,,
VitalDB,0.75,mixed_MNAR,strong,reference_10pct_recalibration,full_heldout,ess,299,291.0,0.0,291.0,291.0,,,
VitalDB,0.75,mixed_MNAR,strong,reference_10pct_recalibration,full_heldout,event_rate_se,299,0.02043013900463832,0.0003885082642046303,0.019629336928983956,0.02110762327522803,,,
VitalDB,0.75,mixed_MNAR,strong,reference_10pct_recalibration,full_heldout,reference_sample_n,299,33.0,0.0,33.0,33.0,,,
VitalDB,0.75,mixed_MNAR,strong,reference_10pct_recalibration,full_heldout,evaluation_n,299,291.0,0.0,291.0,291.0,,,
VitalDB,0.75,mixed_MNAR,strong,reference_20pct_recalibration,full_heldout,event_rate,300,0.1415315315315315,0.009440701556748981,0.12355212355212356,0.1583011583011583,,,
VitalDB,0.75,mixed_MNAR,strong,reference_20pct_recalibration,full_heldout,oe,300,1.0900282932466703,0.42638698858578133,0.5879337242261322,2.313221061429434,1.0,0.09002829324667028,0.43509187314103615
VitalDB,0.75,mixed_MNAR,strong,reference_20pct_recalibration,full_heldout,brier,300,0.11441045522461304,0.008845157839788304,0.10387829229238717,0.13456573178722256,,,
VitalDB,0.75,mixed_MNAR,strong,reference_20pct_recalibration,full_heldout,auc,300,0.6922666563375719,0.06582059504575744,0.6510819842209803,0.7413926975724392,,,
VitalDB,0.75,mixed_MNAR,strong,reference_20pct_recalibration,full_heldout,calibration_intercept,300,-0.44358117742321496,9.465366957961297,-1.3493253828114309,3.409306344044562,0.0,-0.44358117742321496,9.459983721145269
VitalDB,0.75,mixed_MNAR,strong,reference_20pct_recalibration,full_heldout,calibration_slope,300,0.7999258087833511,4.742610452782051,0.29270226731053434,3.3478892596395116,1.0,-0.20007419121664893,4.738924886069179
VitalDB,0.75,mixed_MNAR,strong,reference_20pct_recalibration,full_heldout,outcome_observed_fraction,300,0.767119341563786,0.02128953075975203,0.7314814814814815,0.808641975308642,,,
VitalDB,0.75,mixed_MNAR,strong,reference_20pct_recalibration,full_heldout,reconstructed_sensitivity,300,0.8828260869565216,0.0435757595193091,0.8043478260869565,0.9565217391304348,,,
VitalDB,0.75,mixed_MNAR,strong,reference_20pct_recalibration,full_heldout,ess,300,259.0,0.0,259.0,259.0,,,
VitalDB,0.75,mixed_MNAR,strong,reference_20pct_recalibration,full_heldout,event_rate_se,300,0.021642676461427104,0.0006051049414800689,0.020447408414756684,0.02268143506161645,,,
VitalDB,0.75,mixed_MNAR,strong,reference_20pct_recalibration,full_heldout,reference_sample_n,300,65.0,0.0,65.0,65.0,,,
VitalDB,0.75,mixed_MNAR,strong,reference_20pct_recalibration,full_heldout,evaluation_n,300,259.0,0.0,259.0,259.0,,,
VitalDB,0.75,mixed_MNAR,strong,reference_30pct_recalibration,full_heldout,event_rate,300,0.14100294985250736,0.012215081426542306,0.11504424778761062,0.16371681415929204,,,
VitalDB,0.75,mixed_MNAR,strong,reference_30pct_recalibration,full_heldout,oe,300,1.0306159784671756,0.30279494082264446,0.5837561214040766,1.7565486565002844,1.0,0.030615978467175564,0.30383630198622635
VitalDB,0.75,mixed_MNAR,strong,reference_30pct_recalibration,full_heldout,brier,300,0.11228120083219305,0.008480746661406037,0.09861872889745778,0.13002570191219998,,,
VitalDB,0.75,mixed_MNAR,strong,reference_30pct_recalibration,full_heldout,auc,300,0.6991537721607289,0.038524808766386566,0.6428401360544218,0.7585570872343163,,,
VitalDB,0.75,mixed_MNAR,strong,reference_30pct_recalibration,full_heldout,calibration_intercept,300,0.3890978392439833,4.709286695347068,-1.0919714951049655,3.7187874967883645,0.0,0.3890978392439833,4.717505029520089
VitalDB,0.75,mixed_MNAR,strong,reference_30pct_recalibration,full_heldout,calibration_slope,300,1.2293462868185505,2.6277025291458145,0.4276610725364982,3.2034196951603953,1.0,0.22934628681855052,2.63332569811468
VitalDB,0.75,mixed_MNAR,strong,reference_30pct_recalibration,full_heldout,outcome_observed_fraction,300,0.767119341563786,0.02128953075975203,0.7314814814814815,0.808641975308642,,,
VitalDB,0.75,mixed_MNAR,strong,reference_30pct_recalibration,full_heldout,reconstructed_sensitivity,300,0.8828260869565216,0.0435757595193091,0.8043478260869565,0.9565217391304348,,,
VitalDB,0.75,mixed_MNAR,strong,reference_30pct_recalibration,full_heldout,ess,300,226.0,0.0,226.0,226.0,,,
VitalDB,0.75,mixed_MNAR,strong,reference_30pct_recalibration,full_heldout,event_rate_se,300,0.023120716755174898,0.0008431870253676972,0.02122457550766333,0.02461325807569958,,,
VitalDB,0.75,mixed_MNAR,strong,reference_30pct_recalibration,full_heldout,reference_sample_n,300,98.0,0.0,98.0,98.0,,,
VitalDB,0.75,mixed_MNAR,strong,reference_30pct_recalibration,full_heldout,evaluation_n,300,226.0,0.0,226.0,226.0,,,
VitalDB,0.75,mixed_MNAR,weak,AIPW_design_probability,reconstructed,event_rate,300,0.13180813793597076,0.008511405864429418,0.11425661755325042,0.1476216446895368,0.1419753086419753,-0.010167170706004536,0.013250430553562524
VitalDB,0.75,mixed_MNAR,weak,AIPW_design_probability,reconstructed,oe,300,1.3153166204096836,0.08493552653004491,1.140169570808953,1.4731199896525615,1.4167750646420612,-0.1014584442323776,0.13222636938510904
VitalDB,0.75,mixed_MNAR,weak,AIPW_design_probability,reconstructed,outcome_observed_fraction,300,0.7855555555555557,0.01920337860108398,0.75,0.8271604938271605,,,
VitalDB,0.75,mixed_MNAR,weak,AIPW_design_probability,reconstructed,reconstructed_sensitivity,300,0.8444927536231884,0.0495751826555885,0.7494565217391305,0.9347826086956522,,,
VitalDB,0.75,mixed_MNAR,weak,AIPW_design_probability,reconstructed,ess,300,244.55940321542522,5.889824535597879,233.7617060852228,256.9445193252307,324.0,-79.44059678457478,79.65791120225278
VitalDB,0.75,mixed_MNAR,weak,AIPW_design_probability,reconstructed,event_rate_se,300,0.01983320550044395,0.0006158935123937718,0.01855800538083649,0.020936816268162756,0.019390267411834264,0.0004429380886096859,0.0007577958517225532
VitalDB,0.75,mixed_MNAR,weak,AIPW_design_probability,reconstructed,event_rate_interval_coverage,300,1.0,,,,,,
VitalDB,0.75,mixed_MNAR,weak,Gamma2_prediction_sensitivity_region,full,event_rate,300,0.13613165220248208,0.007145819166617542,0.12204782161609362,0.14897471818708985,0.1419753086419753,-0.005843656439493222,0.009221759216094434
VitalDB,0.75,mixed_MNAR,weak,Gamma2_prediction_sensitivity_region,full,outcome_observed_fraction,300,0.7855555555555557,0.01920337860108398,0.75,0.8271604938271605,,,
VitalDB,0.75,mixed_MNAR,weak,Gamma2_prediction_sensitivity_region,full,reconstructed_sensitivity,300,0.8444927536231884,0.0495751826555885,0.7494565217391305,0.9347826086956522,,,
VitalDB,0.75,mixed_MNAR,weak,Gamma2_prediction_sensitivity_region,full,MNAR_event_rate_coverage,300,0.6,,,,,,
VitalDB,0.75,mixed_MNAR,weak,IPAW_design_probability_truncated99,reconstructed,event_rate,300,0.1323841330196399,0.008871179871988176,0.11589003963757505,0.14792338091252155,0.1419753086419753,-0.009591175622335413,0.013054736919291493
VitalDB,0.75,mixed_MNAR,weak,IPAW_design_probability_truncated99,reconstructed,oe,300,1.3154291067328083,0.0864498760269929,1.139925596149753,1.4804369675244191,1.4167750646420612,-0.10134595790925283,0.13311525950372063
VitalDB,0.75,mixed_MNAR,weak,IPAW_design_probability_truncated99,reconstructed,brier,300,0.10362226314672479,0.007355807192014528,0.08857286813809692,0.11618220610555913,0.11053590028892503,-0.006913637142200238,0.010085926745484669
VitalDB,0.75,mixed_MNAR,weak,IPAW_design_probability_truncated99,reconstructed,auc,300,0.7090681414831944,0.023683731173990093,0.6638113026753081,0.7613449862527845,0.7044103847356897,0.004657756747504682,0.024098632530353593
VitalDB,0.75,mixed_MNAR,weak,IPAW_design_probability_truncated99,reconstructed,calibration_intercept,300,-0.2909130188595489,0.13629958396159395,-0.5326935251633149,-0.016591086832467513,-0.22511057884817762,-0.06580244001137128,0.15114765113709192
VitalDB,0.75,mixed_MNAR,weak,IPAW_design_probability_truncated99,reconstructed,calibration_slope,300,0.6733543404596877,0.07406476225456701,0.5453701647813471,0.8344014713567384,0.6581631632744903,0.015191177185197358,0.07548559846358008
VitalDB,0.75,mixed_MNAR,weak,IPAW_design_probability_truncated99,reconstructed,outcome_observed_fraction,300,0.7855555555555557,0.01920337860108398,0.75,0.8271604938271605,,,
VitalDB,0.75,mixed_MNAR,weak,IPAW_design_probability_truncated99,reconstructed,reconstructed_sensitivity,300,0.8444927536231884,0.0495751826555885,0.7494565217391305,0.9347826086956522,,,
VitalDB,0.75,mixed_MNAR,weak,IPAW_design_probability_truncated99,reconstructed,ess,300,245.09027205118264,5.904668678989993,234.31003742150747,257.5584303556707,324.0,-78.90972794881736,79.12960293167353
VitalDB,0.75,mixed_MNAR,weak,IPAW_design_probability_truncated99,reconstructed,event_rate_se,300,0.020006435783920282,0.0007820332858369731,0.018515235072369365,0.021481535540381524,0.019390267411834264,0.0006161683720860185,0.0009945858113048457
VitalDB,0.75,mixed_MNAR,weak,IPAW_design_probability_truncated99,reconstructed,weight_p99,300,2.0550150390808466,0.06350928863116834,1.868185218744824,2.146184301398195,,,
VitalDB,0.75,mixed_MNAR,weak,IPAW_design_probability_truncated99,reconstructed,weight_max,300,2.0663479938815197,0.0627128294886383,1.8984575033803182,2.1813202194493773,,,
VitalDB,0.75,mixed_MNAR,weak,IPAW_design_probability_truncated99,reconstructed,event_rate_interval_coverage,300,0.9966666666666667,,,,,,
VitalDB,0.75,mixed_MNAR,weak,IPAW_design_probability_untruncated,reconstructed,event_rate,300,0.13218139176976532,0.008859286797167763,0.11563985082686845,0.14774932214610317,0.1419753086419753,-0.009793916872209985,0.0131964444850011
VitalDB,0.75,mixed_MNAR,weak,IPAW_design_probability_untruncated,reconstructed,oe,300,1.3151811898405303,0.08643316396448235,1.1397633510275496,1.4800977328176332,1.4167750646420612,-0.10159387480153081,0.1332933041228649
VitalDB,0.75,mixed_MNAR,weak,IPAW_design_probability_untruncated,reconstructed,brier,300,0.10346407405610283,0.0073477717828596325,0.08849785908796533,0.1160242585649115,0.11053590028892503,-0.007071826232822195,0.010189235035384664
VitalDB,0.75,mixed_MNAR,weak,IPAW_design_probability_untruncated,reconstructed,auc,300,0.7095177404386773,0.02367635500328471,0.6641357191760215,0.7617277820628521,0.7044103847356897,0.005107355702987593,0.024182355190598498
VitalDB,0.75,mixed_MNAR,weak,IPAW_design_probability_untruncated,reconstructed,calibration_intercept,300,-0.28978774247008116,0.13629151180398505,-0.5313705439822985,-0.015075657003638405,-0.22511057884817762,-0.06467716362190354,0.15065388731578605
VitalDB,0.75,mixed_MNAR,weak,IPAW_design_probability_untruncated,reconstructed,calibration_slope,300,0.6741397394515262,0.07401462917527231,0.5459728185674082,0.8348888487596188,0.6581631632744903,0.01597657617703585,0.07559864924181642
VitalDB,0.75,mixed_MNAR,weak,IPAW_design_probability_untruncated,reconstructed,outcome_observed_fraction,300,0.7855555555555557,0.01920337860108398,0.75,0.8271604938271605,,,
VitalDB,0.75,mixed_MNAR,weak,IPAW_design_probability_untruncated,reconstructed,reconstructed_sensitivity,300,0.8444927536231884,0.0495751826555885,0.7494565217391305,0.9347826086956522,,,
VitalDB,0.75,mixed_MNAR,weak,IPAW_design_probability_untruncated,reconstructed,ess,300,244.55940321542522,5.889824535597879,233.7617060852228,256.9445193252307,324.0,-79.44059678457478,79.65791120225278
VitalDB,0.75,mixed_MNAR,weak,IPAW_design_probability_untruncated,reconstructed,event_rate_se,300,0.019984226003368574,0.0007822162042969945,0.018492519974412182,0.021456020350748103,0.019390267411834264,0.0005939585915343097,0.0009811266269386435
VitalDB,0.75,mixed_MNAR,weak,IPAW_design_probability_untruncated,reconstructed,weight_p99,300,2.0663479938815197,0.0627128294886383,1.8984575033803182,2.1813202194493773,,,
VitalDB,0.75,mixed_MNAR,weak,IPAW_design_probability_untruncated,reconstructed,weight_max,300,2.4111677142257855,0.2057392242141852,2.085092411260593,2.613238028087791,,,
VitalDB,0.75,mixed_MNAR,weak,IPAW_design_probability_untruncated,reconstructed,event_rate_interval_coverage,300,0.9966666666666667,,,,,,
VitalDB,0.75,mixed_MNAR,weak,full_reference,full,event_rate,300,0.1419753086419753,0.0,0.1419753086419753,0.1419753086419753,0.1419753086419753,0.0,0.0
VitalDB,0.75,mixed_MNAR,weak,full_reference,full,oe,300,1.4167750646420616,4.448312140598118e-16,1.4167750646420612,1.4167750646420612,1.4167750646420612,4.440892098500626e-16,0.0
VitalDB,0.75,mixed_MNAR,weak,full_reference,full,brier,300,0.11053590028892503,0.0,0.11053590028892503,0.11053590028892503,0.11053590028892503,0.0,0.0
VitalDB,0.75,mixed_MNAR,weak,full_reference,full,auc,300,0.7044103847356897,0.0,0.7044103847356897,0.7044103847356897,0.7044103847356897,0.0,0.0
VitalDB,0.75,mixed_MNAR,weak,full_reference,full,calibration_intercept,300,-0.2251105788481776,2.7801950878738235e-17,-0.22511057884817762,-0.22511057884817762,-0.22511057884817762,2.7755575615628914e-17,0.0
VitalDB,0.75,mixed_MNAR,weak,full_reference,full,calibration_slope,300,0.6581631632744902,1.1120780351495294e-16,0.6581631632744903,0.6581631632744903,0.6581631632744903,-1.1102230246251565e-16,0.0
VitalDB,0.75,mixed_MNAR,weak,full_reference,full,outcome_observed_fraction,300,0.7855555555555557,0.01920337860108398,0.75,0.8271604938271605,,,
VitalDB,0.75,mixed_MNAR,weak,full_reference,full,reconstructed_sensitivity,300,0.8444927536231884,0.0495751826555885,0.7494565217391305,0.9347826086956522,,,
VitalDB,0.75,mixed_MNAR,weak,full_reference,full,ess,300,324.0,0.0,324.0,324.0,324.0,0.0,0.0
VitalDB,0.75,mixed_MNAR,weak,full_reference,full,event_rate_se,300,0.01939026741183426,3.475243859842279e-18,0.019390267411834264,0.019390267411834264,0.019390267411834264,-3.469446951953614e-18,0.0
VitalDB,0.75,mixed_MNAR,weak,full_reference,full,event_rate_interval_coverage,300,1.0,,,,,,
VitalDB,0.75,mixed_MNAR,weak,naive,reconstructed,event_rate,300,0.15559060168497008,0.009349863925680192,0.13919573643410854,0.17262343491613513,0.1419753086419753,0.013615293042994775,0.016507718201614906
VitalDB,0.75,mixed_MNAR,weak,naive,reconstructed,oe,300,1.3841653953829862,0.08211778954064149,1.2222301946403895,1.5352105798452098,1.4167750646420612,-0.032609669259074936,0.08822836344980306
VitalDB,0.75,mixed_MNAR,weak,naive,reconstructed,brier,300,0.1188441575394529,0.007525183960657464,0.1044591768013702,0.13165679975100938,0.11053590028892503,0.008308257250527876,0.011201195064391411
VitalDB,0.75,mixed_MNAR,weak,naive,reconstructed,auc,300,0.7043856347474863,0.021927103700799654,0.6606770342593237,0.7493112830695067,0.7044103847356897,-2.4749988203454087e-05,0.021890542014269983
VitalDB,0.75,mixed_MNAR,weak,naive,reconstructed,calibration_intercept,300,-0.22310797371552535,0.1274604927355042,-0.4524085568827664,0.03726084615870029,-0.22511057884817762,0.0020026051326522687,0.12726363860768292
VitalDB,0.75,mixed_MNAR,weak,naive,reconstructed,calibration_slope,300,0.6506060206509235,0.0683587073343204,0.5313361751792216,0.7991958405494629,0.6581631632744903,-0.0075571426235667705,0.0686618299845273
VitalDB,0.75,mixed_MNAR,weak,naive,reconstructed,outcome_observed_fraction,300,0.7855555555555557,0.01920337860108398,0.75,0.8271604938271605,,,
VitalDB,0.75,mixed_MNAR,weak,naive,reconstructed,reconstructed_sensitivity,300,0.8444927536231884,0.0495751826555885,0.7494565217391305,0.9347826086956522,,,
VitalDB,0.75,mixed_MNAR,weak,naive,reconstructed,ess,300,254.52,6.2218946667512105,243.0,268.0,324.0,-69.47999999999999,69.75710238630424
VitalDB,0.75,mixed_MNAR,weak,naive,reconstructed,event_rate_se,300,0.022712667663804257,0.0006956524192744418,0.021463235202961138,0.023972856032884824,0.019390267411834264,0.003322400251969993,0.003394210160715529
VitalDB,0.75,mixed_MNAR,weak,naive,reconstructed,event_rate_interval_coverage,300,1.0,,,,,,
VitalDB,0.75,mixed_MNAR,weak,recalibration_intercept_apparent,reconstructed,event_rate,300,0.15559060168497008,0.009349863925680192,0.13919573643410854,0.17262343491613513,,,
VitalDB,0.75,mixed_MNAR,weak,recalibration_intercept_apparent,reconstructed,oe,300,0.9994117643933942,0.018012060282462758,0.9577922665776868,1.0366192825232097,1.0,-0.0005882356066058136,0.017991633862137733
VitalDB,0.75,mixed_MNAR,weak,recalibration_intercept_apparent,reconstructed,brier,300,0.12053719580567232,0.007990237494407564,0.10511764438037702,0.1346177105410144,,,
VitalDB,0.75,mixed_MNAR,weak,recalibration_intercept_apparent,reconstructed,auc,300,0.6939340866576207,0.02724085985654849,0.6395830439269098,0.7441364158275924,,,
VitalDB,0.75,mixed_MNAR,weak,recalibration_intercept_apparent,reconstructed,calibration_intercept,300,-0.5818636913288864,0.13224168688589427,-0.8501757900486889,-0.33972973084265307,0.0,-0.5818636913288864,0.5966531037027599
VitalDB,0.75,mixed_MNAR,weak,recalibration_intercept_apparent,reconstructed,calibration_slope,300,0.6149811493377922,0.08570191135426837,0.4367056041567652,0.7750314944748226,1.0,-0.38501885066220776,0.3944107633542172
VitalDB,0.75,mixed_MNAR,weak,recalibration_intercept_apparent,reconstructed,outcome_observed_fraction,300,0.7855555555555557,0.01920337860108398,0.75,0.8271604938271605,,,
VitalDB,0.75,mixed_MNAR,weak,recalibration_intercept_apparent,reconstructed,reconstructed_sensitivity,300,0.8444927536231884,0.0495751826555885,0.7494565217391305,0.9347826086956522,,,
VitalDB,0.75,mixed_MNAR,weak,recalibration_intercept_apparent,reconstructed,ess,300,254.52,6.2218946667512105,243.0,268.0,,,
VitalDB,0.75,mixed_MNAR,weak,recalibration_intercept_apparent,reconstructed,event_rate_se,300,0.022712667663804257,0.0006956524192744418,0.021463235202961138,0.023972856032884824,,,
VitalDB,0.75,mixed_MNAR,weak,recalibration_intercept_slope_apparent,reconstructed,event_rate,300,0.15559060168497008,0.009349863925680192,0.13919573643410854,0.17262343491613513,,,
VitalDB,0.75,mixed_MNAR,weak,recalibration_intercept_slope_apparent,reconstructed,oe,300,1.0013854313146378,0.02644129344373429,0.9529969917977953,1.0609334175279719,1.0,0.0013854313146377528,0.02643351935659191
VitalDB,0.75,mixed_MNAR,weak,recalibration_intercept_slope_apparent,reconstructed,brier,300,0.11954263123655005,0.0077847875239252205,0.1042407198163495,0.13491209170276022,,,
VitalDB,0.75,mixed_MNAR,weak,recalibration_intercept_slope_apparent,reconstructed,auc,300,0.6833394601052296,0.0315740413018538,0.6176507538419842,0.7448107054454156,,,
VitalDB,0.75,mixed_MNAR,weak,recalibration_intercept_slope_apparent,reconstructed,calibration_intercept,300,-0.2559638670235508,0.2467073566282888,-0.8269774533347874,0.03994498823264755,0.0,-0.2559638670235508,0.3552170312688464
VitalDB,0.75,mixed_MNAR,weak,recalibration_intercept_slope_apparent,reconstructed,calibration_slope,300,0.835987665646828,0.15221412872892096,0.4733697050453642,1.011875947718019,1.0,-0.16401233435317197,0.22358881084421958
VitalDB,0.75,mixed_MNAR,weak,recalibration_intercept_slope_apparent,reconstructed,outcome_observed_fraction,300,0.7855555555555557,0.01920337860108398,0.75,0.8271604938271605,,,
VitalDB,0.75,mixed_MNAR,weak,recalibration_intercept_slope_apparent,reconstructed,reconstructed_sensitivity,300,0.8444927536231884,0.0495751826555885,0.7494565217391305,0.9347826086956522,,,
VitalDB,0.75,mixed_MNAR,weak,recalibration_intercept_slope_apparent,reconstructed,ess,300,254.52,6.2218946667512105,243.0,268.0,,,
VitalDB,0.75,mixed_MNAR,weak,recalibration_intercept_slope_apparent,reconstructed,event_rate_se,300,0.022712667663804257,0.0006956524192744418,0.021463235202961138,0.023972856032884824,,,
VitalDB,0.75,mixed_MNAR,weak,recalibration_intercept_slope_truth,full,event_rate,300,0.1419753086419753,0.0,0.1419753086419753,0.1419753086419753,,,
VitalDB,0.75,mixed_MNAR,weak,recalibration_intercept_slope_truth,full,oe,300,0.9879495098891046,0.06824018766559843,0.8612425090029324,1.1361952069168033,1.0,-0.012050490110895429,0.06918392236524386
VitalDB,0.75,mixed_MNAR,weak,recalibration_intercept_slope_truth,full,brier,300,0.11130489008597792,0.0028699916420203905,0.1085651866472687,0.11864670365136148,,,
VitalDB,0.75,mixed_MNAR,weak,recalibration_intercept_slope_truth,full,auc,300,0.6851399749765406,0.01987237338683984,0.6342117610259619,0.7061346574913981,,,
VitalDB,0.75,mixed_MNAR,weak,recalibration_intercept_slope_truth,full,calibration_intercept,300,-0.2455106065828374,0.26820216879095105,-0.9027342803241954,0.21871055851365212,0.0,-0.2455106065828374,0.36327412048070346
VitalDB,0.75,mixed_MNAR,weak,recalibration_intercept_slope_truth,full,calibration_slope,300,0.8628407651922579,0.16091400261586744,0.4615976539247061,1.1521228741736411,1.0,-0.13715923480774206,0.21123366416548875
VitalDB,0.75,mixed_MNAR,weak,recalibration_intercept_slope_truth,full,outcome_observed_fraction,300,0.7855555555555557,0.01920337860108398,0.75,0.8271604938271605,,,
VitalDB,0.75,mixed_MNAR,weak,recalibration_intercept_slope_truth,full,reconstructed_sensitivity,300,0.8444927536231884,0.0495751826555885,0.7494565217391305,0.9347826086956522,,,
VitalDB,0.75,mixed_MNAR,weak,recalibration_intercept_slope_truth,full,ess,300,324.0,0.0,324.0,324.0,,,
VitalDB,0.75,mixed_MNAR,weak,recalibration_intercept_slope_truth,full,event_rate_se,300,0.01939026741183426,3.475243859842279e-18,0.019390267411834264,0.019390267411834264,,,
VitalDB,0.75,mixed_MNAR,weak,recalibration_intercept_truth,full,event_rate,300,0.1419753086419753,0.0,0.1419753086419753,0.1419753086419753,,,
VitalDB,0.75,mixed_MNAR,weak,recalibration_intercept_truth,full,oe,300,1.0159201222297947,0.06622399471957585,0.9028384434114514,1.1542135543931427,1.0,0.015920122229794664,0.06800330171034305
VitalDB,0.75,mixed_MNAR,weak,recalibration_intercept_truth,full,brier,300,0.1117165653544013,0.0021938970048833383,0.1098659019428641,0.11769730952655952,,,
VitalDB,0.75,mixed_MNAR,weak,recalibration_intercept_truth,full,auc,300,0.6954423417787509,0.013576266144948126,0.6592274006881452,0.706183531435721,,,
VitalDB,0.75,mixed_MNAR,weak,recalibration_intercept_truth,full,calibration_intercept,300,-0.5877495940464816,0.09999711166968173,-0.858065275271179,-0.42355422603212606,0.0,-0.5877495940464816,0.5961674900866997
VitalDB,0.75,mixed_MNAR,weak,recalibration_intercept_truth,full,calibration_slope,300,0.6261899441888691,0.04749413635619781,0.5042851004278341,0.6606922300915181,1.0,-0.3738100558111309,0.3768051642919912
VitalDB,0.75,mixed_MNAR,weak,recalibration_intercept_truth,full,outcome_observed_fraction,300,0.7855555555555557,0.01920337860108398,0.75,0.8271604938271605,,,
VitalDB,0.75,mixed_MNAR,weak,recalibration_intercept_truth,full,reconstructed_sensitivity,300,0.8444927536231884,0.0495751826555885,0.7494565217391305,0.9347826086956522,,,
VitalDB,0.75,mixed_MNAR,weak,recalibration_intercept_truth,full,ess,300,324.0,0.0,324.0,324.0,,,
VitalDB,0.75,mixed_MNAR,weak,recalibration_intercept_truth,full,event_rate_se,300,0.01939026741183426,3.475243859842279e-18,0.019390267411834264,0.019390267411834264,,,
VitalDB,0.75,mixed_MNAR,weak,reference_05pct_recalibration,full_heldout,event_rate,298,0.14229785874081177,0.006194125259931694,0.1292517006802721,0.15306122448979592,,,
VitalDB,0.75,mixed_MNAR,weak,reference_05pct_recalibration,full_heldout,oe,298,1.5293104351219438,2.993201426013812,0.47683418969295704,4.502756934232726,1.0,0.5293104351219438,3.0346926862658594
VitalDB,0.75,mixed_MNAR,weak,reference_05pct_recalibration,full_heldout,brier,298,0.12164969085146601,0.013092271926980452,0.10725166752958673,0.15318100762859435,,,
VitalDB,0.75,mixed_MNAR,weak,reference_05pct_recalibration,full_heldout,auc,298,0.6458162167530697,0.14317596028606794,0.2696810533156352,0.7295353335124843,,,
VitalDB,0.75,mixed_MNAR,weak,reference_05pct_recalibration,full_heldout,calibration_intercept,298,-1.7461080082088685,20.036763756383266,-22.168197335174415,12.487624924173968,0.0,-1.7461080082088685,20.079182599358163
VitalDB,0.75,mixed_MNAR,weak,reference_05pct_recalibration,full_heldout,calibration_slope,298,0.2623878930293341,11.219666388145022,-8.814934468900757,6.027804804498931,1.0,-0.7376121069706659,11.225086472165358
VitalDB,0.75,mixed_MNAR,weak,reference_05pct_recalibration,full_heldout,outcome_observed_fraction,298,0.7855870411798824,0.01925739476343713,0.75,0.8271604938271605,,,
VitalDB,0.75,mixed_MNAR,weak,reference_05pct_recalibration,full_heldout,reconstructed_sensitivity,298,0.8444703822585351,0.049452318096620436,0.7483695652173913,0.9347826086956522,,,
VitalDB,0.75,mixed_MNAR,weak,reference_05pct_recalibration,full_heldout,ess,298,294.0,0.0,294.0,294.0,,,
VitalDB,0.75,mixed_MNAR,weak,reference_05pct_recalibration,full_heldout,event_rate_se,298,0.020368207962565724,0.0003738578303149117,0.019565492543623577,0.020998338616454712,,,
VitalDB,0.75,mixed_MNAR,weak,reference_05pct_recalibration,full_heldout,reference_sample_n,298,30.0,0.0,30.0,30.0,,,
VitalDB,0.75,mixed_MNAR,weak,reference_05pct_recalibration,full_heldout,evaluation_n,298,294.0,0.0,294.0,294.0,,,
VitalDB,0.75,mixed_MNAR,weak,reference_10pct_recalibration,full_heldout,event_rate,298,0.14198897576051106,0.006597498106032683,0.12714776632302405,0.15463917525773196,,,
VitalDB,0.75,mixed_MNAR,weak,reference_10pct_recalibration,full_heldout,oe,298,1.2882751747051344,0.945844172033,0.4813461565735947,3.565348896338265,1.0,0.2882751747051344,0.9872799448807799
VitalDB,0.75,mixed_MNAR,weak,reference_10pct_recalibration,full_heldout,brier,298,0.12074170593109151,0.01237187720669896,0.1071097238825416,0.1499773837176771,,,
VitalDB,0.75,mixed_MNAR,weak,reference_10pct_recalibration,full_heldout,auc,298,0.6495223540003484,0.1407926950383324,0.2665365853658537,0.7314596217174291,,,
VitalDB,0.75,mixed_MNAR,weak,reference_10pct_recalibration,full_heldout,calibration_intercept,298,0.11115237497673945,16.83447318574609,-14.608621890008154,13.014827487741233,0.0,0.11115237497673945,16.806571253549976
VitalDB,0.75,mixed_MNAR,weak,reference_10pct_recalibration,full_heldout,calibration_slope,298,1.060166198863698,8.885748787948533,-6.050037701424302,7.135100410391438,1.0,0.060166198863697895,8.871031320553866
VitalDB,0.75,mixed_MNAR,weak,reference_10pct_recalibration,full_heldout,outcome_observed_fraction,298,0.7855870411798824,0.01925739476343713,0.75,0.8271604938271605,,,
VitalDB,0.75,mixed_MNAR,weak,reference_10pct_recalibration,full_heldout,reconstructed_sensitivity,298,0.8444703822585351,0.049452318096620436,0.7483695652173913,0.9347826086956522,,,
VitalDB,0.75,mixed_MNAR,weak,reference_10pct_recalibration,full_heldout,ess,298,291.0,0.0,291.0,291.0,,,
VitalDB,0.75,mixed_MNAR,weak,reference_10pct_recalibration,full_heldout,event_rate_se,298,0.02045345415066404,0.00040120463697897716,0.01952892047330169,0.021195044218573513,,,
VitalDB,0.75,mixed_MNAR,weak,reference_10pct_recalibration,full_heldout,reference_sample_n,298,33.0,0.0,33.0,33.0,,,
VitalDB,0.75,mixed_MNAR,weak,reference_10pct_recalibration,full_heldout,evaluation_n,298,291.0,0.0,291.0,291.0,,,
VitalDB,0.75,mixed_MNAR,weak,reference_20pct_recalibration,full_heldout,event_rate,300,0.14194337194337192,0.010045949586943468,0.11969111969111969,0.1583011583011583,,,
VitalDB,0.75,mixed_MNAR,weak,reference_20pct_recalibration,full_heldout,oe,300,1.1167730222573546,0.44986639650988874,0.5151341312521716,2.2536795218918715,1.0,0.11677302225735464,0.46404861187905716
VitalDB,0.75,mixed_MNAR,weak,reference_20pct_recalibration,full_heldout,brier,300,0.11451704807543236,0.009011780632834194,0.10275212706127898,0.14049304623017825,,,
VitalDB,0.75,mixed_MNAR,weak,reference_20pct_recalibration,full_heldout,auc,300,0.686305360189473,0.09150967208118435,0.2652295033978366,0.7493810853190304,,,
VitalDB,0.75,mixed_MNAR,weak,reference_20pct_recalibration,full_heldout,calibration_intercept,300,-1.4323611105483287,21.500544353515398,-13.359692928169743,7.5166149999790015,0.0,-1.4323611105483287,21.512418610890062
VitalDB,0.75,mixed_MNAR,weak,reference_20pct_recalibration,full_heldout,calibration_slope,300,0.3735259528014748,10.181694135431519,-6.1390315426186195,5.008350604571325,1.0,-0.6264740471985252,10.183997686619382
VitalDB,0.75,mixed_MNAR,weak,reference_20pct_recalibration,full_heldout,outcome_observed_fraction,300,0.7855555555555557,0.01920337860108398,0.75,0.8271604938271605,,,
VitalDB,0.75,mixed_MNAR,weak,reference_20pct_recalibration,full_heldout,reconstructed_sensitivity,300,0.8444927536231884,0.0495751826555885,0.7494565217391305,0.9347826086956522,,,
VitalDB,0.75,mixed_MNAR,weak,reference_20pct_recalibration,full_heldout,ess,300,259.0,0.0,259.0,259.0,,,
VitalDB,0.75,mixed_MNAR,weak,reference_20pct_recalibration,full_heldout,event_rate_se,300,0.021666719331117065,0.0006473169335684598,0.020169662179260833,0.02268143506161645,,,
VitalDB,0.75,mixed_MNAR,weak,reference_20pct_recalibration,full_heldout,reference_sample_n,300,65.0,0.0,65.0,65.0,,,
VitalDB,0.75,mixed_MNAR,weak,reference_20pct_recalibration,full_heldout,evaluation_n,300,259.0,0.0,259.0,259.0,,,
VitalDB,0.75,mixed_MNAR,weak,reference_30pct_recalibration,full_heldout,event_rate,300,0.14200589970501473,0.01325060443766389,0.11946902654867257,0.168141592920354,,,
VitalDB,0.75,mixed_MNAR,weak,reference_30pct_recalibration,full_heldout,oe,300,1.0781097575161107,0.36388913258383254,0.6064819655186146,2.021463742301606,1.0,0.07810975751611071,0.37158451353063354
VitalDB,0.75,mixed_MNAR,weak,reference_30pct_recalibration,full_heldout,brier,300,0.11276161001624345,0.01020638449789864,0.09782995187008783,0.13422353589299058,,,
VitalDB,0.75,mixed_MNAR,weak,reference_30pct_recalibration,full_heldout,auc,300,0.7075900458044505,0.031692403548044826,0.644586191796818,0.768404208502376,,,
VitalDB,0.75,mixed_MNAR,weak,reference_30pct_recalibration,full_heldout,calibration_intercept,300,1.1170845365624078,5.393861777515108,-1.0427663402469525,9.85501851025478,0.0,1.1170845365624078,5.499513031822196
VitalDB,0.75,mixed_MNAR,weak,reference_30pct_recalibration,full_heldout,calibration_slope,300,1.5974705459831835,2.920229704124646,0.40127039728773345,6.726926302185293,1.0,0.5974705459831835,2.9759514063718386
VitalDB,0.75,mixed_MNAR,weak,reference_30pct_recalibration,full_heldout,outcome_observed_fraction,300,0.7855555555555557,0.01920337860108398,0.75,0.8271604938271605,,,
VitalDB,0.75,mixed_MNAR,weak,reference_30pct_recalibration,full_heldout,reconstructed_sensitivity,300,0.8444927536231884,0.0495751826555885,0.7494565217391305,0.9347826086956522,,,
VitalDB,0.75,mixed_MNAR,weak,reference_30pct_recalibration,full_heldout,ess,300,226.0,0.0,226.0,226.0,,,
VitalDB,0.75,mixed_MNAR,weak,reference_30pct_recalibration,full_heldout,event_rate_se,300,0.023184431488753456,0.000909187320978908,0.021574749482665086,0.024877576146280455,,,
VitalDB,0.75,mixed_MNAR,weak,reference_30pct_recalibration,full_heldout,reference_sample_n,300,98.0,0.0,98.0,98.0,,,
VitalDB,0.75,mixed_MNAR,weak,reference_30pct_recalibration,full_heldout,evaluation_n,300,226.0,0.0,226.0,226.0,,,
VitalDB,0.75,outcome_MNAR,strong,AIPW_design_probability,reconstructed,event_rate,300,0.14305775353889552,0.004929719247872226,0.13135737602516212,0.15169045004025267,0.1419753086419753,0.0010824448969202205,0.005039128070559539
VitalDB,0.75,outcome_MNAR,strong,AIPW_design_probability,reconstructed,oe,300,1.4275768086458227,0.04919378850363325,1.310818456317401,1.5137226973974216,1.4167750646420612,0.010801744003761549,0.05028558181134225
VitalDB,0.75,outcome_MNAR,strong,AIPW_design_probability,reconstructed,outcome_observed_fraction,300,0.7757818930041152,0.020883248965607948,0.7298611111111112,0.8148148148148148,,,
VitalDB,0.75,outcome_MNAR,strong,AIPW_design_probability,reconstructed,reconstructed_sensitivity,300,0.9785507246376812,0.02155464348523306,0.9347826086956522,1.0,,,
VitalDB,0.75,outcome_MNAR,strong,AIPW_design_probability,reconstructed,ess,300,242.06104015465354,6.494987403108616,227.45223212493786,254.04585574751397,324.0,-81.93895984534646,82.19511777289013
VitalDB,0.75,outcome_MNAR,strong,AIPW_design_probability,reconstructed,event_rate_se,300,0.01983709441515885,0.0002222384436010141,0.01927343531255506,0.02014385444373376,0.019390267411834264,0.00044682700332458747,0.000498878405654309
VitalDB,0.75,outcome_MNAR,strong,AIPW_design_probability,reconstructed,event_rate_interval_coverage,300,1.0,,,,,,
VitalDB,0.75,outcome_MNAR,strong,Gamma2_prediction_sensitivity_region,full,event_rate,300,0.15863499597464903,0.004299838928300453,0.148228399397438,0.16598822289177945,0.1419753086419753,0.016659687332673728,0.017203841667364494
VitalDB,0.75,outcome_MNAR,strong,Gamma2_prediction_sensitivity_region,full,outcome_observed_fraction,300,0.7757818930041152,0.020883248965607948,0.7298611111111112,0.8148148148148148,,,
VitalDB,0.75,outcome_MNAR,strong,Gamma2_prediction_sensitivity_region,full,reconstructed_sensitivity,300,0.9785507246376812,0.02155464348523306,0.9347826086956522,1.0,,,
VitalDB,0.75,outcome_MNAR,strong,Gamma2_prediction_sensitivity_region,full,MNAR_event_rate_coverage,300,0.05333333333333334,,,,,,
VitalDB,0.75,outcome_MNAR,strong,IPAW_design_probability_truncated99,reconstructed,event_rate,300,0.14334032076665948,0.00585202743824056,0.13097701151782187,0.1533821357147263,0.1419753086419753,0.0013650121246841784,0.005999610750262231
VitalDB,0.75,outcome_MNAR,strong,IPAW_design_probability_truncated99,reconstructed,oe,300,1.431378722895721,0.059337220081796115,1.309445511392841,1.5428029024053966,1.4167750646420612,0.014603658253659946,0.061011770742497515
VitalDB,0.75,outcome_MNAR,strong,IPAW_design_probability_truncated99,reconstructed,brier,300,0.111848289358444,0.004454244276377787,0.10234672339235801,0.11992974769386235,0.11053590028892503,0.001312389069518971,0.00463643428040612
VitalDB,0.75,outcome_MNAR,strong,IPAW_design_probability_truncated99,reconstructed,auc,300,0.7042736836638669,0.010465401386415742,0.6855083496087916,0.7258006688830764,0.7044103847356897,-0.0001367010718228423,0.010448838752443613
VitalDB,0.75,outcome_MNAR,strong,IPAW_design_probability_truncated99,reconstructed,calibration_intercept,300,-0.22152767146577926,0.08750782897869284,-0.39247782975373974,-0.04316207532712465,-0.22511057884817762,0.0035829073823983593,0.08743530155167946
VitalDB,0.75,outcome_MNAR,strong,IPAW_design_probability_truncated99,reconstructed,calibration_slope,300,0.6537140464586447,0.03215410288670122,0.5992830269153308,0.7196299597045321,0.6581631632744903,-0.0044491168158455885,0.03240732455965441
VitalDB,0.75,outcome_MNAR,strong,IPAW_design_probability_truncated99,reconstructed,outcome_observed_fraction,300,0.7757818930041152,0.020883248965607948,0.7298611111111112,0.8148148148148148,,,
VitalDB,0.75,outcome_MNAR,strong,IPAW_design_probability_truncated99,reconstructed,reconstructed_sensitivity,300,0.9785507246376812,0.02155464348523306,0.9347826086956522,1.0,,,
VitalDB,0.75,outcome_MNAR,strong,IPAW_design_probability_truncated99,reconstructed,ess,300,242.34303932870458,6.503990433459386,227.66961236649857,254.4008073287913,324.0,-81.65696067129542,81.91471242290251
VitalDB,0.75,outcome_MNAR,strong,IPAW_design_probability_truncated99,reconstructed,event_rate_se,300,0.020137073502662837,0.0006397427364483138,0.01892480110881474,0.021399203366946385,0.019390267411834264,0.000746806090828573,0.0009826626431491666
VitalDB,0.75,outcome_MNAR,strong,IPAW_design_probability_truncated99,reconstructed,weight_p99,300,1.9816385363898144,0.05012400790062101,1.8894364986429477,2.0820422900767577,,,
VitalDB,0.75,outcome_MNAR,strong,IPAW_design_probability_truncated99,reconstructed,weight_max,300,1.9918822673786662,0.049818182275407186,1.8957221230895378,2.0864417107439643,,,
VitalDB,0.75,outcome_MNAR,strong,IPAW_design_probability_truncated99,reconstructed,event_rate_interval_coverage,300,1.0,,,,,,
VitalDB,0.75,outcome_MNAR,strong,IPAW_design_probability_untruncated,reconstructed,event_rate,300,0.14319305126759854,0.005840460927706223,0.13091228997281698,0.15319235930999722,0.1419753086419753,0.0012177426256232415,0.005956523958722006
VitalDB,0.75,outcome_MNAR,strong,IPAW_design_probability_untruncated,reconstructed,oe,300,1.4295873204125826,0.05939656390968619,1.306895559085735,1.5409773938988751,1.4167750646420612,0.012812255770521475,0.06066585417563246
VitalDB,0.75,outcome_MNAR,strong,IPAW_design_probability_untruncated,reconstructed,brier,300,0.11175655820418481,0.004445111086265567,0.10227154959620961,0.11980376915453762,0.11053590028892503,0.0012206579152597846,0.00460251615315977
VitalDB,0.75,outcome_MNAR,strong,IPAW_design_probability_untruncated,reconstructed,auc,300,0.704092389862804,0.010504930006901763,0.6853442069573854,0.7258433830919216,0.7044103847356897,-0.0003179948728857518,0.010492227123332157
VitalDB,0.75,outcome_MNAR,strong,IPAW_design_probability_untruncated,reconstructed,calibration_intercept,300,-0.22388527703726027,0.08801233434653331,-0.39712055871723984,-0.04852745363677048,-0.22511057884817762,0.0012253018109173452,0.08787406779968357
VitalDB,0.75,outcome_MNAR,strong,IPAW_design_probability_untruncated,reconstructed,calibration_slope,300,0.6533550283261808,0.03228858494477984,0.5983194625422436,0.7191327678169617,0.6581631632744903,-0.0048081349483095615,0.03259134399946757
VitalDB,0.75,outcome_MNAR,strong,IPAW_design_probability_untruncated,reconstructed,outcome_observed_fraction,300,0.7757818930041152,0.020883248965607948,0.7298611111111112,0.8148148148148148,,,
VitalDB,0.75,outcome_MNAR,strong,IPAW_design_probability_untruncated,reconstructed,reconstructed_sensitivity,300,0.9785507246376812,0.02155464348523306,0.9347826086956522,1.0,,,
VitalDB,0.75,outcome_MNAR,strong,IPAW_design_probability_untruncated,reconstructed,ess,300,242.06104015465354,6.494987403108616,227.45223212493786,254.04585574751397,324.0,-81.93895984534646,82.19511777289013
VitalDB,0.75,outcome_MNAR,strong,IPAW_design_probability_untruncated,reconstructed,event_rate_se,300,0.020122156255499846,0.0006392393957979542,0.018908865118210168,0.021385716308514723,0.019390267411834264,0.0007318888436655818,0.0009710438685276491
VitalDB,0.75,outcome_MNAR,strong,IPAW_design_probability_untruncated,reconstructed,weight_p99,300,1.9918822673786662,0.049818182275407186,1.8957221230895378,2.0864417107439643,,,
VitalDB,0.75,outcome_MNAR,strong,IPAW_design_probability_untruncated,reconstructed,weight_max,300,2.209844298322928,0.09540131128033826,2.0165164175929764,2.291041711168201,,,
VitalDB,0.75,outcome_MNAR,strong,IPAW_design_probability_untruncated,reconstructed,event_rate_interval_coverage,300,1.0,,,,,,
VitalDB,0.75,outcome_MNAR,strong,full_reference,full,event_rate,300,0.1419753086419753,0.0,0.1419753086419753,0.1419753086419753,0.1419753086419753,0.0,0.0
VitalDB,0.75,outcome_MNAR,strong,full_reference,full,oe,300,1.4167750646420616,4.448312140598118e-16,1.4167750646420612,1.4167750646420612,1.4167750646420612,4.440892098500626e-16,0.0
VitalDB,0.75,outcome_MNAR,strong,full_reference,full,brier,300,0.11053590028892503,0.0,0.11053590028892503,0.11053590028892503,0.11053590028892503,0.0,0.0
VitalDB,0.75,outcome_MNAR,strong,full_reference,full,auc,300,0.7044103847356897,0.0,0.7044103847356897,0.7044103847356897,0.7044103847356897,0.0,0.0
VitalDB,0.75,outcome_MNAR,strong,full_reference,full,calibration_intercept,300,-0.2251105788481776,2.7801950878738235e-17,-0.22511057884817762,-0.22511057884817762,-0.22511057884817762,2.7755575615628914e-17,0.0
VitalDB,0.75,outcome_MNAR,strong,full_reference,full,calibration_slope,300,0.6581631632744902,1.1120780351495294e-16,0.6581631632744903,0.6581631632744903,0.6581631632744903,-1.1102230246251565e-16,0.0
VitalDB,0.75,outcome_MNAR,strong,full_reference,full,outcome_observed_fraction,300,0.7757818930041152,0.020883248965607948,0.7298611111111112,0.8148148148148148,,,
VitalDB,0.75,outcome_MNAR,strong,full_reference,full,reconstructed_sensitivity,300,0.9785507246376812,0.02155464348523306,0.9347826086956522,1.0,,,
VitalDB,0.75,outcome_MNAR,strong,full_reference,full,ess,300,324.0,0.0,324.0,324.0,324.0,0.0,0.0
VitalDB,0.75,outcome_MNAR,strong,full_reference,full,event_rate_se,300,0.01939026741183426,3.475243859842279e-18,0.019390267411834264,0.019390267411834264,0.019390267411834264,-3.469446951953614e-18,0.0
VitalDB,0.75,outcome_MNAR,strong,full_reference,full,event_rate_interval_coverage,300,1.0,,,,,,
VitalDB,0.75,outcome_MNAR,strong,naive,reconstructed,event_rate,300,0.18197242937228908,0.006593648107663997,0.16731477133291925,0.1934156378600823,0.1419753086419753,0.03999712073031378,0.04053518152706079
VitalDB,0.75,outcome_MNAR,strong,naive,reconstructed,oe,300,1.6598711243450797,0.06024836466809625,1.5315277051412624,1.772399682124088,1.4167750646420612,0.2430960597030185,0.25042655637298017
VitalDB,0.75,outcome_MNAR,strong,naive,reconstructed,brier,300,0.1391518194674574,0.0050004850788838255,0.12828660180529033,0.14811900376347287,0.11053590028892503,0.02861591917853236,0.02904810375830103
VitalDB,0.75,outcome_MNAR,strong,naive,reconstructed,auc,300,0.6935748764319034,0.010038629827346277,0.6749785903096196,0.7136521630781499,0.7044103847356897,-0.010835508303786323,0.014759621112431686
VitalDB,0.75,outcome_MNAR,strong,naive,reconstructed,calibration_intercept,300,-0.09439193881387432,0.07792946357882158,-0.2543783156152011,0.054637044226800234,-0.22511057884817762,0.13071864003430328,0.15211877204492227
VitalDB,0.75,outcome_MNAR,strong,naive,reconstructed,calibration_slope,300,0.5984144591986565,0.029121966421962433,0.5478921163763092,0.6588730730929718,0.6581631632744903,-0.05974870407583377,0.06644674261338317
VitalDB,0.75,outcome_MNAR,strong,naive,reconstructed,outcome_observed_fraction,300,0.7757818930041152,0.020883248965607948,0.7298611111111112,0.8148148148148148,,,
VitalDB,0.75,outcome_MNAR,strong,naive,reconstructed,reconstructed_sensitivity,300,0.9785507246376812,0.02155464348523306,0.9347826086956522,1.0,,,
VitalDB,0.75,outcome_MNAR,strong,naive,reconstructed,ess,300,251.35333333333332,6.766172664856976,236.475,264.0,324.0,-72.64666666666668,72.96003472221396
VitalDB,0.75,outcome_MNAR,strong,naive,reconstructed,event_rate_se,300,0.02433978756619212,0.0006270014074652599,0.02314314753845026,0.025606257465071672,0.019390267411834264,0.004949520154357855,0.0049889447869739785
VitalDB,0.75,outcome_MNAR,strong,naive,reconstructed,event_rate_interval_coverage,300,0.9433333333333334,,,,,,
VitalDB,0.75,outcome_MNAR,strong,recalibration_intercept_apparent,reconstructed,event_rate,300,0.18197242937228908,0.006593648107663997,0.16731477133291925,0.1934156378600823,,,
VitalDB,0.75,outcome_MNAR,strong,recalibration_intercept_apparent,reconstructed,oe,300,0.9970297993402977,0.01979641921225551,0.9536470400109642,1.037440170878252,1.0,-0.0029702006597023267,0.019985344085291533
VitalDB,0.75,outcome_MNAR,strong,recalibration_intercept_apparent,reconstructed,brier,300,0.13902044029495247,0.005647751332822614,0.12821683481335872,0.15125290288498464,,,
VitalDB,0.75,outcome_MNAR,strong,recalibration_intercept_apparent,reconstructed,auc,300,0.6825669762207834,0.017092589177299125,0.6435876231207549,0.7115177614729019,,,
VitalDB,0.75,outcome_MNAR,strong,recalibration_intercept_apparent,reconstructed,calibration_intercept,300,-0.5935195285118924,0.07582676047505237,-0.7886303893963906,-0.48245568092106444,0.0,-0.5935195285118924,0.5983276382304594
VitalDB,0.75,outcome_MNAR,strong,recalibration_intercept_apparent,reconstructed,calibration_slope,300,0.5631951327231393,0.052554440591225285,0.4354010047040069,0.6488210596730201,1.0,-0.43680486727686074,0.4399446041702596
VitalDB,0.75,outcome_MNAR,strong,recalibration_intercept_apparent,reconstructed,outcome_observed_fraction,300,0.7757818930041152,0.020883248965607948,0.7298611111111112,0.8148148148148148,,,
VitalDB,0.75,outcome_MNAR,strong,recalibration_intercept_apparent,reconstructed,reconstructed_sensitivity,300,0.9785507246376812,0.02155464348523306,0.9347826086956522,1.0,,,
VitalDB,0.75,outcome_MNAR,strong,recalibration_intercept_apparent,reconstructed,ess,300,251.35333333333332,6.766172664856976,236.475,264.0,,,
VitalDB,0.75,outcome_MNAR,strong,recalibration_intercept_apparent,reconstructed,event_rate_se,300,0.02433978756619212,0.0006270014074652599,0.02314314753845026,0.025606257465071672,,,
VitalDB,0.75,outcome_MNAR,strong,recalibration_intercept_slope_apparent,reconstructed,event_rate,300,0.18197242937228908,0.006593648107663997,0.16731477133291925,0.1934156378600823,,,
VitalDB,0.75,outcome_MNAR,strong,recalibration_intercept_slope_apparent,reconstructed,oe,300,1.0049085303702148,0.02481528854013745,0.9639477563242401,1.0680449087033848,1.0,0.00490853037021477,0.02525548562011485
VitalDB,0.75,outcome_MNAR,strong,recalibration_intercept_slope_apparent,reconstructed,brier,300,0.1370578290784812,0.006020750740981859,0.1266393554123352,0.1519710762456511,,,
VitalDB,0.75,outcome_MNAR,strong,recalibration_intercept_slope_apparent,reconstructed,auc,300,0.6724682018994952,0.024987706904326504,0.6124711532884216,0.7064032734999555,,,
VitalDB,0.75,outcome_MNAR,strong,recalibration_intercept_slope_apparent,reconstructed,calibration_intercept,300,-0.23677183401740048,0.2394722116545105,-0.7790736277189638,0.03469825661196351,0.0,-0.23677183401740048,0.3364768715253454
VitalDB,0.75,outcome_MNAR,strong,recalibration_intercept_slope_apparent,reconstructed,calibration_slope,300,0.8291698072953663,0.16555033131392752,0.45230090303799025,1.0192663289429156,1.0,-0.17083019270463373,0.23769415340655659
VitalDB,0.75,outcome_MNAR,strong,recalibration_intercept_slope_apparent,reconstructed,outcome_observed_fraction,300,0.7757818930041152,0.020883248965607948,0.7298611111111112,0.8148148148148148,,,
VitalDB,0.75,outcome_MNAR,strong,recalibration_intercept_slope_apparent,reconstructed,reconstructed_sensitivity,300,0.9785507246376812,0.02155464348523306,0.9347826086956522,1.0,,,
VitalDB,0.75,outcome_MNAR,strong,recalibration_intercept_slope_apparent,reconstructed,ess,300,251.35333333333332,6.766172664856976,236.475,264.0,,,
VitalDB,0.75,outcome_MNAR,strong,recalibration_intercept_slope_apparent,reconstructed,event_rate_se,300,0.02433978756619212,0.0006270014074652599,0.02314314753845026,0.025606257465071672,,,
VitalDB,0.75,outcome_MNAR,strong,recalibration_intercept_slope_truth,full,event_rate,300,0.1419753086419753,0.0,0.1419753086419753,0.1419753086419753,,,
VitalDB,0.75,outcome_MNAR,strong,recalibration_intercept_slope_truth,full,oe,300,0.8221218455180209,0.03514775258711888,0.7634458152614736,0.9000088970660186,1.0,-0.17787815448197908,0.18130605194569135
VitalDB,0.75,outcome_MNAR,strong,recalibration_intercept_slope_truth,full,brier,300,0.11283534314743633,0.0034917287828082847,0.10955785061668259,0.12248838764453394,,,
VitalDB,0.75,outcome_MNAR,strong,recalibration_intercept_slope_truth,full,auc,300,0.6841572828693567,0.022682106813971908,0.6276958867688458,0.705471926806381,,,
VitalDB,0.75,outcome_MNAR,strong,recalibration_intercept_slope_truth,full,calibration_intercept,300,-0.3643946735218976,0.2580077143008271,-0.9446645838951838,-0.007484429117387293,0.0,-0.3643946735218976,0.4462393589331534
VitalDB,0.75,outcome_MNAR,strong,recalibration_intercept_slope_truth,full,calibration_slope,300,0.9256960856681526,0.1794062726059953,0.5080470981185311,1.1664481860736997,1.0,-0.07430391433184735,0.19390820929822258
VitalDB,0.75,outcome_MNAR,strong,recalibration_intercept_slope_truth,full,outcome_observed_fraction,300,0.7757818930041152,0.020883248965607948,0.7298611111111112,0.8148148148148148,,,
VitalDB,0.75,outcome_MNAR,strong,recalibration_intercept_slope_truth,full,reconstructed_sensitivity,300,0.9785507246376812,0.02155464348523306,0.9347826086956522,1.0,,,
VitalDB,0.75,outcome_MNAR,strong,recalibration_intercept_slope_truth,full,ess,300,324.0,0.0,324.0,324.0,,,
VitalDB,0.75,outcome_MNAR,strong,recalibration_intercept_slope_truth,full,event_rate_se,300,0.01939026741183426,3.475243859842279e-18,0.019390267411834264,0.019390267411834264,,,
VitalDB,0.75,outcome_MNAR,strong,recalibration_intercept_truth,full,event_rate,300,0.1419753086419753,0.0,0.1419753086419753,0.1419753086419753,,,
VitalDB,0.75,outcome_MNAR,strong,recalibration_intercept_truth,full,oe,300,0.8366560274875298,0.03623933120520879,0.7679674852446137,0.9109927356413475,1.0,-0.16334397251247024,0.16730261459981677
VitalDB,0.75,outcome_MNAR,strong,recalibration_intercept_truth,full,brier,300,0.11451262293819627,0.0026788566459077824,0.11164711819225157,0.12125133482141078,,,
VitalDB,0.75,outcome_MNAR,strong,recalibration_intercept_truth,full,auc,300,0.6936979981232405,0.013464341018791902,0.6605020331560839,0.7050770253362528,,,
VitalDB,0.75,outcome_MNAR,strong,recalibration_intercept_truth,full,calibration_intercept,300,-0.7705712353612311,0.08214935154217995,-0.9622055876117397,-0.656520383494476,0.0,-0.7705712353612311,0.774923254052773
VitalDB,0.75,outcome_MNAR,strong,recalibration_intercept_truth,full,calibration_slope,300,0.6221719937585342,0.046308837985722516,0.5047154830298267,0.6585980414633579,1.0,-0.37782800624146584,0.3806459804259119
VitalDB,0.75,outcome_MNAR,strong,recalibration_intercept_truth,full,outcome_observed_fraction,300,0.7757818930041152,0.020883248965607948,0.7298611111111112,0.8148148148148148,,,
VitalDB,0.75,outcome_MNAR,strong,recalibration_intercept_truth,full,reconstructed_sensitivity,300,0.9785507246376812,0.02155464348523306,0.9347826086956522,1.0,,,
VitalDB,0.75,outcome_MNAR,strong,recalibration_intercept_truth,full,ess,300,324.0,0.0,324.0,324.0,,,
VitalDB,0.75,outcome_MNAR,strong,recalibration_intercept_truth,full,event_rate_se,300,0.01939026741183426,3.475243859842279e-18,0.019390267411834264,0.019390267411834264,,,
VitalDB,0.75,outcome_MNAR,strong,reference_05pct_recalibration,full_heldout,event_rate,295,0.141312118067566,0.0064436574288223225,0.12585034013605442,0.15306122448979592,,,
VitalDB,0.75,outcome_MNAR,strong,reference_05pct_recalibration,full_heldout,oe,295,1.247922707410335,0.8704004893419849,0.4523365132316156,4.5900440790845165,1.0,0.24792270741033495,0.9036008827090365
VitalDB,0.75,outcome_MNAR,strong,reference_05pct_recalibration,full_heldout,brier,295,0.12045730447232904,0.01246551818505594,0.10753581560928434,0.15104232628449185,,,
VitalDB,0.75,outcome_MNAR,strong,reference_05pct_recalibration,full_heldout,auc,295,0.6645225359356299,0.12179924326416527,0.2734978108706822,0.7270902273310108,,,
VitalDB,0.75,outcome_MNAR,strong,reference_05pct_recalibration,full_heldout,calibration_intercept,295,0.14685520307733316,11.586527984733339,-14.492427687535088,18.507326020057242,0.0,0.14685520307733316,11.567805344027164
VitalDB,0.75,outcome_MNAR,strong,reference_05pct_recalibration,full_heldout,calibration_slope,295,1.0263947452889215,4.977526498300256,-4.110539643769664,9.775390845179908,1.0,0.026394745288921495,4.969152952234736
VitalDB,0.75,outcome_MNAR,strong,reference_05pct_recalibration,full_heldout,outcome_observed_fraction,295,0.7757166771291065,0.02086757469299005,0.7294753086419753,0.8148148148148148,,,
VitalDB,0.75,outcome_MNAR,strong,reference_05pct_recalibration,full_heldout,reconstructed_sensitivity,295,0.9786293294030951,0.02155032079271817,0.9347826086956522,1.0,,,
VitalDB,0.75,outcome_MNAR,strong,reference_05pct_recalibration,full_heldout,ess,295,294.0,0.0,294.0,294.0,,,
VitalDB,0.75,outcome_MNAR,strong,reference_05pct_recalibration,full_heldout,event_rate_se,295,0.02030856260437689,0.00039161273128291845,0.01934400643906543,0.020998338616454712,,,
VitalDB,0.75,outcome_MNAR,strong,reference_05pct_recalibration,full_heldout,reference_sample_n,295,30.0,0.0,30.0,30.0,,,
VitalDB,0.75,outcome_MNAR,strong,reference_05pct_recalibration,full_heldout,evaluation_n,295,294.0,0.0,294.0,294.0,,,
VitalDB,0.75,outcome_MNAR,strong,reference_10pct_recalibration,full_heldout,event_rate,297,0.14152984599719992,0.006716714680130979,0.12714776632302405,0.15120274914089346,,,
VitalDB,0.75,outcome_MNAR,strong,reference_10pct_recalibration,full_heldout,oe,297,1.2290345561351346,0.803506956275822,0.47354693372612433,3.418164229479509,1.0,0.22903455613513457,0.8342100697241212
VitalDB,0.75,outcome_MNAR,strong,reference_10pct_recalibration,full_heldout,brier,297,0.1190248527016979,0.010981498783414112,0.10719738442992673,0.14903209148928676,,,
VitalDB,0.75,outcome_MNAR,strong,reference_10pct_recalibration,full_heldout,auc,297,0.6651299710760892,0.1219198677719843,0.27166032023356057,0.7273462438816769,,,
VitalDB,0.75,outcome_MNAR,strong,reference_10pct_recalibration,full_heldout,calibration_intercept,297,1.4298871177648995,43.9606361529953,-24.67247022878371,13.769949556104779,0.0,1.4298871177648995,43.90985365236293
VitalDB,0.75,outcome_MNAR,strong,reference_10pct_recalibration,full_heldout,calibration_slope,297,1.2445685933422301,17.1200302123201,-11.404700482184545,7.5706290536118654,1.0,0.24456859334223013,17.092934065071628
VitalDB,0.75,outcome_MNAR,strong,reference_10pct_recalibration,full_heldout,outcome_observed_fraction,297,0.7759072203516647,0.02094457464819292,0.7296296296296296,0.8148148148148148,,,
VitalDB,0.75,outcome_MNAR,strong,reference_10pct_recalibration,full_heldout,reconstructed_sensitivity,297,0.9784804567413262,0.02155361860466706,0.9347826086956522,1.0,,,
VitalDB,0.75,outcome_MNAR,strong,reference_10pct_recalibration,full_heldout,ess,297,291.0,0.0,291.0,291.0,,,
VitalDB,0.75,outcome_MNAR,strong,reference_10pct_recalibration,full_heldout,event_rate_se,297,0.020425516118079894,0.0004088913799545234,0.019528920473301695,0.02100077545558355,,,
VitalDB,0.75,outcome_MNAR,strong,reference_10pct_recalibration,full_heldout,reference_sample_n,297,33.0,0.0,33.0,33.0,,,
VitalDB,0.75,outcome_MNAR,strong,reference_10pct_recalibration,full_heldout,evaluation_n,297,291.0,0.0,291.0,291.0,,,
VitalDB,0.75,outcome_MNAR,strong,reference_20pct_recalibration,full_heldout,event_rate,300,0.1414028314028314,0.010184551097749331,0.12152509652509652,0.1583011583011583,,,
VitalDB,0.75,outcome_MNAR,strong,reference_20pct_recalibration,full_heldout,oe,300,1.1084900713870312,0.48573842694716207,0.5721941338311224,2.2295997228046476,1.0,0.10849007138703115,0.4969159307883875
VitalDB,0.75,outcome_MNAR,strong,reference_20pct_recalibration,full_heldout,brier,300,0.11426674902115963,0.009100637219681865,0.10288364413948242,0.13678937809686614,,,
VitalDB,0.75,outcome_MNAR,strong,reference_20pct_recalibration,full_heldout,auc,300,0.6960077054740889,0.06168212947078258,0.648732839473607,0.7405947207035649,,,
VitalDB,0.75,outcome_MNAR,strong,reference_20pct_recalibration,full_heldout,calibration_intercept,300,0.7428147839833033,12.905969040842573,-1.2794378705170943,13.826035579338242,0.0,0.7428147839833033,12.905835781932677
VitalDB,0.75,outcome_MNAR,strong,reference_20pct_recalibration,full_heldout,calibration_slope,300,1.4294442748711034,7.56054365647801,0.3077128473259305,6.983346207829085,1.0,0.42944427487110337,7.560139110192202
VitalDB,0.75,outcome_MNAR,strong,reference_20pct_recalibration,full_heldout,outcome_observed_fraction,300,0.7757818930041152,0.020883248965607948,0.7298611111111112,0.8148148148148148,,,
VitalDB,0.75,outcome_MNAR,strong,reference_20pct_recalibration,full_heldout,reconstructed_sensitivity,300,0.9785507246376812,0.02155464348523306,0.9347826086956522,1.0,,,
VitalDB,0.75,outcome_MNAR,strong,reference_20pct_recalibration,full_heldout,ess,300,259.0,0.0,259.0,259.0,,,
VitalDB,0.75,outcome_MNAR,strong,reference_20pct_recalibration,full_heldout,event_rate_se,300,0.021631719132564918,0.0006542444422083086,0.020301591641121365,0.022681435061616448,,,
VitalDB,0.75,outcome_MNAR,strong,reference_20pct_recalibration,full_heldout,reference_sample_n,300,65.0,0.0,65.0,65.0,,,
VitalDB,0.75,outcome_MNAR,strong,reference_20pct_recalibration,full_heldout,evaluation_n,300,259.0,0.0,259.0,259.0,,,
VitalDB,0.75,outcome_MNAR,strong,reference_30pct_recalibration,full_heldout,event_rate,300,0.141047197640118,0.012734138806540958,0.11504424778761062,0.168141592920354,,,
VitalDB,0.75,outcome_MNAR,strong,reference_30pct_recalibration,full_heldout,oe,300,1.0477441560721161,0.3423827962171071,0.617913988237023,1.815868780197997,1.0,0.04774415607211613,0.34513001944291305
VitalDB,0.75,outcome_MNAR,strong,reference_30pct_recalibration,full_heldout,brier,300,0.11190572994585864,0.009110417954000798,0.09891346449961351,0.13306588980888454,,,
VitalDB,0.75,outcome_MNAR,strong,reference_30pct_recalibration,full_heldout,auc,300,0.7049712155090001,0.038558996560239596,0.6527298538555433,0.7587234235850295,,,
VitalDB,0.75,outcome_MNAR,strong,reference_30pct_recalibration,full_heldout,calibration_intercept,300,0.5639598668714132,3.2901803981037876,-1.0727474341531131,4.32798274996695,0.0,0.5639598668714132,3.3327546404340156
VitalDB,0.75,outcome_MNAR,strong,reference_30pct_recalibration,full_heldout,calibration_slope,300,1.3185732067995886,1.6524897046261129,0.41479692122604717,3.5078594273368235,1.0,0.31857320679958856,1.6802109107409362
VitalDB,0.75,outcome_MNAR,strong,reference_30pct_recalibration,full_heldout,outcome_observed_fraction,300,0.7757818930041152,0.020883248965607948,0.7298611111111112,0.8148148148148148,,,
VitalDB,0.75,outcome_MNAR,strong,reference_30pct_recalibration,full_heldout,reconstructed_sensitivity,300,0.9785507246376812,0.02155464348523306,0.9347826086956522,1.0,,,
VitalDB,0.75,outcome_MNAR,strong,reference_30pct_recalibration,full_heldout,ess,300,226.0,0.0,226.0,226.0,,,
VitalDB,0.75,outcome_MNAR,strong,reference_30pct_recalibration,full_heldout,event_rate_se,300,0.023121288559884344,0.0008764521857788815,0.02122457550766333,0.024877576146280455,,,
VitalDB,0.75,outcome_MNAR,strong,reference_30pct_recalibration,full_heldout,reference_sample_n,300,98.0,0.0,98.0,98.0,,,
VitalDB,0.75,outcome_MNAR,strong,reference_30pct_recalibration,full_heldout,evaluation_n,300,226.0,0.0,226.0,226.0,,,
VitalDB,0.75,outcome_MNAR,weak,AIPW_design_probability,reconstructed,event_rate,300,0.1381324201059192,0.006670067782331659,0.12396832194621211,0.14953104543058163,0.1419753086419753,-0.003842888536056105,0.0076882570959904304
VitalDB,0.75,outcome_MNAR,weak,AIPW_design_probability,reconstructed,oe,300,1.3784267862959103,0.06656076893842341,1.2370829056045143,1.4921739461763903,1.4167750646420612,-0.038348278346150844,0.07672130491101625
VitalDB,0.75,outcome_MNAR,weak,AIPW_design_probability,reconstructed,outcome_observed_fraction,300,0.784866255144033,0.020660891288449425,0.75,0.8271604938271605,,,
VitalDB,0.75,outcome_MNAR,weak,AIPW_design_probability,reconstructed,reconstructed_sensitivity,300,0.9193478260869566,0.038907846065080555,0.8478260869565217,0.9782608695652174,,,
VitalDB,0.75,outcome_MNAR,weak,AIPW_design_probability,reconstructed,ess,300,245.90123443428567,6.458911894438705,234.44809017664227,259.1627742161184,324.0,-78.09876556571433,78.36450514915745
VitalDB,0.75,outcome_MNAR,weak,AIPW_design_probability,reconstructed,event_rate_se,300,0.019824600980138118,0.00038181358229413413,0.018975688936898258,0.02045474998481786,0.019390267411834264,0.0004343335683038539,0.0005778765624892786
VitalDB,0.75,outcome_MNAR,weak,AIPW_design_probability,reconstructed,event_rate_interval_coverage,300,1.0,,,,,,
VitalDB,0.75,outcome_MNAR,weak,Gamma2_prediction_sensitivity_region,full,event_rate,300,0.1490452656851581,0.0059544591899922455,0.13659046160959049,0.15885705037543096,0.1419753086419753,0.007069957043182806,0.009236974155908184
VitalDB,0.75,outcome_MNAR,weak,Gamma2_prediction_sensitivity_region,full,outcome_observed_fraction,300,0.784866255144033,0.020660891288449425,0.75,0.8271604938271605,,,
VitalDB,0.75,outcome_MNAR,weak,Gamma2_prediction_sensitivity_region,full,reconstructed_sensitivity,300,0.9193478260869566,0.038907846065080555,0.8478260869565217,0.9782608695652174,,,
VitalDB,0.75,outcome_MNAR,weak,Gamma2_prediction_sensitivity_region,full,MNAR_event_rate_coverage,300,0.5833333333333334,,,,,,
VitalDB,0.75,outcome_MNAR,weak,IPAW_design_probability_truncated99,reconstructed,event_rate,300,0.13880895768222354,0.00742812457961035,0.12553515525214184,0.15228841460241155,0.1419753086419753,-0.0031663509597517625,0.008063429153982705
VitalDB,0.75,outcome_MNAR,weak,IPAW_design_probability_truncated99,reconstructed,oe,300,1.3803458421697743,0.07243656451439943,1.2369584510521008,1.5166672618668708,1.4167750646420612,-0.03642922247228686,0.08097316803930771
VitalDB,0.75,outcome_MNAR,weak,IPAW_design_probability_truncated99,reconstructed,brier,300,0.10866196624177649,0.0058043824325841814,0.09803278514830177,0.11912552926801678,0.11053590028892503,-0.0018739340471485427,0.006090170883098606
VitalDB,0.75,outcome_MNAR,weak,IPAW_design_probability_truncated99,reconstructed,auc,300,0.702986823912728,0.015644149385229157,0.6754436662535493,0.7370677183763303,0.7044103847356897,-0.0014235608229616892,0.015682797498238192
VitalDB,0.75,outcome_MNAR,weak,IPAW_design_probability_truncated99,reconstructed,calibration_intercept,300,-0.27199615558833906,0.11207771670779826,-0.4709557039007685,-0.05086345435999689,-0.22511057884817762,-0.046885576740161444,0.12131694237306512
VitalDB,0.75,outcome_MNAR,weak,IPAW_design_probability_truncated99,reconstructed,calibration_slope,300,0.6519725252882694,0.045840194661176746,0.5751077993171348,0.7612673026504653,0.6581631632744903,-0.006190637986220882,0.04618054821851333
VitalDB,0.75,outcome_MNAR,weak,IPAW_design_probability_truncated99,reconstructed,outcome_observed_fraction,300,0.784866255144033,0.020660891288449425,0.75,0.8271604938271605,,,
VitalDB,0.75,outcome_MNAR,weak,IPAW_design_probability_truncated99,reconstructed,reconstructed_sensitivity,300,0.9193478260869566,0.038907846065080555,0.8478260869565217,0.9782608695652174,,,
VitalDB,0.75,outcome_MNAR,weak,IPAW_design_probability_truncated99,reconstructed,ess,300,246.0191591186644,6.4626827117008805,234.55563136290854,259.2675471863366,324.0,-77.98084088133561,78.24729127260268
VitalDB,0.75,outcome_MNAR,weak,IPAW_design_probability_truncated99,reconstructed,event_rate_se,300,0.020066480848568168,0.0006972800600339689,0.018781469589195528,0.021396205808535806,0.019390267411834264,0.0006762134367339044,0.0009704861818697123
VitalDB,0.75,outcome_MNAR,weak,IPAW_design_probability_truncated99,reconstructed,weight_p99,300,1.9307144913423229,0.021432778382729518,1.8924525795044478,1.964762566605047,,,
VitalDB,0.75,outcome_MNAR,weak,IPAW_design_probability_truncated99,reconstructed,weight_max,300,1.9352005681033617,0.021695376276547506,1.8950976914897681,1.971716315372363,,,
VitalDB,0.75,outcome_MNAR,weak,IPAW_design_probability_truncated99,reconstructed,event_rate_interval_coverage,300,1.0,,,,,,
VitalDB,0.75,outcome_MNAR,weak,IPAW_design_probability_untruncated,reconstructed,event_rate,300,0.13874382577764688,0.007426283824663048,0.12545487388185422,0.15218610399258575,0.1419753086419753,-0.003231482864328422,0.008087542311610215
VitalDB,0.75,outcome_MNAR,weak,IPAW_design_probability_untruncated,reconstructed,oe,300,1.3795449664345385,0.07248290947490471,1.2355996406625391,1.5163344642013925,1.4167750646420612,-0.037230098207522655,0.08137775988931195
VitalDB,0.75,outcome_MNAR,weak,IPAW_design_probability_untruncated,reconstructed,brier,300,0.10862213435951963,0.005802161253867182,0.09800484173991056,0.11907969860728854,0.11053590028892503,-0.0019137659294053977,0.006100439191652043
VitalDB,0.75,outcome_MNAR,weak,IPAW_design_probability_untruncated,reconstructed,auc,300,0.7029070034812385,0.015653471800293733,0.675333751845714,0.7368864874455819,0.7044103847356897,-0.0015033812544512637,0.015699508399972847
VitalDB,0.75,outcome_MNAR,weak,IPAW_design_probability_untruncated,reconstructed,calibration_intercept,300,-0.2730605747858298,0.11220808494278074,-0.471722223285762,-0.05218241797879619,-0.22511057884817762,-0.04794999593765217,0.12185190843475563
VitalDB,0.75,outcome_MNAR,weak,IPAW_design_probability_untruncated,reconstructed,calibration_slope,300,0.6518132979520036,0.045870701159320876,0.5747452365870184,0.761344102848584,0.6581631632744903,-0.006349865322486714,0.0462323293491176
VitalDB,0.75,outcome_MNAR,weak,IPAW_design_probability_untruncated,reconstructed,outcome_observed_fraction,300,0.784866255144033,0.020660891288449425,0.75,0.8271604938271605,,,
VitalDB,0.75,outcome_MNAR,weak,IPAW_design_probability_untruncated,reconstructed,reconstructed_sensitivity,300,0.9193478260869566,0.038907846065080555,0.8478260869565217,0.9782608695652174,,,
VitalDB,0.75,outcome_MNAR,weak,IPAW_design_probability_untruncated,reconstructed,ess,300,245.90123443428567,6.458911894438705,234.44809017664227,259.1627742161184,324.0,-78.09876556571433,78.36450514915745
VitalDB,0.75,outcome_MNAR,weak,IPAW_design_probability_untruncated,reconstructed,event_rate_se,300,0.02005945587376817,0.0006973579215936937,0.018773158523019036,0.021386257701662446,0.019390267411834264,0.0006691884619339054,0.0009656605208313355
VitalDB,0.75,outcome_MNAR,weak,IPAW_design_probability_untruncated,reconstructed,weight_p99,300,1.9352005681033617,0.021695376276547506,1.8950976914897681,1.971716315372363,,,
VitalDB,0.75,outcome_MNAR,weak,IPAW_design_probability_untruncated,reconstructed,weight_max,300,2.03245140316009,0.043091025541158436,1.9492695446668484,2.0656441169400144,,,
VitalDB,0.75,outcome_MNAR,weak,IPAW_design_probability_untruncated,reconstructed,event_rate_interval_coverage,300,1.0,,,,,,
VitalDB,0.75,outcome_MNAR,weak,full_reference,full,event_rate,300,0.1419753086419753,0.0,0.1419753086419753,0.1419753086419753,0.1419753086419753,0.0,0.0
VitalDB,0.75,outcome_MNAR,weak,full_reference,full,oe,300,1.4167750646420616,4.448312140598118e-16,1.4167750646420612,1.4167750646420612,1.4167750646420612,4.440892098500626e-16,0.0
VitalDB,0.75,outcome_MNAR,weak,full_reference,full,brier,300,0.11053590028892503,0.0,0.11053590028892503,0.11053590028892503,0.11053590028892503,0.0,0.0
VitalDB,0.75,outcome_MNAR,weak,full_reference,full,auc,300,0.7044103847356897,0.0,0.7044103847356897,0.7044103847356897,0.7044103847356897,0.0,0.0
VitalDB,0.75,outcome_MNAR,weak,full_reference,full,calibration_intercept,300,-0.2251105788481776,2.7801950878738235e-17,-0.22511057884817762,-0.22511057884817762,-0.22511057884817762,2.7755575615628914e-17,0.0
VitalDB,0.75,outcome_MNAR,weak,full_reference,full,calibration_slope,300,0.6581631632744902,1.1120780351495294e-16,0.6581631632744903,0.6581631632744903,0.6581631632744903,-1.1102230246251565e-16,0.0
VitalDB,0.75,outcome_MNAR,weak,full_reference,full,outcome_observed_fraction,300,0.784866255144033,0.020660891288449425,0.75,0.8271604938271605,,,
VitalDB,0.75,outcome_MNAR,weak,full_reference,full,reconstructed_sensitivity,300,0.9193478260869566,0.038907846065080555,0.8478260869565217,0.9782608695652174,,,
VitalDB,0.75,outcome_MNAR,weak,full_reference,full,ess,300,324.0,0.0,324.0,324.0,324.0,0.0,0.0
VitalDB,0.75,outcome_MNAR,weak,full_reference,full,event_rate_se,300,0.01939026741183426,3.475243859842279e-18,0.019390267411834264,0.019390267411834264,0.019390267411834264,-3.469446951953614e-18,0.0
VitalDB,0.75,outcome_MNAR,weak,full_reference,full,event_rate_interval_coverage,300,1.0,,,,,,
VitalDB,0.75,outcome_MNAR,weak,naive,reconstructed,event_rate,300,0.16926104466721947,0.008364334883736764,0.15399057464274857,0.18389761762445564,0.1419753086419753,0.027285736025244173,0.02853489585565561
VitalDB,0.75,outcome_MNAR,weak,naive,reconstructed,oe,300,1.5418445047752867,0.07397526777361202,1.3901812028543885,1.671722249727938,1.4167750646420612,0.12506944013322552,0.14524621841299515
VitalDB,0.75,outcome_MNAR,weak,naive,reconstructed,brier,300,0.12951840446122984,0.006449042191881581,0.11759839041399228,0.14089077799247338,0.11053590028892503,0.018982504172304807,0.02004462461676271
VitalDB,0.75,outcome_MNAR,weak,naive,reconstructed,auc,300,0.6963895850701347,0.015048112266722782,0.6702518680022086,0.7293185381701413,0.7044103847356897,-0.008020799665555023,0.017030093690999417
VitalDB,0.75,outcome_MNAR,weak,naive,reconstructed,calibration_intercept,300,-0.1646618359814643,0.10401177499413909,-0.3513273131752772,0.04026600823297308,-0.22511057884817762,0.06044874286671331,0.12015173054852768
VitalDB,0.75,outcome_MNAR,weak,naive,reconstructed,calibration_slope,300,0.6127857825341604,0.042822709918346163,0.5436178498834482,0.7119859250670736,0.6581631632744903,-0.04537738074032993,0.06234403381763581
VitalDB,0.75,outcome_MNAR,weak,naive,reconstructed,outcome_observed_fraction,300,0.784866255144033,0.020660891288449425,0.75,0.8271604938271605,,,
VitalDB,0.75,outcome_MNAR,weak,naive,reconstructed,reconstructed_sensitivity,300,0.9193478260869566,0.038907846065080555,0.8478260869565217,0.9782608695652174,,,
VitalDB,0.75,outcome_MNAR,weak,naive,reconstructed,ess,300,254.29666666666665,6.694128777457614,243.0,268.0,324.0,-69.70333333333335,70.02297242096101
VitalDB,0.75,outcome_MNAR,weak,naive,reconstructed,event_rate_se,300,0.023513566086059617,0.0006787084960310824,0.022200179473123558,0.024785643742542943,0.019390267411834264,0.0041232986742253536,0.004178600446965238
VitalDB,0.75,outcome_MNAR,weak,naive,reconstructed,event_rate_interval_coverage,300,1.0,,,,,,
VitalDB,0.75,outcome_MNAR,weak,recalibration_intercept_apparent,reconstructed,event_rate,300,0.16926104466721947,0.008364334883736764,0.15399057464274857,0.18389761762445564,,,
VitalDB,0.75,outcome_MNAR,weak,recalibration_intercept_apparent,reconstructed,oe,300,0.999727543176712,0.01952582986380335,0.9591436116170777,1.043785674970196,1.0,-0.00027245682328802534,0.019495163617792927
VitalDB,0.75,outcome_MNAR,weak,recalibration_intercept_apparent,reconstructed,brier,300,0.1304394224657449,0.006644431912508258,0.11822667468645406,0.14300806587276568,,,
VitalDB,0.75,outcome_MNAR,weak,recalibration_intercept_apparent,reconstructed,auc,300,0.6855019974550811,0.020695684229217904,0.642487623667606,0.7276493783099238,,,
VitalDB,0.75,outcome_MNAR,weak,recalibration_intercept_apparent,reconstructed,calibration_intercept,300,-0.6056258718406705,0.09148278449813138,-0.8154891394217978,-0.4444025561798315,0.0,-0.6056258718406705,0.6124735908614934
VitalDB,0.75,outcome_MNAR,weak,recalibration_intercept_apparent,reconstructed,calibration_slope,300,0.5766168305726039,0.06133929757698092,0.4428368043207261,0.6907364366497982,1.0,-0.42338316942739607,0.4277888215972149
VitalDB,0.75,outcome_MNAR,weak,recalibration_intercept_apparent,reconstructed,outcome_observed_fraction,300,0.784866255144033,0.020660891288449425,0.75,0.8271604938271605,,,
VitalDB,0.75,outcome_MNAR,weak,recalibration_intercept_apparent,reconstructed,reconstructed_sensitivity,300,0.9193478260869566,0.038907846065080555,0.8478260869565217,0.9782608695652174,,,
VitalDB,0.75,outcome_MNAR,weak,recalibration_intercept_apparent,reconstructed,ess,300,254.29666666666665,6.694128777457614,243.0,268.0,,,
VitalDB,0.75,outcome_MNAR,weak,recalibration_intercept_apparent,reconstructed,event_rate_se,300,0.023513566086059617,0.0006787084960310824,0.022200179473123558,0.024785643742542943,,,
VitalDB,0.75,outcome_MNAR,weak,recalibration_intercept_slope_apparent,reconstructed,event_rate,300,0.16926104466721947,0.008364334883736764,0.15399057464274857,0.18389761762445564,,,
VitalDB,0.75,outcome_MNAR,weak,recalibration_intercept_slope_apparent,reconstructed,oe,300,1.005551360155021,0.030697729585527394,0.9508509599260232,1.0740578740580555,1.0,0.005551360155021001,0.03114525698408289
VitalDB,0.75,outcome_MNAR,weak,recalibration_intercept_slope_apparent,reconstructed,brier,300,0.12926877195555883,0.007289976734679358,0.11733631892243787,0.14735734889089597,,,
VitalDB,0.75,outcome_MNAR,weak,recalibration_intercept_slope_apparent,reconstructed,auc,300,0.6713777956421971,0.03549342430308071,0.6003901829087299,0.7182617880373335,,,
VitalDB,0.75,outcome_MNAR,weak,recalibration_intercept_slope_apparent,reconstructed,calibration_intercept,300,-0.2763760515843131,0.3005286362742061,-0.9677584410332916,0.05403065242885853,0.0,-0.2763760515843131,0.40792171418802836
VitalDB,0.75,outcome_MNAR,weak,recalibration_intercept_slope_apparent,reconstructed,calibration_slope,300,0.812333547317454,0.18965828287831635,0.35717366444581616,1.0190645509257443,1.0,-0.187666452682546,0.2665878107602082
VitalDB,0.75,outcome_MNAR,weak,recalibration_intercept_slope_apparent,reconstructed,outcome_observed_fraction,300,0.784866255144033,0.020660891288449425,0.75,0.8271604938271605,,,
VitalDB,0.75,outcome_MNAR,weak,recalibration_intercept_slope_apparent,reconstructed,reconstructed_sensitivity,300,0.9193478260869566,0.038907846065080555,0.8478260869565217,0.9782608695652174,,,
VitalDB,0.75,outcome_MNAR,weak,recalibration_intercept_slope_apparent,reconstructed,ess,300,254.29666666666665,6.694128777457614,243.0,268.0,,,
VitalDB,0.75,outcome_MNAR,weak,recalibration_intercept_slope_apparent,reconstructed,event_rate_se,300,0.023513566086059617,0.0006787084960310824,0.022200179473123558,0.024785643742542943,,,
VitalDB,0.75,outcome_MNAR,weak,recalibration_intercept_slope_truth,full,event_rate,300,0.1419753086419753,0.0,0.1419753086419753,0.1419753086419753,,,
VitalDB,0.75,outcome_MNAR,weak,recalibration_intercept_slope_truth,full,oe,300,0.8893826894472899,0.05148663200693639,0.8072813687797273,1.0071243520092905,1.0,-0.11061731055271007,0.12197633551259435
VitalDB,0.75,outcome_MNAR,weak,recalibration_intercept_slope_truth,full,brier,300,0.11224797843954247,0.0036358314273370307,0.10892518263369161,0.12232455084318646,,,
VitalDB,0.75,outcome_MNAR,weak,recalibration_intercept_slope_truth,full,auc,300,0.680787456990929,0.029189379607840765,0.6221692211448232,0.704179699718486,,,
VitalDB,0.75,outcome_MNAR,weak,recalibration_intercept_slope_truth,full,calibration_intercept,300,-0.3262091636424597,0.31282652867611405,-1.0001076992654174,0.10066067895495631,0.0,-0.3262091636424597,0.4516045327839932
VitalDB,0.75,outcome_MNAR,weak,recalibration_intercept_slope_truth,full,calibration_slope,300,0.8890822675787052,0.19630798968648397,0.46603188838914456,1.1689385095077016,1.0,-0.11091773242129477,0.22519128333674054
VitalDB,0.75,outcome_MNAR,weak,recalibration_intercept_slope_truth,full,outcome_observed_fraction,300,0.784866255144033,0.020660891288449425,0.75,0.8271604938271605,,,
VitalDB,0.75,outcome_MNAR,weak,recalibration_intercept_slope_truth,full,reconstructed_sensitivity,300,0.9193478260869566,0.038907846065080555,0.8478260869565217,0.9782608695652174,,,
VitalDB,0.75,outcome_MNAR,weak,recalibration_intercept_slope_truth,full,ess,300,324.0,0.0,324.0,324.0,,,
VitalDB,0.75,outcome_MNAR,weak,recalibration_intercept_slope_truth,full,event_rate_se,300,0.01939026741183426,3.475243859842279e-18,0.019390267411834264,0.019390267411834264,,,
VitalDB,0.75,outcome_MNAR,weak,recalibration_intercept_truth,full,event_rate,300,0.1419753086419753,0.0,0.1419753086419753,0.1419753086419753,,,
VitalDB,0.75,outcome_MNAR,weak,recalibration_intercept_truth,full,oe,300,0.9077048077215636,0.0485873500402471,0.8252951827131418,1.0113800846062473,1.0,-0.09229519227843641,0.10426535378399017
VitalDB,0.75,outcome_MNAR,weak,recalibration_intercept_truth,full,brier,300,0.11306223782180365,0.0024538072225455563,0.11049056470792219,0.12017040627894006,,,
VitalDB,0.75,outcome_MNAR,weak,recalibration_intercept_truth,full,auc,300,0.6943188927119174,0.01402975558578232,0.6544514388489209,0.7054680168908352,,,
VitalDB,0.75,outcome_MNAR,weak,recalibration_intercept_truth,full,calibration_intercept,300,-0.695872808903844,0.08690490745258553,-0.9072036321756943,-0.5624757642045387,0.0,-0.695872808903844,0.7012604753118513
VitalDB,0.75,outcome_MNAR,weak,recalibration_intercept_truth,full,calibration_slope,300,0.6224399068499707,0.04812422112413363,0.4851397057867996,0.6589800697741954,1.0,-0.37756009315002925,0.38060457800198255
VitalDB,0.75,outcome_MNAR,weak,recalibration_intercept_truth,full,outcome_observed_fraction,300,0.784866255144033,0.020660891288449425,0.75,0.8271604938271605,,,
VitalDB,0.75,outcome_MNAR,weak,recalibration_intercept_truth,full,reconstructed_sensitivity,300,0.9193478260869566,0.038907846065080555,0.8478260869565217,0.9782608695652174,,,
VitalDB,0.75,outcome_MNAR,weak,recalibration_intercept_truth,full,ess,300,324.0,0.0,324.0,324.0,,,
VitalDB,0.75,outcome_MNAR,weak,recalibration_intercept_truth,full,event_rate_se,300,0.01939026741183426,3.475243859842279e-18,0.019390267411834264,0.019390267411834264,,,
VitalDB,0.75,outcome_MNAR,weak,reference_05pct_recalibration,full_heldout,event_rate,296,0.1420642581356867,0.0058910481529489064,0.1292517006802721,0.15306122448979592,,,
VitalDB,0.75,outcome_MNAR,weak,reference_05pct_recalibration,full_heldout,oe,296,1.3944194966208183,1.7704634914546085,0.5154892934736355,3.814954309126523,1.0,0.3944194966208183,1.810943966121984
VitalDB,0.75,outcome_MNAR,weak,reference_05pct_recalibration,full_heldout,brier,296,0.12092731515963495,0.011910317653743022,0.10779513437869058,0.14608714490216135,,,
VitalDB,0.75,outcome_MNAR,weak,reference_05pct_recalibration,full_heldout,auc,296,0.6626850508219644,0.12335467260798488,0.2744139720189011,0.7249976379440665,,,
VitalDB,0.75,outcome_MNAR,weak,reference_05pct_recalibration,full_heldout,calibration_intercept,296,2.573527411076381,28.962396297416923,-12.833329983951591,36.54051788020197,0.0,2.573527411076381,29.02773828468025
VitalDB,0.75,outcome_MNAR,weak,reference_05pct_recalibration,full_heldout,calibration_slope,296,2.5325699433623328,15.667748077656427,-4.9694948873510505,16.65603546635487,1.0,1.5325699433623328,15.716163074184594
VitalDB,0.75,outcome_MNAR,weak,reference_05pct_recalibration,full_heldout,outcome_observed_fraction,296,0.784889055722389,0.020669707374814356,0.75,0.8271604938271605,,,
VitalDB,0.75,outcome_MNAR,weak,reference_05pct_recalibration,full_heldout,reconstructed_sensitivity,296,0.9200205640423033,0.03810811721281839,0.8478260869565217,0.9782608695652174,,,
VitalDB,0.75,outcome_MNAR,weak,reference_05pct_recalibration,full_heldout,ess,296,294.0,0.0,294.0,294.0,,,
VitalDB,0.75,outcome_MNAR,weak,reference_05pct_recalibration,full_heldout,event_rate_se,296,0.020354878727932433,0.0003554392482979358,0.01956549254362358,0.020998338616454712,,,
VitalDB,0.75,outcome_MNAR,weak,reference_05pct_recalibration,full_heldout,reference_sample_n,296,30.0,0.0,30.0,30.0,,,
VitalDB,0.75,outcome_MNAR,weak,reference_05pct_recalibration,full_heldout,evaluation_n,296,294.0,0.0,294.0,294.0,,,
VitalDB,0.75,outcome_MNAR,weak,reference_10pct_recalibration,full_heldout,event_rate,297,0.14211993937079848,0.006478937230239733,0.12714776632302405,0.15463917525773196,,,
VitalDB,0.75,outcome_MNAR,weak,reference_10pct_recalibration,full_heldout,oe,297,1.327020217609211,1.1984904651287875,0.522576781270581,3.7855965622118712,1.0,0.32702021760921096,1.2403569338986735
VitalDB,0.75,outcome_MNAR,weak,reference_10pct_recalibration,full_heldout,brier,297,0.1198197919920373,0.01100917693982835,0.10704680855573959,0.14695598958151246,,,
VitalDB,0.75,outcome_MNAR,weak,reference_10pct_recalibration,full_heldout,auc,297,0.6658234861284985,0.11962367497140533,0.273175393676302,0.7274692228834101,,,
VitalDB,0.75,outcome_MNAR,weak,reference_10pct_recalibration,full_heldout,calibration_intercept,297,-1.642364479428153,27.19259135528744,-16.792387074763965,19.749206316556258,0.0,-1.642364479428153,27.19640966648673
VitalDB,0.75,outcome_MNAR,weak,reference_10pct_recalibration,full_heldout,calibration_slope,297,0.06832521051370573,13.765022963621522,-5.728427112296424,11.089783669202777,1.0,-0.9316747894862942,13.773376828260774
VitalDB,0.75,outcome_MNAR,weak,reference_10pct_recalibration,full_heldout,outcome_observed_fraction,297,0.7849482479112109,0.02065996221686982,0.75,0.8271604938271605,,,
VitalDB,0.75,outcome_MNAR,weak,reference_10pct_recalibration,full_heldout,reconstructed_sensitivity,297,0.9200702678963548,0.03805333297261336,0.8478260869565217,0.9782608695652174,,,
VitalDB,0.75,outcome_MNAR,weak,reference_10pct_recalibration,full_heldout,ess,297,291.0,0.0,291.0,291.0,,,
VitalDB,0.75,outcome_MNAR,weak,reference_10pct_recalibration,full_heldout,event_rate_se,297,0.02046164049897931,0.00039178119041739063,0.019528920473301695,0.021195044218573513,,,
VitalDB,0.75,outcome_MNAR,weak,reference_10pct_recalibration,full_heldout,reference_sample_n,297,33.0,0.0,33.0,33.0,,,
VitalDB,0.75,outcome_MNAR,weak,reference_10pct_recalibration,full_heldout,evaluation_n,297,291.0,0.0,291.0,291.0,,,
VitalDB,0.75,outcome_MNAR,weak,reference_20pct_recalibration,full_heldout,event_rate,300,0.1415444015444015,0.010211155435944827,0.12355212355212356,0.16216216216216217,,,
VitalDB,0.75,outcome_MNAR,weak,reference_20pct_recalibration,full_heldout,oe,300,1.1135295763675648,0.48422540702445016,0.5877881240604131,2.5069584069655844,1.0,0.11352957636756478,0.4965698628613768
VitalDB,0.75,outcome_MNAR,weak,reference_20pct_recalibration,full_heldout,brier,300,0.11518828816921058,0.01009681740725119,0.10311506837150504,0.14089578538631475,,,
VitalDB,0.75,outcome_MNAR,weak,reference_20pct_recalibration,full_heldout,auc,300,0.6899579760040297,0.07501892545260411,0.4449007103400771,0.7485012755102041,,,
VitalDB,0.75,outcome_MNAR,weak,reference_20pct_recalibration,full_heldout,calibration_intercept,300,-3.116000839104784,53.61952157530848,-3.24390810952632,8.451422907833509,0.0,-3.116000839104784,53.62069604994939
VitalDB,0.75,outcome_MNAR,weak,reference_20pct_recalibration,full_heldout,calibration_slope,300,-0.6033445127929149,29.166997218054295,-0.38833754590666014,6.032716558141029,1.0,-1.603344512792915,29.162454079214534
VitalDB,0.75,outcome_MNAR,weak,reference_20pct_recalibration,full_heldout,outcome_observed_fraction,300,0.784866255144033,0.020660891288449425,0.75,0.8271604938271605,,,
VitalDB,0.75,outcome_MNAR,weak,reference_20pct_recalibration,full_heldout,reconstructed_sensitivity,300,0.9193478260869566,0.038907846065080555,0.8478260869565217,0.9782608695652174,,,
VitalDB,0.75,outcome_MNAR,weak,reference_20pct_recalibration,full_heldout,ess,300,259.0,0.0,259.0,259.0,,,
VitalDB,0.75,outcome_MNAR,weak,reference_20pct_recalibration,full_heldout,event_rate_se,300,0.02164070795320704,0.0006549242047247433,0.020447408414756684,0.022903658837129595,,,
VitalDB,0.75,outcome_MNAR,weak,reference_20pct_recalibration,full_heldout,reference_sample_n,300,65.0,0.0,65.0,65.0,,,
VitalDB,0.75,outcome_MNAR,weak,reference_20pct_recalibration,full_heldout,evaluation_n,300,259.0,0.0,259.0,259.0,,,
VitalDB,0.75,outcome_MNAR,weak,reference_30pct_recalibration,full_heldout,event_rate,300,0.1418731563421829,0.01319218833852156,0.11946902654867257,0.168141592920354,,,
VitalDB,0.75,outcome_MNAR,weak,reference_30pct_recalibration,full_heldout,oe,300,1.0776477869812846,0.38809174004070207,0.6110847758693073,2.125079289581908,1.0,0.0776477869812846,0.39514848708886396
VitalDB,0.75,outcome_MNAR,weak,reference_30pct_recalibration,full_heldout,brier,300,0.11341143915396776,0.010744218257520984,0.09885409311059987,0.14026269977212763,,,
VitalDB,0.75,outcome_MNAR,weak,reference_30pct_recalibration,full_heldout,auc,300,0.6938627224935264,0.0665348584702535,0.6363463606286187,0.7633065141356841,,,
VitalDB,0.75,outcome_MNAR,weak,reference_30pct_recalibration,full_heldout,calibration_intercept,300,-1.0523470034609355,14.0051360094103,-1.2612084864046935,3.8213206170969425,0.0,-1.0523470034609355,14.021321481074242
VitalDB,0.75,outcome_MNAR,weak,reference_30pct_recalibration,full_heldout,calibration_slope,300,0.5151306697527122,6.725551811304272,0.35493441799154446,3.438625512671609,1.0,-0.48486933024728784,6.731817630481696
VitalDB,0.75,outcome_MNAR,weak,reference_30pct_recalibration,full_heldout,outcome_observed_fraction,300,0.784866255144033,0.020660891288449425,0.75,0.8271604938271605,,,
VitalDB,0.75,outcome_MNAR,weak,reference_30pct_recalibration,full_heldout,reconstructed_sensitivity,300,0.9193478260869566,0.038907846065080555,0.8478260869565217,0.9782608695652174,,,
VitalDB,0.75,outcome_MNAR,weak,reference_30pct_recalibration,full_heldout,ess,300,226.0,0.0,226.0,226.0,,,
VitalDB,0.75,outcome_MNAR,weak,reference_30pct_recalibration,full_heldout,event_rate_se,300,0.02317579783956832,0.0009016792775233206,0.021574749482665082,0.024877576146280455,,,
VitalDB,0.75,outcome_MNAR,weak,reference_30pct_recalibration,full_heldout,reference_sample_n,300,98.0,0.0,98.0,98.0,,,
VitalDB,0.75,outcome_MNAR,weak,reference_30pct_recalibration,full_heldout,evaluation_n,300,226.0,0.0,226.0,226.0,,,
VitalDB,0.75,risk_MAR,strong,AIPW_design_probability,reconstructed,event_rate,300,0.1301979143907443,0.013046736192134475,0.10913728232727661,0.1708566701081836,0.1419753086419753,-0.011777394251231005,0.01756009537365493
VitalDB,0.75,risk_MAR,strong,AIPW_design_probability,reconstructed,oe,300,1.29924816041338,0.13019369838872333,1.0890835998392159,1.704982874504433,1.4167750646420612,-0.11752690422868106,0.1752326196442251
VitalDB,0.75,risk_MAR,strong,AIPW_design_probability,reconstructed,outcome_observed_fraction,300,0.726656378600823,0.019538011831513147,0.6897376543209877,0.7654320987654321,,,
VitalDB,0.75,risk_MAR,strong,AIPW_design_probability,reconstructed,reconstructed_sensitivity,300,0.7935507246376811,0.04922403143452371,0.6956521739130435,0.8913043478260869,,,
VitalDB,0.75,risk_MAR,strong,AIPW_design_probability,reconstructed,ess,300,185.52759833347798,23.5221468596091,134.5102208166575,217.26797535705384,324.0,-138.47240166652202,140.44946817819098
VitalDB,0.75,risk_MAR,strong,AIPW_design_probability,reconstructed,event_rate_se,300,0.021331070877732335,0.005614602909900648,0.018245338795930204,0.04939851815444186,0.019390267411834264,0.0019408034658980715,0.005931728644303774
VitalDB,0.75,risk_MAR,strong,AIPW_design_probability,reconstructed,event_rate_interval_coverage,300,0.99,,,,,,
VitalDB,0.75,risk_MAR,strong,Gamma2_prediction_sensitivity_region,full,event_rate,300,0.12716230886214974,0.006990810141243765,0.11367153915896355,0.13913637305576018,0.1419753086419753,-0.014812999779825559,0.016374781957426452
VitalDB,0.75,risk_MAR,strong,Gamma2_prediction_sensitivity_region,full,outcome_observed_fraction,300,0.726656378600823,0.019538011831513147,0.6897376543209877,0.7654320987654321,,,
VitalDB,0.75,risk_MAR,strong,Gamma2_prediction_sensitivity_region,full,reconstructed_sensitivity,300,0.7935507246376811,0.04922403143452371,0.6956521739130435,0.8913043478260869,,,
VitalDB,0.75,risk_MAR,strong,Gamma2_prediction_sensitivity_region,full,MNAR_event_rate_coverage,300,0.13,,,,,,
VitalDB,0.75,risk_MAR,strong,IPAW_design_probability_truncated99,reconstructed,event_rate,300,0.13238292737402246,0.010992196264331077,0.11213049754553998,0.1517487840380124,0.1419753086419753,-0.009592381267952838,0.014575300883376902
VitalDB,0.75,risk_MAR,strong,IPAW_design_probability_truncated99,reconstructed,oe,300,1.2901832660114272,0.10467729554544868,1.0823367751066526,1.4857101694009072,1.4167750646420612,-0.12659179863063397,0.16415326749486037
VitalDB,0.75,risk_MAR,strong,IPAW_design_probability_truncated99,reconstructed,brier,300,0.10168945421898352,0.009692727060056559,0.08410575000214247,0.11961659435201882,0.11053590028892503,-0.008846446069941505,0.013110888708865887
VitalDB,0.75,risk_MAR,strong,IPAW_design_probability_truncated99,reconstructed,auc,300,0.7335483840763537,0.034514883434237045,0.6657197337670979,0.7970849061727041,0.7044103847356897,0.029137999340663967,0.045125705092854136
VitalDB,0.75,risk_MAR,strong,IPAW_design_probability_truncated99,reconstructed,calibration_intercept,300,-0.09647063415337814,0.1551291876731052,-0.5210820231538371,0.13977913622083613,-0.22511057884817762,0.12863994469479947,0.2013282974554368
VitalDB,0.75,risk_MAR,strong,IPAW_design_probability_truncated99,reconstructed,calibration_slope,300,0.7797074424014729,0.10577642723535968,0.5570176154916098,0.9597462188021602,0.6581631632744903,0.12154427912698262,0.1610104618919103
VitalDB,0.75,risk_MAR,strong,IPAW_design_probability_truncated99,reconstructed,outcome_observed_fraction,300,0.726656378600823,0.019538011831513147,0.6897376543209877,0.7654320987654321,,,
VitalDB,0.75,risk_MAR,strong,IPAW_design_probability_truncated99,reconstructed,reconstructed_sensitivity,300,0.7935507246376811,0.04922403143452371,0.6956521739130435,0.8913043478260869,,,
VitalDB,0.75,risk_MAR,strong,IPAW_design_probability_truncated99,reconstructed,ess,300,207.08149736022713,9.897232606838175,184.19065529752436,221.1478748456957,324.0,-116.91850263977287,117.3352673130413
VitalDB,0.75,risk_MAR,strong,IPAW_design_probability_truncated99,reconstructed,event_rate_se,300,0.021196178231251833,0.001326198107243626,0.018898551676291984,0.023262422331424594,0.019390267411834264,0.0018059108194175694,0.002239252695866897
VitalDB,0.75,risk_MAR,strong,IPAW_design_probability_truncated99,reconstructed,weight_p99,300,3.46058653868297,0.7972054103940649,2.7222602717996383,5.579934351199999,,,
VitalDB,0.75,risk_MAR,strong,IPAW_design_probability_truncated99,reconstructed,weight_max,300,3.5694098442052495,0.9362972672144947,2.7327103915247895,6.601909658278726,,,
VitalDB,0.75,risk_MAR,strong,IPAW_design_probability_truncated99,reconstructed,event_rate_interval_coverage,300,0.9933333333333333,,,,,,
VitalDB,0.75,risk_MAR,strong,IPAW_design_probability_untruncated,reconstructed,event_rate,300,0.1309051631306896,0.012865535505894237,0.1085059894036107,0.15798831713529055,0.1419753086419753,-0.011070145511285712,0.016956367107420718
VitalDB,0.75,risk_MAR,strong,IPAW_design_probability_untruncated,reconstructed,oe,300,1.2995711572139683,0.12936522463743708,1.0886368610100807,1.683957341566638,1.4167750646420612,-0.11720390742809284,0.17440278875089468
VitalDB,0.75,risk_MAR,strong,IPAW_design_probability_untruncated,reconstructed,brier,300,0.10080009944839581,0.01178882646868144,0.08214205395625472,0.1294091742893796,0.11053590028892503,-0.009735800840529218,0.015274128215715119
VitalDB,0.75,risk_MAR,strong,IPAW_design_probability_untruncated,reconstructed,auc,300,0.7345094235021032,0.04773158552311074,0.5660210661487419,0.8029306786451148,0.7044103847356897,0.03009903876641351,0.05636188467120545
VitalDB,0.75,risk_MAR,strong,IPAW_design_probability_untruncated,reconstructed,calibration_intercept,300,-0.11709466060834392,0.2914406002389309,-1.4037884488583385,0.15033367996106248,-0.22511057884817762,0.1080159182398337,0.31035775590318987
VitalDB,0.75,risk_MAR,strong,IPAW_design_probability_untruncated,reconstructed,calibration_slope,300,0.7707914999233412,0.16525852647966136,0.09697394216110083,0.9651410848183315,0.6581631632744903,0.11262833664885086,0.19976107776191468
VitalDB,0.75,risk_MAR,strong,IPAW_design_probability_untruncated,reconstructed,outcome_observed_fraction,300,0.726656378600823,0.019538011831513147,0.6897376543209877,0.7654320987654321,,,
VitalDB,0.75,risk_MAR,strong,IPAW_design_probability_untruncated,reconstructed,reconstructed_sensitivity,300,0.7935507246376811,0.04922403143452371,0.6956521739130435,0.8913043478260869,,,
VitalDB,0.75,risk_MAR,strong,IPAW_design_probability_untruncated,reconstructed,ess,300,185.52759833347798,23.5221468596091,134.5102208166575,217.26797535705384,324.0,-138.47240166652202,140.44946817819098
VitalDB,0.75,risk_MAR,strong,IPAW_design_probability_untruncated,reconstructed,event_rate_se,300,0.021736723031621476,0.004042952587759545,0.01874642579417942,0.039964504279915984,0.019390267411834264,0.002346455619787212,0.004668708035107752
VitalDB,0.75,risk_MAR,strong,IPAW_design_probability_untruncated,reconstructed,weight_p99,300,3.5694098442052495,0.9362972672144947,2.7327103915247895,6.601909658278726,,,
VitalDB,0.75,risk_MAR,strong,IPAW_design_probability_untruncated,reconstructed,weight_max,300,8.289043711273894,3.8824774449350814,3.2372657518745847,14.8980249354997,,,
VitalDB,0.75,risk_MAR,strong,IPAW_design_probability_untruncated,reconstructed,event_rate_interval_coverage,300,0.99,,,,,,
VitalDB,0.75,risk_MAR,strong,full_reference,full,event_rate,300,0.1419753086419753,0.0,0.1419753086419753,0.1419753086419753,0.1419753086419753,0.0,0.0
VitalDB,0.75,risk_MAR,strong,full_reference,full,oe,300,1.4167750646420616,4.448312140598118e-16,1.4167750646420612,1.4167750646420612,1.4167750646420612,4.440892098500626e-16,0.0
VitalDB,0.75,risk_MAR,strong,full_reference,full,brier,300,0.11053590028892503,0.0,0.11053590028892503,0.11053590028892503,0.11053590028892503,0.0,0.0
VitalDB,0.75,risk_MAR,strong,full_reference,full,auc,300,0.7044103847356897,0.0,0.7044103847356897,0.7044103847356897,0.7044103847356897,0.0,0.0
VitalDB,0.75,risk_MAR,strong,full_reference,full,calibration_intercept,300,-0.2251105788481776,2.7801950878738235e-17,-0.22511057884817762,-0.22511057884817762,-0.22511057884817762,2.7755575615628914e-17,0.0
VitalDB,0.75,risk_MAR,strong,full_reference,full,calibration_slope,300,0.6581631632744902,1.1120780351495294e-16,0.6581631632744903,0.6581631632744903,0.6581631632744903,-1.1102230246251565e-16,0.0
VitalDB,0.75,risk_MAR,strong,full_reference,full,outcome_observed_fraction,300,0.726656378600823,0.019538011831513147,0.6897376543209877,0.7654320987654321,,,
VitalDB,0.75,risk_MAR,strong,full_reference,full,reconstructed_sensitivity,300,0.7935507246376811,0.04922403143452371,0.6956521739130435,0.8913043478260869,,,
VitalDB,0.75,risk_MAR,strong,full_reference,full,ess,300,324.0,0.0,324.0,324.0,324.0,0.0,0.0
VitalDB,0.75,risk_MAR,strong,full_reference,full,event_rate_se,300,0.01939026741183426,3.475243859842279e-18,0.019390267411834264,0.019390267411834264,0.019390267411834264,-3.469446951953614e-18,0.0
VitalDB,0.75,risk_MAR,strong,full_reference,full,event_rate_interval_coverage,300,1.0,,,,,,
VitalDB,0.75,risk_MAR,strong,naive,reconstructed,event_rate,300,0.15823435710135342,0.009836545357327434,0.1400776836158192,0.17439390981846575,0.1419753086419753,0.016259048459378117,0.018994519103045046
VitalDB,0.75,risk_MAR,strong,naive,reconstructed,oe,300,1.2770873729561447,0.0780049944058928,1.1259783386821196,1.4115860067028914,1.4167750646420612,-0.13968769168591644,0.15992857081718945
VitalDB,0.75,risk_MAR,strong,naive,reconstructed,brier,300,0.11806818059371542,0.008305506551948977,0.10253304245184945,0.13207237724581186,0.11053590028892503,0.00753228030479039,0.011202086749535522
VitalDB,0.75,risk_MAR,strong,naive,reconstructed,auc,300,0.7198301530365478,0.025698432420830458,0.6737500970434108,0.7663747783473578,0.7044103847356897,0.015419768300858117,0.029932880225216833
VitalDB,0.75,risk_MAR,strong,naive,reconstructed,calibration_intercept,300,-0.10007628903748048,0.09559320261424531,-0.27745442485444205,0.07581273668131745,-0.22511057884817762,0.12503428981069714,0.15729327326121334
VitalDB,0.75,risk_MAR,strong,naive,reconstructed,calibration_slope,300,0.756884332045582,0.07345157267045116,0.6278166951945264,0.8923409115057029,0.6581631632744903,0.09872116877109172,0.12297568423418934
VitalDB,0.75,risk_MAR,strong,naive,reconstructed,outcome_observed_fraction,300,0.726656378600823,0.019538011831513147,0.6897376543209877,0.7654320987654321,,,
VitalDB,0.75,risk_MAR,strong,naive,reconstructed,reconstructed_sensitivity,300,0.7935507246376811,0.04922403143452371,0.6956521739130435,0.8913043478260869,,,
VitalDB,0.75,risk_MAR,strong,naive,reconstructed,ess,300,235.43666666666667,6.330315833410259,223.475,248.0,324.0,-88.56333333333333,88.78853154171057
VitalDB,0.75,risk_MAR,strong,naive,reconstructed,event_rate_se,300,0.023777244775430025,0.0007463550001337999,0.022311059464083963,0.025055217612396073,0.019390267411834264,0.004386977363595761,0.004449804417683874
VitalDB,0.75,risk_MAR,strong,naive,reconstructed,event_rate_interval_coverage,300,1.0,,,,,,
VitalDB,0.75,risk_MAR,strong,recalibration_intercept_apparent,reconstructed,event_rate,300,0.15823435710135342,0.009836545357327434,0.1400776836158192,0.17439390981846575,,,
VitalDB,0.75,risk_MAR,strong,recalibration_intercept_apparent,reconstructed,oe,300,0.999611035516603,0.02193800080925499,0.9557326200364115,1.047238760068973,1.0,-0.00038896448339698075,0.021904860646544344
VitalDB,0.75,risk_MAR,strong,recalibration_intercept_apparent,reconstructed,brier,300,0.11978801974378211,0.00871059301392174,0.10360159711766738,0.134435774717721,,,
VitalDB,0.75,risk_MAR,strong,recalibration_intercept_apparent,reconstructed,auc,300,0.7072722551413655,0.03129096986731739,0.6472046175373135,0.7616874566874567,,,
VitalDB,0.75,risk_MAR,strong,recalibration_intercept_apparent,reconstructed,calibration_intercept,300,-0.4364683778752696,0.14452186618995813,-0.7587317305357437,-0.19552862619601669,0.0,-0.4364683778752696,0.45969728386487174
VitalDB,0.75,risk_MAR,strong,recalibration_intercept_apparent,reconstructed,calibration_slope,300,0.7075223189841915,0.09663121448452239,0.5023236418206675,0.8714350841852876,1.0,-0.2924776810158085,0.3079767202237255
VitalDB,0.75,risk_MAR,strong,recalibration_intercept_apparent,reconstructed,outcome_observed_fraction,300,0.726656378600823,0.019538011831513147,0.6897376543209877,0.7654320987654321,,,
VitalDB,0.75,risk_MAR,strong,recalibration_intercept_apparent,reconstructed,reconstructed_sensitivity,300,0.7935507246376811,0.04922403143452371,0.6956521739130435,0.8913043478260869,,,
VitalDB,0.75,risk_MAR,strong,recalibration_intercept_apparent,reconstructed,ess,300,235.43666666666667,6.330315833410259,223.475,248.0,,,
VitalDB,0.75,risk_MAR,strong,recalibration_intercept_apparent,reconstructed,event_rate_se,300,0.023777244775430025,0.0007463550001337999,0.022311059464083963,0.025055217612396073,,,
VitalDB,0.75,risk_MAR,strong,recalibration_intercept_slope_apparent,reconstructed,event_rate,300,0.15823435710135342,0.009836545357327434,0.1400776836158192,0.17439390981846575,,,
VitalDB,0.75,risk_MAR,strong,recalibration_intercept_slope_apparent,reconstructed,oe,300,0.9993612773263013,0.029458547640571646,0.9416723350630364,1.0585783693166668,1.0,-0.0006387226736986884,0.02941634424910898
VitalDB,0.75,risk_MAR,strong,recalibration_intercept_slope_apparent,reconstructed,brier,300,0.120017200129727,0.008783770958851397,0.1036529511331894,0.13834498058684674,,,
VitalDB,0.75,risk_MAR,strong,recalibration_intercept_slope_apparent,reconstructed,auc,300,0.6982101130086295,0.033404738701582434,0.629495046177227,0.7537082619466138,,,
VitalDB,0.75,risk_MAR,strong,recalibration_intercept_slope_apparent,reconstructed,calibration_intercept,300,-0.2424492684356004,0.21864446310104085,-0.7883802143191373,0.022374912410423498,0.0,-0.2424492684356004,0.326232582174463
VitalDB,0.75,risk_MAR,strong,recalibration_intercept_slope_apparent,reconstructed,calibration_slope,300,0.8420282266817658,0.13694001783107967,0.5052026352860938,1.0081587479886909,1.0,-0.1579717733182342,0.20891419551402457
VitalDB,0.75,risk_MAR,strong,recalibration_intercept_slope_apparent,reconstructed,outcome_observed_fraction,300,0.726656378600823,0.019538011831513147,0.6897376543209877,0.7654320987654321,,,
VitalDB,0.75,risk_MAR,strong,recalibration_intercept_slope_apparent,reconstructed,reconstructed_sensitivity,300,0.7935507246376811,0.04922403143452371,0.6956521739130435,0.8913043478260869,,,
VitalDB,0.75,risk_MAR,strong,recalibration_intercept_slope_apparent,reconstructed,ess,300,235.43666666666667,6.330315833410259,223.475,248.0,,,
VitalDB,0.75,risk_MAR,strong,recalibration_intercept_slope_apparent,reconstructed,event_rate_se,300,0.023777244775430025,0.0007463550001337999,0.022311059464083963,0.025055217612396073,,,
VitalDB,0.75,risk_MAR,strong,recalibration_intercept_slope_truth,full,event_rate,300,0.1419753086419753,0.0,0.1419753086419753,0.1419753086419753,,,
VitalDB,0.75,risk_MAR,strong,recalibration_intercept_slope_truth,full,oe,300,1.0670090235486163,0.08688217726455372,0.9237949997830253,1.2636907282805971,1.0,0.06700902354861626,0.10960638783429036
VitalDB,0.75,risk_MAR,strong,recalibration_intercept_slope_truth,full,brier,300,0.11146300034635027,0.00292191625320872,0.10861867078598808,0.11932832567616602,,,
VitalDB,0.75,risk_MAR,strong,recalibration_intercept_slope_truth,full,auc,300,0.686646074444792,0.017772733174006454,0.6416855645918047,0.7066820456678136,,,
VitalDB,0.75,risk_MAR,strong,recalibration_intercept_slope_truth,full,calibration_intercept,300,-0.34360909460288097,0.20845787443420488,-0.8349462226904757,0.002770080004956746,0.0,-0.34360909460288097,0.4017176201712586
VitalDB,0.75,risk_MAR,strong,recalibration_intercept_slope_truth,full,calibration_slope,300,0.7544460862766347,0.12859607557962555,0.4600376053605258,0.9712013949994759,1.0,-0.24555391372336532,0.27708942966214795
VitalDB,0.75,risk_MAR,strong,recalibration_intercept_slope_truth,full,outcome_observed_fraction,300,0.726656378600823,0.019538011831513147,0.6897376543209877,0.7654320987654321,,,
VitalDB,0.75,risk_MAR,strong,recalibration_intercept_slope_truth,full,reconstructed_sensitivity,300,0.7935507246376811,0.04922403143452371,0.6956521739130435,0.8913043478260869,,,
VitalDB,0.75,risk_MAR,strong,recalibration_intercept_slope_truth,full,ess,300,324.0,0.0,324.0,324.0,,,
VitalDB,0.75,risk_MAR,strong,recalibration_intercept_slope_truth,full,event_rate_se,300,0.01939026741183426,3.475243859842279e-18,0.019390267411834264,0.019390267411834264,,,
VitalDB,0.75,risk_MAR,strong,recalibration_intercept_truth,full,event_rate,300,0.1419753086419753,0.0,0.1419753086419753,0.1419753086419753,,,
VitalDB,0.75,risk_MAR,strong,recalibration_intercept_truth,full,oe,300,1.1031574577629704,0.07883019821698688,0.9669867269737354,1.2635296239027,1.0,0.10315745776297036,0.12974955584719874
VitalDB,0.75,risk_MAR,strong,recalibration_intercept_truth,full,brier,300,0.11143431926947575,0.0020013690370090918,0.10979875932056454,0.11727471496139447,,,
VitalDB,0.75,risk_MAR,strong,recalibration_intercept_truth,full,auc,300,0.6949637681159421,0.013690207745046116,0.6559098373475133,0.7075950109477634,,,
VitalDB,0.75,risk_MAR,strong,recalibration_intercept_truth,full,calibration_intercept,300,-0.5193343385002128,0.10473950994041469,-0.7658334583939194,-0.3583260905534738,0.0,-0.5193343385002128,0.5297565027490176
VitalDB,0.75,risk_MAR,strong,recalibration_intercept_truth,full,calibration_slope,300,0.6229871862197391,0.04636213807328589,0.5002016503642184,0.6624222205217167,1.0,-0.37701281378026086,0.3798433160858308
VitalDB,0.75,risk_MAR,strong,recalibration_intercept_truth,full,outcome_observed_fraction,300,0.726656378600823,0.019538011831513147,0.6897376543209877,0.7654320987654321,,,
VitalDB,0.75,risk_MAR,strong,recalibration_intercept_truth,full,reconstructed_sensitivity,300,0.7935507246376811,0.04922403143452371,0.6956521739130435,0.8913043478260869,,,
VitalDB,0.75,risk_MAR,strong,recalibration_intercept_truth,full,ess,300,324.0,0.0,324.0,324.0,,,
VitalDB,0.75,risk_MAR,strong,recalibration_intercept_truth,full,event_rate_se,300,0.01939026741183426,3.475243859842279e-18,0.019390267411834264,0.019390267411834264,,,
VitalDB,0.75,risk_MAR,strong,reference_05pct_recalibration,full_heldout,event_rate,298,0.1415331233164407,0.0061306054044148895,0.1292517006802721,0.15306122448979592,,,
VitalDB,0.75,risk_MAR,strong,reference_05pct_recalibration,full_heldout,oe,298,1.3088195081391674,1.8546475821376807,0.48830589594888174,3.475474813321828,1.0,0.30881950813916736,1.8771106695784943
VitalDB,0.75,risk_MAR,strong,reference_05pct_recalibration,full_heldout,brier,298,0.12141103952679437,0.015114725908730251,0.10772518920610252,0.16032722798346644,,,
VitalDB,0.75,risk_MAR,strong,reference_05pct_recalibration,full_heldout,auc,298,0.6614067160311539,0.12371287667324328,0.26762704383312413,0.7244558735837806,,,
VitalDB,0.75,risk_MAR,strong,reference_05pct_recalibration,full_heldout,calibration_intercept,298,-0.8507857916177832,12.749231035458847,-10.081751524358445,12.69209516179809,0.0,-0.8507857916177832,12.756225245441227
VitalDB,0.75,risk_MAR,strong,reference_05pct_recalibration,full_heldout,calibration_slope,298,0.6481212501478893,6.013271052750118,-3.7350502568770056,8.193445449152446,1.0,-0.35187874985211065,6.013477117566358
VitalDB,0.75,risk_MAR,strong,reference_05pct_recalibration,full_heldout,outcome_observed_fraction,298,0.726592924020217,0.019587814116473867,0.6895833333333333,0.7654320987654321,,,
VitalDB,0.75,risk_MAR,strong,reference_05pct_recalibration,full_heldout,reconstructed_sensitivity,298,0.793332360665305,0.049316785160600576,0.6956521739130435,0.8913043478260869,,,
VitalDB,0.75,risk_MAR,strong,reference_05pct_recalibration,full_heldout,ess,298,294.0,0.0,294.0,294.0,,,
VitalDB,0.75,risk_MAR,strong,reference_05pct_recalibration,full_heldout,event_rate_se,298,0.020322514294737345,0.0003726558201084104,0.019565492543623577,0.020998338616454712,,,
VitalDB,0.75,risk_MAR,strong,reference_05pct_recalibration,full_heldout,reference_sample_n,298,30.0,0.0,30.0,30.0,,,
VitalDB,0.75,risk_MAR,strong,reference_05pct_recalibration,full_heldout,evaluation_n,298,294.0,0.0,294.0,294.0,,,
VitalDB,0.75,risk_MAR,strong,reference_10pct_recalibration,full_heldout,event_rate,298,0.14171221661016165,0.006449292047765516,0.12714776632302405,0.15120274914089346,,,
VitalDB,0.75,risk_MAR,strong,reference_10pct_recalibration,full_heldout,oe,298,1.233191684493514,1.3352109765304039,0.5094903596486763,2.9262274704492035,1.0,0.23319168449351402,1.3532125488319962
VitalDB,0.75,risk_MAR,strong,reference_10pct_recalibration,full_heldout,brier,298,0.12001364794071233,0.013036911815091702,0.1073408580606549,0.15100956868536725,,,
VitalDB,0.75,risk_MAR,strong,reference_10pct_recalibration,full_heldout,auc,298,0.6638790298752464,0.12210927582703582,0.2685975609756098,0.7247041595340492,,,
VitalDB,0.75,risk_MAR,strong,reference_10pct_recalibration,full_heldout,calibration_intercept,298,-0.060083871152231225,5.930609403171759,-11.470120376740807,13.859959890579407,0.0,-0.060083871152231225,5.920955217678414
VitalDB,0.75,risk_MAR,strong,reference_10pct_recalibration,full_heldout,calibration_slope,298,0.9648117004104699,3.022886411002194,-5.110075774793274,8.782704300289517,1.0,-0.03518829958953007,3.0180153362879256
VitalDB,0.75,risk_MAR,strong,reference_10pct_recalibration,full_heldout,outcome_observed_fraction,298,0.726592924020217,0.019587814116473867,0.6895833333333333,0.7654320987654321,,,
VitalDB,0.75,risk_MAR,strong,reference_10pct_recalibration,full_heldout,reconstructed_sensitivity,298,0.793332360665305,0.049316785160600576,0.6956521739130435,0.8913043478260869,,,
VitalDB,0.75,risk_MAR,strong,reference_10pct_recalibration,full_heldout,ess,298,291.0,0.0,291.0,291.0,,,
VitalDB,0.75,risk_MAR,strong,reference_10pct_recalibration,full_heldout,event_rate_se,298,0.020437105340974683,0.00039348969547730824,0.019528920473301695,0.02100077545558355,,,
VitalDB,0.75,risk_MAR,strong,reference_10pct_recalibration,full_heldout,reference_sample_n,298,33.0,0.0,33.0,33.0,,,
VitalDB,0.75,risk_MAR,strong,reference_10pct_recalibration,full_heldout,evaluation_n,298,291.0,0.0,291.0,291.0,,,
VitalDB,0.75,risk_MAR,strong,reference_20pct_recalibration,full_heldout,event_rate,300,0.1416988416988417,0.00977122538471061,0.11969111969111969,0.1583011583011583,,,
VitalDB,0.75,risk_MAR,strong,reference_20pct_recalibration,full_heldout,oe,300,1.08168272338987,0.37527231350202916,0.5304385772932668,1.9934138323744524,1.0,0.08168272338987004,0.3834474482254564
VitalDB,0.75,risk_MAR,strong,reference_20pct_recalibration,full_heldout,brier,300,0.11455330581731701,0.00834572496772132,0.10281321879346318,0.13375895555638773,,,
VitalDB,0.75,risk_MAR,strong,reference_20pct_recalibration,full_heldout,auc,300,0.6977563668430102,0.05696849715336467,0.6506543838646187,0.7393237210668431,,,
VitalDB,0.75,risk_MAR,strong,reference_20pct_recalibration,full_heldout,calibration_intercept,300,1.2293597306639132,9.252435605772696,-1.241055056320205,17.135817319521692,0.0,1.2293597306639132,9.318451128677546
VitalDB,0.75,risk_MAR,strong,reference_20pct_recalibration,full_heldout,calibration_slope,300,1.6394002879614433,4.781455519124352,0.2954256063657439,9.93306296948702,1.0,0.6394002879614433,4.816112736084156
VitalDB,0.75,risk_MAR,strong,reference_20pct_recalibration,full_heldout,outcome_observed_fraction,300,0.726656378600823,0.019538011831513147,0.6897376543209877,0.7654320987654321,,,
VitalDB,0.75,risk_MAR,strong,reference_20pct_recalibration,full_heldout,reconstructed_sensitivity,300,0.7935507246376811,0.04922403143452371,0.6956521739130435,0.8913043478260869,,,
VitalDB,0.75,risk_MAR,strong,reference_20pct_recalibration,full_heldout,ess,300,259.0,0.0,259.0,259.0,,,
VitalDB,0.75,risk_MAR,strong,reference_20pct_recalibration,full_heldout,event_rate_se,300,0.021651855643767988,0.0006383323820931562,0.020169662179260833,0.022681435061616448,,,
VitalDB,0.75,risk_MAR,strong,reference_20pct_recalibration,full_heldout,reference_sample_n,300,65.0,0.0,65.0,65.0,,,
VitalDB,0.75,risk_MAR,strong,reference_20pct_recalibration,full_heldout,evaluation_n,300,259.0,0.0,259.0,259.0,,,
VitalDB,0.75,risk_MAR,strong,reference_30pct_recalibration,full_heldout,event_rate,300,0.1421533923303835,0.012756615752171895,0.11504424778761062,0.16371681415929204,,,
VitalDB,0.75,risk_MAR,strong,reference_30pct_recalibration,full_heldout,oe,300,1.07574582581782,0.3367475972378124,0.6133354063787414,1.7957885071885589,1.0,0.07574582581782008,0.344613374513302
VitalDB,0.75,risk_MAR,strong,reference_30pct_recalibration,full_heldout,brier,300,0.1129927839776019,0.009450359111242155,0.09783367025100995,0.1370996956797828,,,
VitalDB,0.75,risk_MAR,strong,reference_30pct_recalibration,full_heldout,auc,300,0.7019833250573551,0.039423346576178415,0.6481785501753596,0.7561563010360315,,,
VitalDB,0.75,risk_MAR,strong,reference_30pct_recalibration,full_heldout,calibration_intercept,300,0.7017454522192614,3.6482346055321906,-1.086875695440452,5.445513225896133,0.0,0.7017454522192614,3.709136965780992
VitalDB,0.75,risk_MAR,strong,reference_30pct_recalibration,full_heldout,calibration_slope,300,1.3395242836973316,1.647702606301013,0.3907997027353678,3.825343428796884,1.0,0.33952428369733156,1.6796281945027698
VitalDB,0.75,risk_MAR,strong,reference_30pct_recalibration,full_heldout,outcome_observed_fraction,300,0.726656378600823,0.019538011831513147,0.6897376543209877,0.7654320987654321,,,
VitalDB,0.75,risk_MAR,strong,reference_30pct_recalibration,full_heldout,reconstructed_sensitivity,300,0.7935507246376811,0.04922403143452371,0.6956521739130435,0.8913043478260869,,,
VitalDB,0.75,risk_MAR,strong,reference_30pct_recalibration,full_heldout,ess,300,226.0,0.0,226.0,226.0,,,
VitalDB,0.75,risk_MAR,strong,reference_30pct_recalibration,full_heldout,event_rate_se,300,0.02319692593118838,0.0008779274354623527,0.021224575507663327,0.024613258075699584,,,
VitalDB,0.75,risk_MAR,strong,reference_30pct_recalibration,full_heldout,reference_sample_n,300,98.0,0.0,98.0,98.0,,,
VitalDB,0.75,risk_MAR,strong,reference_30pct_recalibration,full_heldout,evaluation_n,300,226.0,0.0,226.0,226.0,,,
VitalDB,0.75,risk_MAR,weak,AIPW_design_probability,reconstructed,event_rate,300,0.12934283032903846,0.010113677341973177,0.10973675822732246,0.14876907037015924,0.1419753086419753,-0.012632478312936846,0.016171735305972462
VitalDB,0.75,risk_MAR,weak,AIPW_design_probability,reconstructed,oe,300,1.2907152557246313,0.10092463264916372,1.095065784454011,1.4845701784803615,1.4167750646420612,-0.12605980891742985,0.1613781406967799
VitalDB,0.75,risk_MAR,weak,AIPW_design_probability,reconstructed,outcome_observed_fraction,300,0.7646913580246913,0.02206724614475815,0.7191358024691358,0.8040895061728395,,,
VitalDB,0.75,risk_MAR,weak,AIPW_design_probability,reconstructed,reconstructed_sensitivity,300,0.7917391304347826,0.052398213990613736,0.6956521739130435,0.8913043478260869,,,
VitalDB,0.75,risk_MAR,weak,AIPW_design_probability,reconstructed,ess,300,230.89380027838993,6.567304440674218,218.990684145964,243.56773561687325,324.0,-93.10619972161007,93.33675668919565
VitalDB,0.75,risk_MAR,weak,AIPW_design_probability,reconstructed,event_rate_se,300,0.020405230358535587,0.0009819243562114465,0.018593389941096713,0.022308847883753386,0.019390267411834264,0.0010149629467013227,0.0014110674350859902
VitalDB,0.75,risk_MAR,weak,AIPW_design_probability,reconstructed,event_rate_interval_coverage,300,0.9833333333333333,,,,,,
VitalDB,0.75,risk_MAR,weak,Gamma2_prediction_sensitivity_region,full,event_rate,300,0.1276535074832872,0.007420462101934852,0.11288558968213525,0.14099877400723182,0.1419753086419753,-0.014321801158688113,0.01612432020404471
VitalDB,0.75,risk_MAR,weak,Gamma2_prediction_sensitivity_region,full,outcome_observed_fraction,300,0.7646913580246913,0.02206724614475815,0.7191358024691358,0.8040895061728395,,,
VitalDB,0.75,risk_MAR,weak,Gamma2_prediction_sensitivity_region,full,reconstructed_sensitivity,300,0.7917391304347826,0.052398213990613736,0.6956521739130435,0.8913043478260869,,,
VitalDB,0.75,risk_MAR,weak,Gamma2_prediction_sensitivity_region,full,MNAR_event_rate_coverage,300,0.17333333333333334,,,,,,
VitalDB,0.75,risk_MAR,weak,IPAW_design_probability_truncated99,reconstructed,event_rate,300,0.1299056611841511,0.010673989212166142,0.11173355866871133,0.14810856994318433,0.1419753086419753,-0.012069647457824212,0.016100641456329123
VitalDB,0.75,risk_MAR,weak,IPAW_design_probability_truncated99,reconstructed,oe,300,1.2906038041291863,0.10070685523362988,1.094779605212726,1.4778328473378426,1.4167750646420612,-0.12617126051287486,0.16132963594708236
VitalDB,0.75,risk_MAR,weak,IPAW_design_probability_truncated99,reconstructed,brier,300,0.10098905708637047,0.009200713151560198,0.08530339466552099,0.11730262628181365,0.11053590028892503,-0.009546843202554556,0.013248138003374814
VitalDB,0.75,risk_MAR,weak,IPAW_design_probability_truncated99,reconstructed,auc,300,0.7185695937176316,0.032651987612515934,0.6581833038791822,0.7806512691105032,0.7044103847356897,0.014159208981941895,0.035539860059638745
VitalDB,0.75,risk_MAR,weak,IPAW_design_probability_truncated99,reconstructed,calibration_intercept,300,-0.24361892700863033,0.18628332206495857,-0.6083640523457498,0.07600449344076472,-0.22511057884817762,-0.018508348160452714,0.18689131452331795
VitalDB,0.75,risk_MAR,weak,IPAW_design_probability_truncated99,reconstructed,calibration_slope,300,0.7096149006469243,0.11044653453465259,0.5106651953424021,0.9206960970360457,0.6581631632744903,0.051451737372434025,0.1216760322032257
VitalDB,0.75,risk_MAR,weak,IPAW_design_probability_truncated99,reconstructed,outcome_observed_fraction,300,0.7646913580246913,0.02206724614475815,0.7191358024691358,0.8040895061728395,,,
VitalDB,0.75,risk_MAR,weak,IPAW_design_probability_truncated99,reconstructed,reconstructed_sensitivity,300,0.7917391304347826,0.052398213990613736,0.6956521739130435,0.8913043478260869,,,
VitalDB,0.75,risk_MAR,weak,IPAW_design_probability_truncated99,reconstructed,ess,300,233.1188282583696,6.483357381995683,220.86636721391656,245.43832443055405,324.0,-90.8811717416304,91.1113669472581
VitalDB,0.75,risk_MAR,weak,IPAW_design_probability_truncated99,reconstructed,event_rate_se,300,0.020528660172568904,0.0010461691552197058,0.018713935299453865,0.022399734668244308,0.019390267411834264,0.0011383927607346404,0.0015449141549036638
VitalDB,0.75,risk_MAR,weak,IPAW_design_probability_truncated99,reconstructed,weight_p99,300,2.461014380903066,0.23466313841712902,2.1333788609466207,2.9814852254533393,,,
VitalDB,0.75,risk_MAR,weak,IPAW_design_probability_truncated99,reconstructed,weight_max,300,2.5091255960516907,0.248535057970861,2.136148476243606,3.0032064199438464,,,
VitalDB,0.75,risk_MAR,weak,IPAW_design_probability_truncated99,reconstructed,event_rate_interval_coverage,300,0.99,,,,,,
VitalDB,0.75,risk_MAR,weak,IPAW_design_probability_untruncated,reconstructed,event_rate,300,0.12934713998650818,0.010619869550875105,0.11131256819421452,0.14727277295010016,0.1419753086419753,-0.01262816865546712,0.016488672903064938
VitalDB,0.75,risk_MAR,weak,IPAW_design_probability_untruncated,reconstructed,oe,300,1.2901113720326014,0.10065922244122158,1.0944728653416458,1.4771891467163496,1.4167750646420612,-0.12666369260945975,0.1616854842723784
VitalDB,0.75,risk_MAR,weak,IPAW_design_probability_untruncated,reconstructed,brier,300,0.10055532152311737,0.009155673924268174,0.0849105141532157,0.11697252251380656,0.11053590028892503,-0.009980578765807657,0.013533620960087618
VitalDB,0.75,risk_MAR,weak,IPAW_design_probability_untruncated,reconstructed,auc,300,0.719861353456107,0.03256011666721061,0.6591106767923018,0.7817473914710071,0.7044103847356897,0.01545096872041729,0.0359911066949009
VitalDB,0.75,risk_MAR,weak,IPAW_design_probability_untruncated,reconstructed,calibration_intercept,300,-0.24049325002213578,0.1859346850180908,-0.6039699916079497,0.07767186440891873,-0.22511057884817762,-0.015382671173958168,0.1862608242266209
VitalDB,0.75,risk_MAR,weak,IPAW_design_probability_untruncated,reconstructed,calibration_slope,300,0.7116455841570063,0.11011187290914265,0.5125302409848048,0.9220258509108771,0.6581631632744903,0.05348242088251598,0.12224802036772851
VitalDB,0.75,risk_MAR,weak,IPAW_design_probability_untruncated,reconstructed,outcome_observed_fraction,300,0.7646913580246913,0.02206724614475815,0.7191358024691358,0.8040895061728395,,,
VitalDB,0.75,risk_MAR,weak,IPAW_design_probability_untruncated,reconstructed,reconstructed_sensitivity,300,0.7917391304347826,0.052398213990613736,0.6956521739130435,0.8913043478260869,,,
VitalDB,0.75,risk_MAR,weak,IPAW_design_probability_untruncated,reconstructed,ess,300,230.89380027838993,6.567304440674218,218.990684145964,243.56773561687325,324.0,-93.10619972161007,93.33675668919565
VitalDB,0.75,risk_MAR,weak,IPAW_design_probability_untruncated,reconstructed,event_rate_se,300,0.02047038462100912,0.001044879990646497,0.018652294049961958,0.022345524926675638,0.019390267411834264,0.0010801172091748565,0.001501595196147394
VitalDB,0.75,risk_MAR,weak,IPAW_design_probability_untruncated,reconstructed,weight_p99,300,2.5091255960516907,0.248535057970861,2.136148476243606,3.0032064199438464,,,
VitalDB,0.75,risk_MAR,weak,IPAW_design_probability_untruncated,reconstructed,weight_max,300,3.4226456518307637,0.49326176117635623,2.425245160147396,4.036916214489471,,,
VitalDB,0.75,risk_MAR,weak,IPAW_design_probability_untruncated,reconstructed,event_rate_interval_coverage,300,0.99,,,,,,
VitalDB,0.75,risk_MAR,weak,full_reference,full,event_rate,300,0.1419753086419753,0.0,0.1419753086419753,0.1419753086419753,0.1419753086419753,0.0,0.0
VitalDB,0.75,risk_MAR,weak,full_reference,full,oe,300,1.4167750646420616,4.448312140598118e-16,1.4167750646420612,1.4167750646420612,1.4167750646420612,4.440892098500626e-16,0.0
VitalDB,0.75,risk_MAR,weak,full_reference,full,brier,300,0.11053590028892503,0.0,0.11053590028892503,0.11053590028892503,0.11053590028892503,0.0,0.0
VitalDB,0.75,risk_MAR,weak,full_reference,full,auc,300,0.7044103847356897,0.0,0.7044103847356897,0.7044103847356897,0.7044103847356897,0.0,0.0
VitalDB,0.75,risk_MAR,weak,full_reference,full,calibration_intercept,300,-0.2251105788481776,2.7801950878738235e-17,-0.22511057884817762,-0.22511057884817762,-0.22511057884817762,2.7755575615628914e-17,0.0
VitalDB,0.75,risk_MAR,weak,full_reference,full,calibration_slope,300,0.6581631632744902,1.1120780351495294e-16,0.6581631632744903,0.6581631632744903,0.6581631632744903,-1.1102230246251565e-16,0.0
VitalDB,0.75,risk_MAR,weak,full_reference,full,outcome_observed_fraction,300,0.7646913580246913,0.02206724614475815,0.7191358024691358,0.8040895061728395,,,
VitalDB,0.75,risk_MAR,weak,full_reference,full,reconstructed_sensitivity,300,0.7917391304347826,0.052398213990613736,0.6956521739130435,0.8913043478260869,,,
VitalDB,0.75,risk_MAR,weak,full_reference,full,ess,300,324.0,0.0,324.0,324.0,324.0,0.0,0.0
VitalDB,0.75,risk_MAR,weak,full_reference,full,event_rate_se,300,0.01939026741183426,3.475243859842279e-18,0.019390267411834264,0.019390267411834264,0.019390267411834264,-3.469446951953614e-18,0.0
VitalDB,0.75,risk_MAR,weak,full_reference,full,event_rate_interval_coverage,300,1.0,,,,,,
VitalDB,0.75,risk_MAR,weak,naive,reconstructed,event_rate,300,0.14990213354871448,0.010086410563910608,0.13110521235521236,0.1680172131147541,0.1419753086419753,0.007926824906739183,0.012815268715051942
VitalDB,0.75,risk_MAR,weak,naive,reconstructed,oe,300,1.2853533356365734,0.08340831893457068,1.1189897777099018,1.4314366326869776,1.4167750646420612,-0.13142172900548776,0.1555809393747339
VitalDB,0.75,risk_MAR,weak,naive,reconstructed,brier,300,0.11296800614386546,0.008286701784896556,0.0979723193722471,0.1280232134886771,0.11053590028892503,0.002432105854940428,0.008622973226979424
VitalDB,0.75,risk_MAR,weak,naive,reconstructed,auc,300,0.7198649497384468,0.025424605021544217,0.672382782937185,0.7685702505301186,0.7044103847356897,0.015454565002757104,0.02971698871225522
VitalDB,0.75,risk_MAR,weak,naive,reconstructed,calibration_intercept,300,-0.17259147231317473,0.1367557147457006,-0.4618113286108978,0.06846548702118323,-0.22511057884817762,0.052519106535002885,0.1462806947223627
VitalDB,0.75,risk_MAR,weak,naive,reconstructed,calibration_slope,300,0.7211226662282576,0.0823048600234521,0.5667929885149862,0.8857475450440648,0.6581631632744903,0.06295950295376729,0.1035152582749062
VitalDB,0.75,risk_MAR,weak,naive,reconstructed,outcome_observed_fraction,300,0.7646913580246913,0.02206724614475815,0.7191358024691358,0.8040895061728395,,,
VitalDB,0.75,risk_MAR,weak,naive,reconstructed,reconstructed_sensitivity,300,0.7917391304347826,0.052398213990613736,0.6956521739130435,0.8913043478260869,,,
VitalDB,0.75,risk_MAR,weak,naive,reconstructed,ess,300,247.76,7.14978775090164,233.0,260.525,324.0,-76.24000000000001,76.57340704622374
VitalDB,0.75,risk_MAR,weak,naive,reconstructed,event_rate_se,300,0.02267026953103224,0.0007756763899168879,0.021170121058915192,0.024190694011436347,0.019390267411834264,0.003280002119197975,0.0033701753936966105
VitalDB,0.75,risk_MAR,weak,naive,reconstructed,event_rate_interval_coverage,300,1.0,,,,,,
VitalDB,0.75,risk_MAR,weak,recalibration_intercept_apparent,reconstructed,event_rate,300,0.14990213354871448,0.010086410563910608,0.13110521235521236,0.1680172131147541,,,
VitalDB,0.75,risk_MAR,weak,recalibration_intercept_apparent,reconstructed,oe,300,0.9986900082927582,0.021383280095218248,0.950518518433996,1.0468775995829591,1.0,-0.0013099917072417755,0.02138776746206806
VitalDB,0.75,risk_MAR,weak,recalibration_intercept_apparent,reconstructed,brier,300,0.11492930000893897,0.008831935523008759,0.0997522573285323,0.13244322707475967,,,
VitalDB,0.75,risk_MAR,weak,recalibration_intercept_apparent,reconstructed,auc,300,0.7090536171838777,0.03044176322906647,0.6509233847913093,0.7637739379382814,,,
VitalDB,0.75,risk_MAR,weak,recalibration_intercept_apparent,reconstructed,calibration_intercept,300,-0.49776826770496396,0.1544135659823523,-0.8547956153053594,-0.19894937552662093,0.0,-0.49776826770496396,0.5210924286492007
VitalDB,0.75,risk_MAR,weak,recalibration_intercept_apparent,reconstructed,calibration_slope,300,0.6775428938552363,0.09912285343896032,0.4604922376898657,0.8729165171545437,1.0,-0.32245710614476375,0.33729982840724576
VitalDB,0.75,risk_MAR,weak,recalibration_intercept_apparent,reconstructed,outcome_observed_fraction,300,0.7646913580246913,0.02206724614475815,0.7191358024691358,0.8040895061728395,,,
VitalDB,0.75,risk_MAR,weak,recalibration_intercept_apparent,reconstructed,reconstructed_sensitivity,300,0.7917391304347826,0.052398213990613736,0.6956521739130435,0.8913043478260869,,,
VitalDB,0.75,risk_MAR,weak,recalibration_intercept_apparent,reconstructed,ess,300,247.76,7.14978775090164,233.0,260.525,,,
VitalDB,0.75,risk_MAR,weak,recalibration_intercept_apparent,reconstructed,event_rate_se,300,0.02267026953103224,0.0007756763899168879,0.021170121058915192,0.024190694011436347,,,
VitalDB,0.75,risk_MAR,weak,recalibration_intercept_slope_apparent,reconstructed,event_rate,300,0.14990213354871448,0.010086410563910608,0.13110521235521236,0.1680172131147541,,,
VitalDB,0.75,risk_MAR,weak,recalibration_intercept_slope_apparent,reconstructed,oe,300,1.0018507488409665,0.026141065572718697,0.9499983061944949,1.0588711597924794,1.0,0.0018507488409664763,0.026163003067663955
VitalDB,0.75,risk_MAR,weak,recalibration_intercept_slope_apparent,reconstructed,brier,300,0.11458485272485722,0.008514946042674332,0.09983666312139589,0.13036307642587722,,,
VitalDB,0.75,risk_MAR,weak,recalibration_intercept_slope_apparent,reconstructed,auc,300,0.6980660115926631,0.03176870405911666,0.6274303412632797,0.7567617617617617,,,
VitalDB,0.75,risk_MAR,weak,recalibration_intercept_slope_apparent,reconstructed,calibration_intercept,300,-0.24905236744236722,0.22864359649432064,-0.8815306329775633,0.04102782220702233,0.0,-0.24905236744236722,0.3378323789975034
VitalDB,0.75,risk_MAR,weak,recalibration_intercept_slope_apparent,reconstructed,calibration_slope,300,0.8422406163279279,0.138436748010937,0.47149216030123375,1.0097620717237563,1.0,-0.1577593836720721,0.20973524713894956
VitalDB,0.75,risk_MAR,weak,recalibration_intercept_slope_apparent,reconstructed,outcome_observed_fraction,300,0.7646913580246913,0.02206724614475815,0.7191358024691358,0.8040895061728395,,,
VitalDB,0.75,risk_MAR,weak,recalibration_intercept_slope_apparent,reconstructed,reconstructed_sensitivity,300,0.7917391304347826,0.052398213990613736,0.6956521739130435,0.8913043478260869,,,
VitalDB,0.75,risk_MAR,weak,recalibration_intercept_slope_apparent,reconstructed,ess,300,247.76,7.14978775090164,233.0,260.525,,,
VitalDB,0.75,risk_MAR,weak,recalibration_intercept_slope_apparent,reconstructed,event_rate_se,300,0.02267026953103224,0.0007756763899168879,0.021170121058915192,0.024190694011436347,,,
VitalDB,0.75,risk_MAR,weak,recalibration_intercept_slope_truth,full,event_rate,300,0.1419753086419753,0.0,0.1419753086419753,0.1419753086419753,,,
VitalDB,0.75,risk_MAR,weak,recalibration_intercept_slope_truth,full,oe,300,1.0671517856355437,0.08243826131968907,0.932123138535318,1.2508038143331353,1.0,0.06715178563554369,0.10622041087768383
VitalDB,0.75,risk_MAR,weak,recalibration_intercept_slope_truth,full,brier,300,0.11132063385470581,0.00286283539857999,0.10852786121087922,0.1198544202591066,,,
VitalDB,0.75,risk_MAR,weak,recalibration_intercept_slope_truth,full,auc,300,0.6852452820352414,0.018977659547887316,0.6333476696903347,0.7052334219580857,,,
VitalDB,0.75,risk_MAR,weak,recalibration_intercept_slope_truth,full,calibration_intercept,300,-0.2899854916798317,0.24024460871341788,-0.8660595185559575,0.146851674814709,0.0,-0.2899854916798317,0.3763198982611347
VitalDB,0.75,risk_MAR,weak,recalibration_intercept_slope_truth,full,calibration_slope,300,0.7869710329204774,0.14679012748126677,0.4742614712525153,1.0748384754268208,1.0,-0.21302896707952257,0.25856693112070933
VitalDB,0.75,risk_MAR,weak,recalibration_intercept_slope_truth,full,outcome_observed_fraction,300,0.7646913580246913,0.02206724614475815,0.7191358024691358,0.8040895061728395,,,
VitalDB,0.75,risk_MAR,weak,recalibration_intercept_slope_truth,full,reconstructed_sensitivity,300,0.7917391304347826,0.052398213990613736,0.6956521739130435,0.8913043478260869,,,
VitalDB,0.75,risk_MAR,weak,recalibration_intercept_slope_truth,full,ess,300,324.0,0.0,324.0,324.0,,,
VitalDB,0.75,risk_MAR,weak,recalibration_intercept_slope_truth,full,event_rate_se,300,0.01939026741183426,3.475243859842279e-18,0.019390267411834264,0.019390267411834264,,,
VitalDB,0.75,risk_MAR,weak,recalibration_intercept_truth,full,event_rate,300,0.1419753086419753,0.0,0.1419753086419753,0.1419753086419753,,,
VitalDB,0.75,risk_MAR,weak,recalibration_intercept_truth,full,oe,300,1.0962395391810928,0.07934756848265845,0.9592553144219907,1.2615158828651913,1.0,0.09623953918109285,0.12464789904828821
VitalDB,0.75,risk_MAR,weak,recalibration_intercept_truth,full,brier,300,0.11155023472930618,0.0022237643789870536,0.10975206580890519,0.11812898171170527,,,
VitalDB,0.75,risk_MAR,weak,recalibration_intercept_truth,full,auc,300,0.6955062037326661,0.013872904758783567,0.6583887238035658,0.7083281201126056,,,
VitalDB,0.75,risk_MAR,weak,recalibration_intercept_truth,full,calibration_intercept,300,-0.5250403922380255,0.10597773862088151,-0.78590165352987,-0.3517703745851341,0.0,-0.5250403922380255,0.5355943025845633
VitalDB,0.75,risk_MAR,weak,recalibration_intercept_truth,full,calibration_slope,300,0.623144903996909,0.04910672963567853,0.48217077070515907,0.6603779775539889,1.0,-0.376855096003091,0.3800305198831959
VitalDB,0.75,risk_MAR,weak,recalibration_intercept_truth,full,outcome_observed_fraction,300,0.7646913580246913,0.02206724614475815,0.7191358024691358,0.8040895061728395,,,
VitalDB,0.75,risk_MAR,weak,recalibration_intercept_truth,full,reconstructed_sensitivity,300,0.7917391304347826,0.052398213990613736,0.6956521739130435,0.8913043478260869,,,
VitalDB,0.75,risk_MAR,weak,recalibration_intercept_truth,full,ess,300,324.0,0.0,324.0,324.0,,,
VitalDB,0.75,risk_MAR,weak,recalibration_intercept_truth,full,event_rate_se,300,0.01939026741183426,3.475243859842279e-18,0.019390267411834264,0.019390267411834264,,,
VitalDB,0.75,risk_MAR,weak,reference_05pct_recalibration,full_heldout,event_rate,300,0.1421201814058957,0.0060338242496834355,0.1292517006802721,0.15306122448979592,,,
VitalDB,0.75,risk_MAR,weak,reference_05pct_recalibration,full_heldout,oe,300,1.842116175910853,9.353337220912577,0.4946432715449152,4.1437857878254825,1.0,0.8421161759108531,9.37563120175271
VitalDB,0.75,risk_MAR,weak,reference_05pct_recalibration,full_heldout,brier,300,0.12257520035755619,0.01785858920090261,0.1072957768543726,0.1637568728352404,,,
VitalDB,0.75,risk_MAR,weak,reference_05pct_recalibration,full_heldout,auc,300,0.6641673738425419,0.11941036770407139,0.2719815176924438,0.7246435574767401,,,
VitalDB,0.75,risk_MAR,weak,reference_05pct_recalibration,full_heldout,calibration_intercept,300,-0.03827390602072171,6.523428661711656,-9.05744671936618,9.796371432047351,0.0,-0.03827390602072171,6.512659671079735
VitalDB,0.75,risk_MAR,weak,reference_05pct_recalibration,full_heldout,calibration_slope,300,0.8955916773851508,2.9235483381818805,-3.3138813266131386,6.423830554441959,1.0,-0.10440832261484922,2.9205385691509584
VitalDB,0.75,risk_MAR,weak,reference_05pct_recalibration,full_heldout,outcome_observed_fraction,300,0.7646913580246913,0.02206724614475815,0.7191358024691358,0.8040895061728395,,,
VitalDB,0.75,risk_MAR,weak,reference_05pct_recalibration,full_heldout,reconstructed_sensitivity,300,0.7917391304347826,0.052398213990613736,0.6956521739130435,0.8913043478260869,,,
VitalDB,0.75,risk_MAR,weak,reference_05pct_recalibration,full_heldout,ess,300,294.0,0.0,294.0,294.0,,,
VitalDB,0.75,risk_MAR,weak,reference_05pct_recalibration,full_heldout,event_rate_se,300,0.020357950594362743,0.00036285897883424817,0.01956549254362358,0.020998338616454712,,,
VitalDB,0.75,risk_MAR,weak,reference_05pct_recalibration,full_heldout,reference_sample_n,300,30.0,0.0,30.0,30.0,,,
VitalDB,0.75,risk_MAR,weak,reference_05pct_recalibration,full_heldout,evaluation_n,300,294.0,0.0,294.0,294.0,,,
VitalDB,0.75,risk_MAR,weak,reference_10pct_recalibration,full_heldout,event_rate,300,0.14205040091638027,0.006671641978237629,0.12878006872852235,0.15120274914089346,,,
VitalDB,0.75,risk_MAR,weak,reference_10pct_recalibration,full_heldout,oe,300,1.7372132320885454,7.676123678419387,0.4872935613988491,3.4543180078014606,1.0,0.7372132320885454,7.698697844021152
VitalDB,0.75,risk_MAR,weak,reference_10pct_recalibration,full_heldout,brier,300,0.12172102947177686,0.016220446942613858,0.10722457410837628,0.1599993612289172,,,
VitalDB,0.75,risk_MAR,weak,reference_10pct_recalibration,full_heldout,auc,300,0.6699435830448816,0.11072498059045956,0.27224373685217057,0.7293401394422311,,,
VitalDB,0.75,risk_MAR,weak,reference_10pct_recalibration,full_heldout,calibration_intercept,300,-2.75522669491002,42.01368919739483,-8.090482165359866,12.119504885991182,0.0,-2.75522669491002,42.03400433596254
VitalDB,0.75,risk_MAR,weak,reference_10pct_recalibration,full_heldout,calibration_slope,300,-0.17224018940237548,18.061910664982893,-2.0509683867147874,7.3558274143953675,1.0,-1.1722401894023755,18.06984565167174
VitalDB,0.75,risk_MAR,weak,reference_10pct_recalibration,full_heldout,outcome_observed_fraction,300,0.7646913580246913,0.02206724614475815,0.7191358024691358,0.8040895061728395,,,
VitalDB,0.75,risk_MAR,weak,reference_10pct_recalibration,full_heldout,reconstructed_sensitivity,300,0.7917391304347826,0.052398213990613736,0.6956521739130435,0.8913043478260869,,,
VitalDB,0.75,risk_MAR,weak,reference_10pct_recalibration,full_heldout,ess,300,291.0,0.0,291.0,291.0,,,
VitalDB,0.75,risk_MAR,weak,reference_10pct_recalibration,full_heldout,event_rate_se,300,0.020456998862665582,0.0004046098561252121,0.019634915620966302,0.02100077545558355,,,
VitalDB,0.75,risk_MAR,weak,reference_10pct_recalibration,full_heldout,reference_sample_n,300,33.0,0.0,33.0,33.0,,,
VitalDB,0.75,risk_MAR,weak,reference_10pct_recalibration,full_heldout,evaluation_n,300,291.0,0.0,291.0,291.0,,,
VitalDB,0.75,risk_MAR,weak,reference_20pct_recalibration,full_heldout,event_rate,300,0.1411969111969112,0.0096648466503812,0.12355212355212356,0.1583011583011583,,,
VitalDB,0.75,risk_MAR,weak,reference_20pct_recalibration,full_heldout,oe,300,1.0657065049866132,0.3788293896891306,0.5564236460450424,2.0374526081969626,1.0,0.06570650498661323,0.38386283869999827
VitalDB,0.75,risk_MAR,weak,reference_20pct_recalibration,full_heldout,brier,300,0.1144718198825301,0.00912901150465047,0.10343169861205281,0.13754356086208236,,,
VitalDB,0.75,risk_MAR,weak,reference_20pct_recalibration,full_heldout,auc,300,0.6938831577317707,0.06284749682737886,0.6551439937895935,0.7434538424953223,,,
VitalDB,0.75,risk_MAR,weak,reference_20pct_recalibration,full_heldout,calibration_intercept,300,-0.030813818455739616,8.960276852813479,-1.2623146312952347,4.947924294978458,0.0,-0.030813818455739616,8.945383664189178
VitalDB,0.75,risk_MAR,weak,reference_20pct_recalibration,full_heldout,calibration_slope,300,0.9310739848363535,5.523227089102111,0.2420410454888218,3.349064137353657,1.0,-0.06892601516364649,5.514444802676429
VitalDB,0.75,risk_MAR,weak,reference_20pct_recalibration,full_heldout,outcome_observed_fraction,300,0.7646913580246913,0.02206724614475815,0.7191358024691358,0.8040895061728395,,,
VitalDB,0.75,risk_MAR,weak,reference_20pct_recalibration,full_heldout,reconstructed_sensitivity,300,0.7917391304347826,0.052398213990613736,0.6956521739130435,0.8913043478260869,,,
VitalDB,0.75,risk_MAR,weak,reference_20pct_recalibration,full_heldout,ess,300,259.0,0.0,259.0,259.0,,,
VitalDB,0.75,risk_MAR,weak,reference_20pct_recalibration,full_heldout,event_rate_se,300,0.02162037628845706,0.000622755861770442,0.020447408414756684,0.022681435061616448,,,
VitalDB,0.75,risk_MAR,weak,reference_20pct_recalibration,full_heldout,reference_sample_n,300,65.0,0.0,65.0,65.0,,,
VitalDB,0.75,risk_MAR,weak,reference_20pct_recalibration,full_heldout,evaluation_n,300,259.0,0.0,259.0,259.0,,,
VitalDB,0.75,risk_MAR,weak,reference_30pct_recalibration,full_heldout,event_rate,300,0.141047197640118,0.012682613346855396,0.11504424778761062,0.16371681415929204,,,
VitalDB,0.75,risk_MAR,weak,reference_30pct_recalibration,full_heldout,oe,300,1.032402406582056,0.30274240919548,0.597924969828793,1.7556702471666326,1.0,0.032402406582056065,0.30396936093961957
VitalDB,0.75,risk_MAR,weak,reference_30pct_recalibration,full_heldout,brier,300,0.11215548331190568,0.008684306165158716,0.09815102294795648,0.1323411362724364,,,
VitalDB,0.75,risk_MAR,weak,reference_30pct_recalibration,full_heldout,auc,300,0.7030017388293914,0.02910818986268357,0.6476292665120179,0.7621892368416437,,,
VitalDB,0.75,risk_MAR,weak,reference_30pct_recalibration,full_heldout,calibration_intercept,300,0.2303010425277038,1.3428330696440836,-1.1385525109949288,3.368448112995676,0.0,0.2303010425277038,1.3602310665015707
VitalDB,0.75,risk_MAR,weak,reference_30pct_recalibration,full_heldout,calibration_slope,300,1.1461921120670158,0.7750629537936405,0.41180662628410863,3.310066244975027,1.0,0.14619211206701577,0.7874594004557485
VitalDB,0.75,risk_MAR,weak,reference_30pct_recalibration,full_heldout,outcome_observed_fraction,300,0.7646913580246913,0.02206724614475815,0.7191358024691358,0.8040895061728395,,,
VitalDB,0.75,risk_MAR,weak,reference_30pct_recalibration,full_heldout,reconstructed_sensitivity,300,0.7917391304347826,0.052398213990613736,0.6956521739130435,0.8913043478260869,,,
VitalDB,0.75,risk_MAR,weak,reference_30pct_recalibration,full_heldout,ess,300,226.0,0.0,226.0,226.0,,,
VitalDB,0.75,risk_MAR,weak,reference_30pct_recalibration,full_heldout,event_rate_se,300,0.02312124506261185,0.0008808980185081069,0.021224575507663327,0.02461325807569958,,,
VitalDB,0.75,risk_MAR,weak,reference_30pct_recalibration,full_heldout,reference_sample_n,300,98.0,0.0,98.0,98.0,,,
VitalDB,0.75,risk_MAR,weak,reference_30pct_recalibration,full_heldout,evaluation_n,300,226.0,0.0,226.0,226.0,,,
VitalDB,0.75,stratum_MAR,strong,AIPW_design_probability,reconstructed,event_rate,300,0.12658133347986159,0.011955191608177353,0.1074950553809111,0.15870056893876314,0.1419753086419753,-0.015393975162113716,0.019478825828543024
VitalDB,0.75,stratum_MAR,strong,AIPW_design_probability,reconstructed,oe,300,1.2631582113735778,0.11930114838627646,1.072695777123076,1.5836768447106777,1.4167750646420612,-0.1536168532684834,0.19437967760984565
VitalDB,0.75,stratum_MAR,strong,AIPW_design_probability,reconstructed,outcome_observed_fraction,300,0.7948765432098767,0.017087331984840907,0.7607253086419754,0.8271604938271605,,,
VitalDB,0.75,stratum_MAR,strong,AIPW_design_probability,reconstructed,reconstructed_sensitivity,300,0.7703623188405797,0.04240713206356439,0.6956521739130435,0.8478260869565217,,,
VitalDB,0.75,stratum_MAR,strong,AIPW_design_probability,reconstructed,ess,300,202.9144555406433,33.96245932808835,108.3190693625376,238.19718242420853,324.0,-121.0855444593567,125.74304311499249
VitalDB,0.75,stratum_MAR,strong,AIPW_design_probability,reconstructed,event_rate_se,300,0.02106224848851376,0.004223247279348443,0.018003282682719078,0.033346765529543784,0.019390267411834264,0.0016719810766794956,0.004535624056072468
VitalDB,0.75,stratum_MAR,strong,AIPW_design_probability,reconstructed,event_rate_interval_coverage,300,0.9933333333333333,,,,,,
VitalDB,0.75,stratum_MAR,strong,Gamma2_prediction_sensitivity_region,full,event_rate,300,0.1265843821267982,0.005979091260000607,0.11496063798596563,0.13797603742579637,0.1419753086419753,-0.015390926515177095,0.016507906777763967
VitalDB,0.75,stratum_MAR,strong,Gamma2_prediction_sensitivity_region,full,outcome_observed_fraction,300,0.7948765432098767,0.017087331984840907,0.7607253086419754,0.8271604938271605,,,
VitalDB,0.75,stratum_MAR,strong,Gamma2_prediction_sensitivity_region,full,reconstructed_sensitivity,300,0.7703623188405797,0.04240713206356439,0.6956521739130435,0.8478260869565217,,,
VitalDB,0.75,stratum_MAR,strong,Gamma2_prediction_sensitivity_region,full,MNAR_event_rate_coverage,300,0.10666666666666667,,,,,,
VitalDB,0.75,stratum_MAR,strong,IPAW_design_probability_truncated99,reconstructed,event_rate,300,0.12738183877633177,0.01031153695656043,0.10926276144895875,0.1489303188028807,0.1419753086419753,-0.014593469865643527,0.017858967807367888
VitalDB,0.75,stratum_MAR,strong,IPAW_design_probability_truncated99,reconstructed,oe,300,1.2576542581843069,0.09373911903742199,1.083993857105932,1.4530707259863689,1.4167750646420612,-0.15912080645775428,0.18460000923858327
VitalDB,0.75,stratum_MAR,strong,IPAW_design_probability_truncated99,reconstructed,brier,300,0.09995057920761634,0.008403587657732133,0.084812982826065,0.11817960031018862,0.11053590028892503,-0.01058532108130869,0.013506809651573849
VitalDB,0.75,stratum_MAR,strong,IPAW_design_probability_truncated99,reconstructed,auc,300,0.716374188530516,0.03544339173162124,0.633872813011179,0.7777323047106413,0.7044103847356897,0.011963803794826311,0.03735209728994414
VitalDB,0.75,stratum_MAR,strong,IPAW_design_probability_truncated99,reconstructed,calibration_intercept,300,-0.277907997786951,0.21719074052298698,-0.8361332489289994,0.07160086051767986,-0.22511057884817762,-0.052797418938773405,0.2231639438237206
VitalDB,0.75,stratum_MAR,strong,IPAW_design_probability_truncated99,reconstructed,calibration_slope,300,0.7082412829499531,0.11951858969140801,0.39282703472085256,0.9062040054203524,0.6581631632744903,0.05007811967546283,0.12940206995168343
VitalDB,0.75,stratum_MAR,strong,IPAW_design_probability_truncated99,reconstructed,outcome_observed_fraction,300,0.7948765432098767,0.017087331984840907,0.7607253086419754,0.8271604938271605,,,
VitalDB,0.75,stratum_MAR,strong,IPAW_design_probability_truncated99,reconstructed,reconstructed_sensitivity,300,0.7703623188405797,0.04240713206356439,0.6956521739130435,0.8478260869565217,,,
VitalDB,0.75,stratum_MAR,strong,IPAW_design_probability_truncated99,reconstructed,ess,300,225.56686806635767,10.336853952912039,202.98126407477312,242.2457239330614,324.0,-98.43313193364233,98.97260147844386
VitalDB,0.75,stratum_MAR,strong,IPAW_design_probability_truncated99,reconstructed,event_rate_se,300,0.020650619028237165,0.0015314549515784675,0.018467069142812403,0.023990795754681514,0.019390267411834264,0.0012603516164029008,0.0019814193443391114
VitalDB,0.75,stratum_MAR,strong,IPAW_design_probability_truncated99,reconstructed,weight_p99,300,3.716386609064331,0.6766535084319918,2.6466613351725012,4.9110089023003525,,,
VitalDB,0.75,stratum_MAR,strong,IPAW_design_probability_truncated99,reconstructed,weight_max,300,3.819229552909117,0.7448781245426371,2.7237872979605453,5.370981312621405,,,
VitalDB,0.75,stratum_MAR,strong,IPAW_design_probability_truncated99,reconstructed,event_rate_interval_coverage,300,0.9866666666666667,,,,,,
VitalDB,0.75,stratum_MAR,strong,IPAW_design_probability_untruncated,reconstructed,event_rate,300,0.12662099665371618,0.012748211602489503,0.10482226658115211,0.15870865077028384,0.1419753086419753,-0.015354311988259123,0.0199431710792886
VitalDB,0.75,stratum_MAR,strong,IPAW_design_probability_untruncated,reconstructed,oe,300,1.2644822417013193,0.12086129711178725,1.0762741562195182,1.590382417685848,1.4167750646420612,-0.15229282294074187,0.19429839306679508
VitalDB,0.75,stratum_MAR,strong,IPAW_design_probability_untruncated,reconstructed,brier,300,0.09969389946001207,0.010982259943041705,0.08191970703907928,0.127915683485675,0.11053590028892503,-0.010842000828912957,0.015419370349849974
VitalDB,0.75,stratum_MAR,strong,IPAW_design_probability_untruncated,reconstructed,auc,300,0.7126371527390655,0.04887568400405045,0.5805846383802129,0.7823081274449191,0.7044103847356897,0.00822676800337574,0.04948281947998666
VitalDB,0.75,stratum_MAR,strong,IPAW_design_probability_untruncated,reconstructed,calibration_intercept,300,-0.31824939971322325,0.32073119604309364,-1.2744280551722993,0.07804022285754345,-0.22511057884817762,-0.09313882086504563,0.33346730734358404
VitalDB,0.75,stratum_MAR,strong,IPAW_design_probability_untruncated,reconstructed,calibration_slope,300,0.6920577948177601,0.17739668089455907,0.1860227709235064,0.9116434662468239,0.6581631632744903,0.03389463154326977,0.18031508487058245
VitalDB,0.75,stratum_MAR,strong,IPAW_design_probability_untruncated,reconstructed,outcome_observed_fraction,300,0.7948765432098767,0.017087331984840907,0.7607253086419754,0.8271604938271605,,,
VitalDB,0.75,stratum_MAR,strong,IPAW_design_probability_untruncated,reconstructed,reconstructed_sensitivity,300,0.7703623188405797,0.04240713206356439,0.6956521739130435,0.8478260869565217,,,
VitalDB,0.75,stratum_MAR,strong,IPAW_design_probability_untruncated,reconstructed,ess,300,202.9144555406433,33.96245932808835,108.3190693625376,238.19718242420853,324.0,-121.0855444593567,125.74304311499249
VitalDB,0.75,stratum_MAR,strong,IPAW_design_probability_untruncated,reconstructed,event_rate_se,300,0.021359929215266072,0.003303062613748809,0.018409083534174586,0.03103701699046538,0.019390267411834264,0.0019696618034318082,0.0038410184640893796
VitalDB,0.75,stratum_MAR,strong,IPAW_design_probability_untruncated,reconstructed,weight_p99,300,3.819229552909117,0.7448781245426371,2.7237872979605453,5.370981312621405,,,
VitalDB,0.75,stratum_MAR,strong,IPAW_design_probability_untruncated,reconstructed,weight_max,300,8.204028126575162,6.143645707354465,3.5880230589223294,22.570832632981414,,,
VitalDB,0.75,stratum_MAR,strong,IPAW_design_probability_untruncated,reconstructed,event_rate_interval_coverage,300,0.9766666666666667,,,,,,
VitalDB,0.75,stratum_MAR,strong,full_reference,full,event_rate,300,0.1419753086419753,0.0,0.1419753086419753,0.1419753086419753,0.1419753086419753,0.0,0.0
VitalDB,0.75,stratum_MAR,strong,full_reference,full,oe,300,1.4167750646420616,4.448312140598118e-16,1.4167750646420612,1.4167750646420612,1.4167750646420612,4.440892098500626e-16,0.0
VitalDB,0.75,stratum_MAR,strong,full_reference,full,brier,300,0.11053590028892503,0.0,0.11053590028892503,0.11053590028892503,0.11053590028892503,0.0,0.0
VitalDB,0.75,stratum_MAR,strong,full_reference,full,auc,300,0.7044103847356897,0.0,0.7044103847356897,0.7044103847356897,0.7044103847356897,0.0,0.0
VitalDB,0.75,stratum_MAR,strong,full_reference,full,calibration_intercept,300,-0.2251105788481776,2.7801950878738235e-17,-0.22511057884817762,-0.22511057884817762,-0.22511057884817762,2.7755575615628914e-17,0.0
VitalDB,0.75,stratum_MAR,strong,full_reference,full,calibration_slope,300,0.6581631632744902,1.1120780351495294e-16,0.6581631632744903,0.6581631632744903,0.6581631632744903,-1.1102230246251565e-16,0.0
VitalDB,0.75,stratum_MAR,strong,full_reference,full,outcome_observed_fraction,300,0.7948765432098767,0.017087331984840907,0.7607253086419754,0.8271604938271605,,,
VitalDB,0.75,stratum_MAR,strong,full_reference,full,reconstructed_sensitivity,300,0.7703623188405797,0.04240713206356439,0.6956521739130435,0.8478260869565217,,,
VitalDB,0.75,stratum_MAR,strong,full_reference,full,ess,300,324.0,0.0,324.0,324.0,324.0,0.0,0.0
VitalDB,0.75,stratum_MAR,strong,full_reference,full,event_rate_se,300,0.01939026741183426,3.475243859842279e-18,0.019390267411834264,0.019390267411834264,0.019390267411834264,-3.469446951953614e-18,0.0
VitalDB,0.75,stratum_MAR,strong,full_reference,full,event_rate_interval_coverage,300,1.0,,,,,,
VitalDB,0.75,stratum_MAR,strong,naive,reconstructed,event_rate,300,0.14112821689220473,0.007772747087212058,0.12643678160919541,0.15668500224517287,0.1419753086419753,-0.0008470917497705732,0.007805880884949523
VitalDB,0.75,stratum_MAR,strong,naive,reconstructed,oe,300,1.2790770102352433,0.0690560677643721,1.1474804867445076,1.4023506063145912,1.4167750646420612,-0.13769805440681782,0.15399220396127272
VitalDB,0.75,stratum_MAR,strong,naive,reconstructed,brier,300,0.10916806214516751,0.006218617983100069,0.09644543915584357,0.121415462675795,0.11053590028892503,-0.001367838143757516,0.006357144545720806
VitalDB,0.75,stratum_MAR,strong,naive,reconstructed,auc,300,0.7177472748327807,0.020954461442436158,0.6786302868092339,0.7594989113302436,0.7044103847356897,0.013336890097090937,0.024809241429152
VitalDB,0.75,stratum_MAR,strong,naive,reconstructed,calibration_intercept,300,-0.22535230093468045,0.1124991600098392,-0.4443872974190384,-0.01121354100683972,-0.22511057884817762,-0.00024172208650283245,0.11231176502253348
VitalDB,0.75,stratum_MAR,strong,naive,reconstructed,calibration_slope,300,0.7050954299084019,0.06102217421858943,0.5822966166711709,0.8228444269911692,0.6581631632744903,0.04693226663391159,0.07690208739216753
VitalDB,0.75,stratum_MAR,strong,naive,reconstructed,outcome_observed_fraction,300,0.7948765432098767,0.017087331984840907,0.7607253086419754,0.8271604938271605,,,
VitalDB,0.75,stratum_MAR,strong,naive,reconstructed,reconstructed_sensitivity,300,0.7703623188405797,0.04240713206356439,0.6956521739130435,0.8478260869565217,,,
VitalDB,0.75,stratum_MAR,strong,naive,reconstructed,ess,300,257.54,5.536295563088455,246.475,268.0,324.0,-66.45999999999998,66.68942944725198
VitalDB,0.75,stratum_MAR,strong,naive,reconstructed,event_rate_se,300,0.021688225468726726,0.0005971450498522723,0.020571389746758536,0.022908798507762593,0.019390267411834264,0.002297958056892462,0.0023740271343081778
VitalDB,0.75,stratum_MAR,strong,naive,reconstructed,event_rate_interval_coverage,300,1.0,,,,,,
VitalDB,0.75,stratum_MAR,strong,recalibration_intercept_apparent,reconstructed,event_rate,300,0.14112821689220473,0.007772747087212058,0.12643678160919541,0.15668500224517287,,,
VitalDB,0.75,stratum_MAR,strong,recalibration_intercept_apparent,reconstructed,oe,300,0.9981299042867388,0.021964743794755867,0.9511214675972454,1.0463540631906405,1.0,-0.001870095713261244,0.022007704591334845
VitalDB,0.75,stratum_MAR,strong,recalibration_intercept_apparent,reconstructed,brier,300,0.11150493510260008,0.007011496939223564,0.09838581341832836,0.12524481827153536,,,
VitalDB,0.75,stratum_MAR,strong,recalibration_intercept_apparent,reconstructed,auc,300,0.7048752579849997,0.02609324494510568,0.6418025199112156,0.7520789985535435,,,
VitalDB,0.75,stratum_MAR,strong,recalibration_intercept_apparent,reconstructed,calibration_intercept,300,-0.5487375116351156,0.133059063169958,-0.8688840304732144,-0.318390968664713,0.0,-0.5487375116351156,0.5645870661402544
VitalDB,0.75,stratum_MAR,strong,recalibration_intercept_apparent,reconstructed,calibration_slope,300,0.6576166853816918,0.08154279503983969,0.4501684325216952,0.8041256950403466,1.0,-0.3423833146183082,0.3519281140524568
VitalDB,0.75,stratum_MAR,strong,recalibration_intercept_apparent,reconstructed,outcome_observed_fraction,300,0.7948765432098767,0.017087331984840907,0.7607253086419754,0.8271604938271605,,,
VitalDB,0.75,stratum_MAR,strong,recalibration_intercept_apparent,reconstructed,reconstructed_sensitivity,300,0.7703623188405797,0.04240713206356439,0.6956521739130435,0.8478260869565217,,,
VitalDB,0.75,stratum_MAR,strong,recalibration_intercept_apparent,reconstructed,ess,300,257.54,5.536295563088455,246.475,268.0,,,
VitalDB,0.75,stratum_MAR,strong,recalibration_intercept_apparent,reconstructed,event_rate_se,300,0.021688225468726726,0.0005971450498522723,0.020571389746758536,0.022908798507762593,,,
VitalDB,0.75,stratum_MAR,strong,recalibration_intercept_slope_apparent,reconstructed,event_rate,300,0.14112821689220473,0.007772747087212058,0.12643678160919541,0.15668500224517287,,,
VitalDB,0.75,stratum_MAR,strong,recalibration_intercept_slope_apparent,reconstructed,oe,300,1.0019138759960144,0.03219778650077657,0.9425910103928663,1.0779439889610236,1.0,0.001913875996014447,0.032201004932960485
VitalDB,0.75,stratum_MAR,strong,recalibration_intercept_slope_apparent,reconstructed,brier,300,0.11040165904397897,0.006500109374319765,0.09828563064103107,0.1227085502715451,,,
VitalDB,0.75,stratum_MAR,strong,recalibration_intercept_slope_apparent,reconstructed,auc,300,0.6938939834807593,0.031865836091244264,0.6204241867945139,0.7481342897057974,,,
VitalDB,0.75,stratum_MAR,strong,recalibration_intercept_slope_apparent,reconstructed,calibration_intercept,300,-0.25457489594776334,0.2302160632275449,-0.8254038086504975,0.026873445953476478,0.0,-0.25457489594776334,0.34297397660596673
VitalDB,0.75,stratum_MAR,strong,recalibration_intercept_slope_apparent,reconstructed,calibration_slope,300,0.8447819587889862,0.13507692006615535,0.5121753618149619,1.0086470307865618,1.0,-0.1552180412110138,0.20561516336146185
VitalDB,0.75,stratum_MAR,strong,recalibration_intercept_slope_apparent,reconstructed,outcome_observed_fraction,300,0.7948765432098767,0.017087331984840907,0.7607253086419754,0.8271604938271605,,,
VitalDB,0.75,stratum_MAR,strong,recalibration_intercept_slope_apparent,reconstructed,reconstructed_sensitivity,300,0.7703623188405797,0.04240713206356439,0.6956521739130435,0.8478260869565217,,,
VitalDB,0.75,stratum_MAR,strong,recalibration_intercept_slope_apparent,reconstructed,ess,300,257.54,5.536295563088455,246.475,268.0,,,
VitalDB,0.75,stratum_MAR,strong,recalibration_intercept_slope_apparent,reconstructed,event_rate_se,300,0.021688225468726726,0.0005971450498522723,0.020571389746758536,0.022908798507762593,,,
VitalDB,0.75,stratum_MAR,strong,recalibration_intercept_slope_truth,full,event_rate,300,0.1419753086419753,0.0,0.1419753086419753,0.1419753086419753,,,
VitalDB,0.75,stratum_MAR,strong,recalibration_intercept_slope_truth,full,oe,300,1.0829489541095487,0.06890507674245588,0.9615758645189247,1.2395459190047071,1.0,0.08294895410954872,0.10776183101365479
VitalDB,0.75,stratum_MAR,strong,recalibration_intercept_slope_truth,full,brier,300,0.11125778407023366,0.0026666760829547843,0.10856921705208081,0.11838527695787346,,,
VitalDB,0.75,stratum_MAR,strong,recalibration_intercept_slope_truth,full,auc,300,0.6848396934626212,0.02070818587140087,0.6226032217704097,0.7051591335627151,,,
VitalDB,0.75,stratum_MAR,strong,recalibration_intercept_slope_truth,full,calibration_intercept,300,-0.24324244820124136,0.24402234456419997,-0.8187671523007075,0.19972797424155372,0.0,-0.24324244820124136,0.3442605170091211
VitalDB,0.75,stratum_MAR,strong,recalibration_intercept_slope_truth,full,calibration_slope,300,0.8036498542375373,0.14017149403857354,0.48225358187169587,1.0536127766492072,1.0,-0.19635014576246268,0.2411139439963524
VitalDB,0.75,stratum_MAR,strong,recalibration_intercept_slope_truth,full,outcome_observed_fraction,300,0.7948765432098767,0.017087331984840907,0.7607253086419754,0.8271604938271605,,,
VitalDB,0.75,stratum_MAR,strong,recalibration_intercept_slope_truth,full,reconstructed_sensitivity,300,0.7703623188405797,0.04240713206356439,0.6956521739130435,0.8478260869565217,,,
VitalDB,0.75,stratum_MAR,strong,recalibration_intercept_slope_truth,full,ess,300,324.0,0.0,324.0,324.0,,,
VitalDB,0.75,stratum_MAR,strong,recalibration_intercept_slope_truth,full,event_rate_se,300,0.01939026741183426,3.475243859842279e-18,0.019390267411834264,0.019390267411834264,,,
VitalDB,0.75,stratum_MAR,strong,recalibration_intercept_truth,full,event_rate,300,0.1419753086419753,0.0,0.1419753086419753,0.1419753086419753,,,
VitalDB,0.75,stratum_MAR,strong,recalibration_intercept_truth,full,oe,300,1.10242239618269,0.0661523349983237,0.9869944534733404,1.2374081628984288,1.0,0.10242239618269,0.12186833699030254
VitalDB,0.75,stratum_MAR,strong,recalibration_intercept_truth,full,brier,300,0.11151255228940504,0.002236247462260818,0.10981361709822676,0.11803162023786842,,,
VitalDB,0.75,stratum_MAR,strong,recalibration_intercept_truth,full,auc,300,0.6945894588676884,0.013841563191398686,0.6519471379418205,0.7066781357522678,,,
VitalDB,0.75,stratum_MAR,strong,recalibration_intercept_truth,full,calibration_intercept,300,-0.5235085777389624,0.10735550679107446,-0.8226686746165058,-0.3745124162389721,0.0,-0.5235085777389624,0.5343669324117825
VitalDB,0.75,stratum_MAR,strong,recalibration_intercept_truth,full,calibration_slope,300,0.6202495144683692,0.05053196396925707,0.46047197807269874,0.6603538779986351,1.0,-0.3797504855316308,0.38308667302081606
VitalDB,0.75,stratum_MAR,strong,recalibration_intercept_truth,full,outcome_observed_fraction,300,0.7948765432098767,0.017087331984840907,0.7607253086419754,0.8271604938271605,,,
VitalDB,0.75,stratum_MAR,strong,recalibration_intercept_truth,full,reconstructed_sensitivity,300,0.7703623188405797,0.04240713206356439,0.6956521739130435,0.8478260869565217,,,
VitalDB,0.75,stratum_MAR,strong,recalibration_intercept_truth,full,ess,300,324.0,0.0,324.0,324.0,,,
VitalDB,0.75,stratum_MAR,strong,recalibration_intercept_truth,full,event_rate_se,300,0.01939026741183426,3.475243859842279e-18,0.019390267411834264,0.019390267411834264,,,
VitalDB,0.75,stratum_MAR,strong,reference_05pct_recalibration,full_heldout,event_rate,300,0.14255102040816325,0.006178471219530836,0.13086734693877553,0.15306122448979592,,,
VitalDB,0.75,stratum_MAR,strong,reference_05pct_recalibration,full_heldout,oe,300,1.4472147714035304,1.7529046856682327,0.4966209292141544,4.459250277822546,1.0,0.4472147714035304,1.8062208168832419
VitalDB,0.75,stratum_MAR,strong,reference_05pct_recalibration,full_heldout,brier,300,0.12244078633121115,0.016442844798662426,0.10749887238613734,0.16896738849289206,,,
VitalDB,0.75,stratum_MAR,strong,reference_05pct_recalibration,full_heldout,auc,300,0.6594885834641019,0.1242587354824749,0.27295006022421936,0.7241997858122021,,,
VitalDB,0.75,stratum_MAR,strong,reference_05pct_recalibration,full_heldout,calibration_intercept,300,-3.1746252257172287,36.4239596955031,-22.650737541821325,9.812481516748349,0.0,-3.1746252257172287,36.501516896658735
VitalDB,0.75,stratum_MAR,strong,reference_05pct_recalibration,full_heldout,calibration_slope,300,-0.18221644809636667,13.716566774449829,-8.037195925594162,6.722825907090265,1.0,-1.1822164480963666,13.744624129497469
VitalDB,0.75,stratum_MAR,strong,reference_05pct_recalibration,full_heldout,outcome_observed_fraction,300,0.7948765432098767,0.017087331984840907,0.7607253086419754,0.8271604938271605,,,
VitalDB,0.75,stratum_MAR,strong,reference_05pct_recalibration,full_heldout,reconstructed_sensitivity,300,0.7703623188405797,0.04240713206356439,0.6956521739130435,0.8478260869565217,,,
VitalDB,0.75,stratum_MAR,strong,reference_05pct_recalibration,full_heldout,ess,300,294.0,0.0,294.0,294.0,,,
VitalDB,0.75,stratum_MAR,strong,reference_05pct_recalibration,full_heldout,event_rate_se,300,0.020383376800350687,0.00037158147811032185,0.01966857592579653,0.020998338616454712,,,
VitalDB,0.75,stratum_MAR,strong,reference_05pct_recalibration,full_heldout,reference_sample_n,300,30.0,0.0,30.0,30.0,,,
VitalDB,0.75,stratum_MAR,strong,reference_05pct_recalibration,full_heldout,evaluation_n,300,294.0,0.0,294.0,294.0,,,
VitalDB,0.75,stratum_MAR,strong,reference_10pct_recalibration,full_heldout,event_rate,300,0.14256586483390607,0.0066655713785380155,0.13058419243986255,0.15463917525773196,,,
VitalDB,0.75,stratum_MAR,strong,reference_10pct_recalibration,full_heldout,oe,300,1.436097359635491,1.7006622432378418,0.5209165914632881,4.687366468620224,1.0,0.4360973596354909,1.7529381427869128
VitalDB,0.75,stratum_MAR,strong,reference_10pct_recalibration,full_heldout,brier,300,0.12110373687585664,0.014077522731770016,0.1074545717428465,0.16261736665547613,,,
VitalDB,0.75,stratum_MAR,strong,reference_10pct_recalibration,full_heldout,auc,300,0.6688033758332356,0.11215714055861017,0.27439197348835903,0.7260271259578248,,,
VitalDB,0.75,stratum_MAR,strong,reference_10pct_recalibration,full_heldout,calibration_intercept,300,0.10022629620979491,25.90037546576971,-10.412949881626714,12.228538177664086,0.0,0.10022629620979491,25.857366385888398
VitalDB,0.75,stratum_MAR,strong,reference_10pct_recalibration,full_heldout,calibration_slope,300,1.3263583173093763,9.200689551024853,-3.211465385663233,6.498800063446339,1.0,0.32635831730937626,9.19113825041457
VitalDB,0.75,stratum_MAR,strong,reference_10pct_recalibration,full_heldout,outcome_observed_fraction,300,0.7948765432098767,0.017087331984840907,0.7607253086419754,0.8271604938271605,,,
VitalDB,0.75,stratum_MAR,strong,reference_10pct_recalibration,full_heldout,reconstructed_sensitivity,300,0.7703623188405797,0.04240713206356439,0.6956521739130435,0.8478260869565217,,,
VitalDB,0.75,stratum_MAR,strong,reference_10pct_recalibration,full_heldout,ess,300,291.0,0.0,291.0,291.0,,,
VitalDB,0.75,stratum_MAR,strong,reference_10pct_recalibration,full_heldout,event_rate_se,300,0.020487996084940847,0.0004024887877793743,0.019752068152595607,0.021195044218573513,,,
VitalDB,0.75,stratum_MAR,strong,reference_10pct_recalibration,full_heldout,reference_sample_n,300,33.0,0.0,33.0,33.0,,,
VitalDB,0.75,stratum_MAR,strong,reference_10pct_recalibration,full_heldout,evaluation_n,300,291.0,0.0,291.0,291.0,,,
VitalDB,0.75,stratum_MAR,strong,reference_20pct_recalibration,full_heldout,event_rate,300,0.1427027027027027,0.00962864264336358,0.12152509652509652,0.16216216216216217,,,
VitalDB,0.75,stratum_MAR,strong,reference_20pct_recalibration,full_heldout,oe,300,1.14428462210953,0.4763922484132356,0.5741869191411453,2.5550650726231816,1.0,0.14428462210952997,0.49700214078447097
VitalDB,0.75,stratum_MAR,strong,reference_20pct_recalibration,full_heldout,brier,300,0.11571956194852002,0.009696891466151077,0.10389753026093815,0.14095768003825931,,,
VitalDB,0.75,stratum_MAR,strong,reference_20pct_recalibration,full_heldout,auc,300,0.6863506677919895,0.08259511317827288,0.26789620278928183,0.7370586803019236,,,
VitalDB,0.75,stratum_MAR,strong,reference_20pct_recalibration,full_heldout,calibration_intercept,300,-1.847479474809359,26.96045513563586,-10.632774626191845,5.990445581153226,0.0,-1.847479474809359,26.978814547592844
VitalDB,0.75,stratum_MAR,strong,reference_20pct_recalibration,full_heldout,calibration_slope,300,0.0002906470817147048,12.870130050643278,-3.681986341882409,4.11607410236363,1.0,-0.9997093529182853,12.887495185348543
VitalDB,0.75,stratum_MAR,strong,reference_20pct_recalibration,full_heldout,outcome_observed_fraction,300,0.7948765432098767,0.017087331984840907,0.7607253086419754,0.8271604938271605,,,
VitalDB,0.75,stratum_MAR,strong,reference_20pct_recalibration,full_heldout,reconstructed_sensitivity,300,0.7703623188405797,0.04240713206356439,0.6956521739130435,0.8478260869565217,,,
VitalDB,0.75,stratum_MAR,strong,reference_20pct_recalibration,full_heldout,ess,300,259.0,0.0,259.0,259.0,,,
VitalDB,0.75,stratum_MAR,strong,reference_20pct_recalibration,full_heldout,event_rate_se,300,0.02171667417744084,0.0006168746124172402,0.02030159164112136,0.022903658837129595,,,
VitalDB,0.75,stratum_MAR,strong,reference_20pct_recalibration,full_heldout,reference_sample_n,300,65.0,0.0,65.0,65.0,,,
VitalDB,0.75,stratum_MAR,strong,reference_20pct_recalibration,full_heldout,evaluation_n,300,259.0,0.0,259.0,259.0,,,
VitalDB,0.75,stratum_MAR,strong,reference_30pct_recalibration,full_heldout,event_rate,300,0.14289085545722716,0.01285632080470438,0.11714601769911505,0.16603982300884945,,,
VitalDB,0.75,stratum_MAR,strong,reference_30pct_recalibration,full_heldout,oe,300,1.0879814481740764,0.3381734285454976,0.6026569637059834,1.9215294105453393,1.0,0.08798144817407638,0.34888507960517656
VitalDB,0.75,stratum_MAR,strong,reference_30pct_recalibration,full_heldout,brier,300,0.11383303652955915,0.00944769340566252,0.09930173215152423,0.13370533934091866,,,
VitalDB,0.75,stratum_MAR,strong,reference_30pct_recalibration,full_heldout,auc,300,0.70043809817748,0.029663957224252108,0.6499822730316354,0.7547570762878868,,,
VitalDB,0.75,stratum_MAR,strong,reference_30pct_recalibration,full_heldout,calibration_intercept,300,0.43548998386892246,2.912277964071083,-1.1235652291410263,4.418665509818052,0.0,0.43548998386892246,2.939854291672313
VitalDB,0.75,stratum_MAR,strong,reference_30pct_recalibration,full_heldout,calibration_slope,300,1.2126289148440348,1.6117790628834887,0.3757346420628003,3.6846051611705994,1.0,0.2126289148440348,1.623078360344574
VitalDB,0.75,stratum_MAR,strong,reference_30pct_recalibration,full_heldout,outcome_observed_fraction,300,0.7948765432098767,0.017087331984840907,0.7607253086419754,0.8271604938271605,,,
VitalDB,0.75,stratum_MAR,strong,reference_30pct_recalibration,full_heldout,reconstructed_sensitivity,300,0.7703623188405797,0.04240713206356439,0.6956521739130435,0.8478260869565217,,,
VitalDB,0.75,stratum_MAR,strong,reference_30pct_recalibration,full_heldout,ess,300,226.0,0.0,226.0,226.0,,,
VitalDB,0.75,stratum_MAR,strong,reference_30pct_recalibration,full_heldout,event_rate_se,300,0.023246762611709482,0.000881985921683264,0.021390908145789166,0.024752025062754535,,,
VitalDB,0.75,stratum_MAR,strong,reference_30pct_recalibration,full_heldout,reference_sample_n,300,98.0,0.0,98.0,98.0,,,
VitalDB,0.75,stratum_MAR,strong,reference_30pct_recalibration,full_heldout,evaluation_n,300,226.0,0.0,226.0,226.0,,,
VitalDB,0.75,stratum_MAR,weak,AIPW_design_probability,reconstructed,event_rate,300,0.1266239715008966,0.0096621379061932,0.10872324644054965,0.1455487201616248,0.1419753086419753,-0.015351337141078697,0.018130341178283552
VitalDB,0.75,stratum_MAR,weak,AIPW_design_probability,reconstructed,oe,300,1.263583697224504,0.09641870961624503,1.0849519256361968,1.4524342252747804,1.4167750646420612,-0.15319136741755712,0.18092311642456257
VitalDB,0.75,stratum_MAR,weak,AIPW_design_probability,reconstructed,outcome_observed_fraction,300,0.8040020576131687,0.02083624572415176,0.7592592592592593,0.8442129629629629,,,
VitalDB,0.75,stratum_MAR,weak,AIPW_design_probability,reconstructed,reconstructed_sensitivity,300,0.7870289855072463,0.05175350266292073,0.6842391304347826,0.8913043478260869,,,
VitalDB,0.75,stratum_MAR,weak,AIPW_design_probability,reconstructed,ess,300,245.26260726782226,6.3681213476361815,233.46887484149912,258.0922395585211,324.0,-78.73739273217774,78.9936377640277
VitalDB,0.75,stratum_MAR,weak,AIPW_design_probability,reconstructed,event_rate_se,300,0.019794025677980488,0.0008458706368710998,0.018174122040887725,0.021322648153869965,0.019390267411834264,0.0004037582661462237,0.0009360197013708583
VitalDB,0.75,stratum_MAR,weak,AIPW_design_probability,reconstructed,event_rate_interval_coverage,300,0.9833333333333333,,,,,,
VitalDB,0.75,stratum_MAR,weak,Gamma2_prediction_sensitivity_region,full,event_rate,300,0.12753066215542724,0.0074970446649657236,0.11390499769390315,0.14220453203288344,0.1419753086419753,-0.014444646486548057,0.016268562891892897
VitalDB,0.75,stratum_MAR,weak,Gamma2_prediction_sensitivity_region,full,outcome_observed_fraction,300,0.8040020576131687,0.02083624572415176,0.7592592592592593,0.8442129629629629,,,
VitalDB,0.75,stratum_MAR,weak,Gamma2_prediction_sensitivity_region,full,reconstructed_sensitivity,300,0.7870289855072463,0.05175350266292073,0.6842391304347826,0.8913043478260869,,,
VitalDB,0.75,stratum_MAR,weak,Gamma2_prediction_sensitivity_region,full,MNAR_event_rate_coverage,300,0.17666666666666667,,,,,,
VitalDB,0.75,stratum_MAR,weak,IPAW_design_probability_truncated99,reconstructed,event_rate,300,0.12743020831493415,0.010009126931091369,0.10844063193004429,0.14692017795327653,0.1419753086419753,-0.01454510032704115,0.017646773738372555
VitalDB,0.75,stratum_MAR,weak,IPAW_design_probability_truncated99,reconstructed,oe,300,1.2662770565642336,0.09828872953370127,1.085738876422916,1.4551546732826142,1.4167750646420612,-0.15049800807782754,0.17966113252703958
VitalDB,0.75,stratum_MAR,weak,IPAW_design_probability_truncated99,reconstructed,brier,300,0.09965825303650117,0.008492756763897241,0.08467430977315946,0.11704715305178916,0.11053590028892503,-0.010877647252423864,0.01379165342302066
VitalDB,0.75,stratum_MAR,weak,IPAW_design_probability_truncated99,reconstructed,auc,300,0.7152230022670909,0.030682224909364193,0.6575869458787298,0.7760449173664761,0.7044103847356897,0.01081261753140117,0.03248343619217664
VitalDB,0.75,stratum_MAR,weak,IPAW_design_probability_truncated99,reconstructed,calibration_intercept,300,-0.2957987624287829,0.18180836771030262,-0.6515133135263038,0.038352880537433263,-0.22511057884817762,-0.07068818358060527,0.19478429332343938
VitalDB,0.75,stratum_MAR,weak,IPAW_design_probability_truncated99,reconstructed,calibration_slope,300,0.6955896579414397,0.10475025404137553,0.5094561459308448,0.8983600813154056,0.6581631632744903,0.03742649466694936,0.11107107111687001
VitalDB,0.75,stratum_MAR,weak,IPAW_design_probability_truncated99,reconstructed,outcome_observed_fraction,300,0.8040020576131687,0.02083624572415176,0.7592592592592593,0.8442129629629629,,,
VitalDB,0.75,stratum_MAR,weak,IPAW_design_probability_truncated99,reconstructed,reconstructed_sensitivity,300,0.7870289855072463,0.05175350266292073,0.6842391304347826,0.8913043478260869,,,
VitalDB,0.75,stratum_MAR,weak,IPAW_design_probability_truncated99,reconstructed,ess,300,247.60950784200395,6.252742987456595,236.00712349127613,259.97562297565645,324.0,-76.39049215799605,76.64511572408568
VitalDB,0.75,stratum_MAR,weak,IPAW_design_probability_truncated99,reconstructed,event_rate_se,300,0.019987108474522983,0.0009413816171586793,0.018292857076503202,0.021781810341619478,0.019390267411834264,0.0005968410626887195,0.0011133124473413913
VitalDB,0.75,stratum_MAR,weak,IPAW_design_probability_truncated99,reconstructed,weight_p99,300,2.394209786102808,0.23091430192202295,1.99757762981134,2.7848807378278195,,,
VitalDB,0.75,stratum_MAR,weak,IPAW_design_probability_truncated99,reconstructed,weight_max,300,2.437060545051692,0.23126852782127652,2.005292298675511,2.8665884855751727,,,
VitalDB,0.75,stratum_MAR,weak,IPAW_design_probability_truncated99,reconstructed,event_rate_interval_coverage,300,0.99,,,,,,
VitalDB,0.75,stratum_MAR,weak,IPAW_design_probability_untruncated,reconstructed,event_rate,300,0.12692054077509615,0.009976220028739068,0.10803742904929857,0.1466187248871568,0.1419753086419753,-0.015054767866879148,0.01805101802393868
VitalDB,0.75,stratum_MAR,weak,IPAW_design_probability_untruncated,reconstructed,oe,300,1.2646374787463857,0.09821356391512359,1.0845303255719325,1.453554660516155,1.4167750646420612,-0.1521375858956755,0.18099612196200332
VitalDB,0.75,stratum_MAR,weak,IPAW_design_probability_untruncated,reconstructed,brier,300,0.09926544170299213,0.008462385622091255,0.08439140841005051,0.11677355325476507,0.11053590028892503,-0.011270458585932897,0.014085329267935072
VitalDB,0.75,stratum_MAR,weak,IPAW_design_probability_untruncated,reconstructed,auc,300,0.7160719030775562,0.030581249513580683,0.6584677699318005,0.776271094423328,0.7044103847356897,0.011661518341866461,0.03268159200187257
VitalDB,0.75,stratum_MAR,weak,IPAW_design_probability_untruncated,reconstructed,calibration_intercept,300,-0.2939624372909756,0.18167926091022166,-0.6501080236835095,0.04061972352637307,-0.22511057884817762,-0.06885185844279798,0.19400491680134088
VitalDB,0.75,stratum_MAR,weak,IPAW_design_probability_untruncated,reconstructed,calibration_slope,300,0.6976859208834244,0.10464014512948644,0.5121135097468975,0.8996365588141286,0.6581631632744903,0.03952275760893409,0.1116920310876839
VitalDB,0.75,stratum_MAR,weak,IPAW_design_probability_untruncated,reconstructed,outcome_observed_fraction,300,0.8040020576131687,0.02083624572415176,0.7592592592592593,0.8442129629629629,,,
VitalDB,0.75,stratum_MAR,weak,IPAW_design_probability_untruncated,reconstructed,reconstructed_sensitivity,300,0.7870289855072463,0.05175350266292073,0.6842391304347826,0.8913043478260869,,,
VitalDB,0.75,stratum_MAR,weak,IPAW_design_probability_untruncated,reconstructed,ess,300,245.26260726782226,6.3681213476361815,233.46887484149912,258.0922395585211,324.0,-78.73739273217774,78.9936377640277
VitalDB,0.75,stratum_MAR,weak,IPAW_design_probability_untruncated,reconstructed,event_rate_se,300,0.019934198064597463,0.0009408789264155243,0.018231391209028107,0.021754686226051964,0.019390267411834264,0.0005439306527631992,0.00108543210996404
VitalDB,0.75,stratum_MAR,weak,IPAW_design_probability_untruncated,reconstructed,weight_p99,300,2.437060545051692,0.23126852782127652,2.005292298675511,2.8665884855751727,,,
VitalDB,0.75,stratum_MAR,weak,IPAW_design_probability_untruncated,reconstructed,weight_max,300,3.279140297966525,0.5545758703054662,2.4265828756317243,4.238111128905706,,,
VitalDB,0.75,stratum_MAR,weak,IPAW_design_probability_untruncated,reconstructed,event_rate_interval_coverage,300,0.9866666666666667,,,,,,
VitalDB,0.75,stratum_MAR,weak,full_reference,full,event_rate,300,0.1419753086419753,0.0,0.1419753086419753,0.1419753086419753,0.1419753086419753,0.0,0.0
VitalDB,0.75,stratum_MAR,weak,full_reference,full,oe,300,1.4167750646420616,4.448312140598118e-16,1.4167750646420612,1.4167750646420612,1.4167750646420612,4.440892098500626e-16,0.0
VitalDB,0.75,stratum_MAR,weak,full_reference,full,brier,300,0.11053590028892503,0.0,0.11053590028892503,0.11053590028892503,0.11053590028892503,0.0,0.0
VitalDB,0.75,stratum_MAR,weak,full_reference,full,auc,300,0.7044103847356897,0.0,0.7044103847356897,0.7044103847356897,0.7044103847356897,0.0,0.0
VitalDB,0.75,stratum_MAR,weak,full_reference,full,calibration_intercept,300,-0.2251105788481776,2.7801950878738235e-17,-0.22511057884817762,-0.22511057884817762,-0.22511057884817762,2.7755575615628914e-17,0.0
VitalDB,0.75,stratum_MAR,weak,full_reference,full,calibration_slope,300,0.6581631632744902,1.1120780351495294e-16,0.6581631632744903,0.6581631632744903,0.6581631632744903,-1.1102230246251565e-16,0.0
VitalDB,0.75,stratum_MAR,weak,full_reference,full,outcome_observed_fraction,300,0.8040020576131687,0.02083624572415176,0.7592592592592593,0.8442129629629629,,,
VitalDB,0.75,stratum_MAR,weak,full_reference,full,reconstructed_sensitivity,300,0.7870289855072463,0.05175350266292073,0.6842391304347826,0.8913043478260869,,,
VitalDB,0.75,stratum_MAR,weak,full_reference,full,ess,300,324.0,0.0,324.0,324.0,324.0,0.0,0.0
VitalDB,0.75,stratum_MAR,weak,full_reference,full,event_rate_se,300,0.01939026741183426,3.475243859842279e-18,0.019390267411834264,0.019390267411834264,0.019390267411834264,-3.469446951953614e-18,0.0
VitalDB,0.75,stratum_MAR,weak,full_reference,full,event_rate_interval_coverage,300,1.0,,,,,,
VitalDB,0.75,stratum_MAR,weak,naive,reconstructed,event_rate,300,0.1420252682785339,0.00943736303994457,0.1252190959409594,0.16062779678862857,0.1419753086419753,4.9959636558599696e-05,0.009421753430714008
VitalDB,0.75,stratum_MAR,weak,naive,reconstructed,oe,300,1.2870191331632546,0.08550397601816091,1.131881366005726,1.4593889601182166,1.4167750646420612,-0.1297559314788066,0.155316328512053
VitalDB,0.75,stratum_MAR,weak,naive,reconstructed,brier,300,0.10843173536895752,0.007638213027818602,0.09487521895750685,0.12387915290794535,0.11053590028892503,-0.0021041649199675105,0.00791045725234843
VitalDB,0.75,stratum_MAR,weak,naive,reconstructed,auc,300,0.7215118340004396,0.024215334152152053,0.6733196438225962,0.7699051330635355,0.7044103847356897,0.01710144926474988,0.029612284056252606
VitalDB,0.75,stratum_MAR,weak,naive,reconstructed,calibration_intercept,300,-0.20815021826493788,0.1450606793200553,-0.5150884780506084,0.06939648913657749,-0.22511057884817762,0.016960360583239742,0.14580847888112264
VitalDB,0.75,stratum_MAR,weak,naive,reconstructed,calibration_slope,300,0.7094805573101913,0.07987475925635257,0.5623202617351799,0.8664024835104757,0.6581631632744903,0.051317394035701014,0.09482713486297835
VitalDB,0.75,stratum_MAR,weak,naive,reconstructed,outcome_observed_fraction,300,0.8040020576131687,0.02083624572415176,0.7592592592592593,0.8442129629629629,,,
VitalDB,0.75,stratum_MAR,weak,naive,reconstructed,reconstructed_sensitivity,300,0.7870289855072463,0.05175350266292073,0.6842391304347826,0.8913043478260869,,,
VitalDB,0.75,stratum_MAR,weak,naive,reconstructed,ess,300,260.49666666666667,6.7509436146251725,246.0,273.525,324.0,-63.50333333333333,63.859977033089095
VitalDB,0.75,stratum_MAR,weak,naive,reconstructed,event_rate_se,300,0.0216194880097345,0.0007266538823020453,0.020270569323583253,0.023064626564812733,0.019390267411834264,0.0022292205979002368,0.00234428885859908
VitalDB,0.75,stratum_MAR,weak,naive,reconstructed,event_rate_interval_coverage,300,1.0,,,,,,
VitalDB,0.75,stratum_MAR,weak,recalibration_intercept_apparent,reconstructed,event_rate,300,0.1420252682785339,0.00943736303994457,0.1252190959409594,0.16062779678862857,,,
VitalDB,0.75,stratum_MAR,weak,recalibration_intercept_apparent,reconstructed,oe,300,1.0017054362711064,0.019257590176402307,0.9671516523024114,1.0457418564125835,1.0,0.0017054362711064197,0.019300961366705668
VitalDB,0.75,stratum_MAR,weak,recalibration_intercept_apparent,reconstructed,brier,300,0.11000037817031062,0.007917398597625571,0.09711507708155433,0.12635895617494178,,,
VitalDB,0.75,stratum_MAR,weak,recalibration_intercept_apparent,reconstructed,auc,300,0.7117891750882859,0.0263947161685238,0.6619304180934242,0.761766954756098,,,
VitalDB,0.75,stratum_MAR,weak,recalibration_intercept_apparent,reconstructed,calibration_intercept,300,-0.5146146980697468,0.14094875992145545,-0.7803876056286096,-0.2544143439854375,0.0,-0.5146146980697468,0.5335059686167857
VitalDB,0.75,stratum_MAR,weak,recalibration_intercept_apparent,reconstructed,calibration_slope,300,0.6746916462823097,0.08816563617798137,0.5112541748024877,0.8438091623509228,1.0,-0.3253083537176903,0.3370056287410838
VitalDB,0.75,stratum_MAR,weak,recalibration_intercept_apparent,reconstructed,outcome_observed_fraction,300,0.8040020576131687,0.02083624572415176,0.7592592592592593,0.8442129629629629,,,
VitalDB,0.75,stratum_MAR,weak,recalibration_intercept_apparent,reconstructed,reconstructed_sensitivity,300,0.7870289855072463,0.05175350266292073,0.6842391304347826,0.8913043478260869,,,
VitalDB,0.75,stratum_MAR,weak,recalibration_intercept_apparent,reconstructed,ess,300,260.49666666666667,6.7509436146251725,246.0,273.525,,,
VitalDB,0.75,stratum_MAR,weak,recalibration_intercept_apparent,reconstructed,event_rate_se,300,0.0216194880097345,0.0007266538823020453,0.020270569323583253,0.023064626564812733,,,
VitalDB,0.75,stratum_MAR,weak,recalibration_intercept_slope_apparent,reconstructed,event_rate,300,0.1420252682785339,0.00943736303994457,0.1252190959409594,0.16062779678862857,,,
VitalDB,0.75,stratum_MAR,weak,recalibration_intercept_slope_apparent,reconstructed,oe,300,1.0009553560496507,0.03064605148804667,0.9394613894796396,1.0667764819993915,1.0,0.0009553560496506908,0.030609844420005118
VitalDB,0.75,stratum_MAR,weak,recalibration_intercept_slope_apparent,reconstructed,brier,300,0.11034936958033635,0.007808927691187064,0.09728643807976467,0.12599046005843975,,,
VitalDB,0.75,stratum_MAR,weak,recalibration_intercept_slope_apparent,reconstructed,auc,300,0.6982161846286445,0.03696140506728927,0.624924825655785,0.7588267967215334,,,
VitalDB,0.75,stratum_MAR,weak,recalibration_intercept_slope_apparent,reconstructed,calibration_intercept,300,-0.27019990211820233,0.2886031654382308,-0.9109027698315411,0.07483465100787572,0.0,-0.27019990211820233,0.39499637329387766
VitalDB,0.75,stratum_MAR,weak,recalibration_intercept_slope_apparent,reconstructed,calibration_slope,300,0.8363092202649726,0.166541509354937,0.4787732259735415,1.0281780246084302,1.0,-0.16369077973502744,0.23332014942425014
VitalDB,0.75,stratum_MAR,weak,recalibration_intercept_slope_apparent,reconstructed,outcome_observed_fraction,300,0.8040020576131687,0.02083624572415176,0.7592592592592593,0.8442129629629629,,,
VitalDB,0.75,stratum_MAR,weak,recalibration_intercept_slope_apparent,reconstructed,reconstructed_sensitivity,300,0.7870289855072463,0.05175350266292073,0.6842391304347826,0.8913043478260869,,,
VitalDB,0.75,stratum_MAR,weak,recalibration_intercept_slope_apparent,reconstructed,ess,300,260.49666666666667,6.7509436146251725,246.0,273.525,,,
VitalDB,0.75,stratum_MAR,weak,recalibration_intercept_slope_apparent,reconstructed,event_rate_se,300,0.0216194880097345,0.0007266538823020453,0.020270569323583253,0.023064626564812733,,,
VitalDB,0.75,stratum_MAR,weak,recalibration_intercept_slope_truth,full,event_rate,300,0.1419753086419753,0.0,0.1419753086419753,0.1419753086419753,,,
VitalDB,0.75,stratum_MAR,weak,recalibration_intercept_slope_truth,full,oe,300,1.0761642886315128,0.08079088329394704,0.9329663668248275,1.2538376144487977,1.0,0.07616428863151281,0.11093425288618419
VitalDB,0.75,stratum_MAR,weak,recalibration_intercept_slope_truth,full,brier,300,0.1117033547056557,0.0035332845675852495,0.1085466183894354,0.1214969209574572,,,
VitalDB,0.75,stratum_MAR,weak,recalibration_intercept_slope_truth,full,auc,300,0.684784433322907,0.02391401778217103,0.6263156865811698,0.7048424304035033,,,
VitalDB,0.75,stratum_MAR,weak,recalibration_intercept_slope_truth,full,calibration_intercept,300,-0.2638275647284059,0.2882678607072579,-0.855346304595892,0.2515161196534941,0.0,-0.2638275647284059,0.39041817183058697
VitalDB,0.75,stratum_MAR,weak,recalibration_intercept_slope_truth,full,calibration_slope,300,0.7972391310978882,0.167883822385887,0.4489115035802868,1.0753696630342031,1.0,-0.20276086890211176,0.26306462675694803
VitalDB,0.75,stratum_MAR,weak,recalibration_intercept_slope_truth,full,outcome_observed_fraction,300,0.8040020576131687,0.02083624572415176,0.7592592592592593,0.8442129629629629,,,
VitalDB,0.75,stratum_MAR,weak,recalibration_intercept_slope_truth,full,reconstructed_sensitivity,300,0.7870289855072463,0.05175350266292073,0.6842391304347826,0.8913043478260869,,,
VitalDB,0.75,stratum_MAR,weak,recalibration_intercept_slope_truth,full,ess,300,324.0,0.0,324.0,324.0,,,
VitalDB,0.75,stratum_MAR,weak,recalibration_intercept_slope_truth,full,event_rate_se,300,0.01939026741183426,3.475243859842279e-18,0.019390267411834264,0.019390267411834264,,,
VitalDB,0.75,stratum_MAR,weak,recalibration_intercept_truth,full,event_rate,300,0.1419753086419753,0.0,0.1419753086419753,0.1419753086419753,,,
VitalDB,0.75,stratum_MAR,weak,recalibration_intercept_truth,full,oe,300,1.0996053834533763,0.07779857502401417,0.9564752064100569,1.2494809607933766,1.0,0.09960538345337633,0.12630785919493986
VitalDB,0.75,stratum_MAR,weak,recalibration_intercept_truth,full,brier,300,0.11116687430422739,0.001760818081254394,0.10983519396054549,0.11601416823378073,,,
VitalDB,0.75,stratum_MAR,weak,recalibration_intercept_truth,full,auc,300,0.6963119069961423,0.011063588778137207,0.662564513606506,0.7058257741632781,,,
VitalDB,0.75,stratum_MAR,weak,recalibration_intercept_truth,full,calibration_intercept,300,-0.511474213890467,0.09160827611549666,-0.7232450783341249,-0.3664450033137151,0.0,-0.511474213890467,0.5195863490703106
VitalDB,0.75,stratum_MAR,weak,recalibration_intercept_truth,full,calibration_slope,300,0.6291699842852426,0.03988179873893527,0.5279210523172649,0.6603946947747364,1.0,-0.3708300157147574,0.3729613338753648
VitalDB,0.75,stratum_MAR,weak,recalibration_intercept_truth,full,outcome_observed_fraction,300,0.8040020576131687,0.02083624572415176,0.7592592592592593,0.8442129629629629,,,
VitalDB,0.75,stratum_MAR,weak,recalibration_intercept_truth,full,reconstructed_sensitivity,300,0.7870289855072463,0.05175350266292073,0.6842391304347826,0.8913043478260869,,,
VitalDB,0.75,stratum_MAR,weak,recalibration_intercept_truth,full,ess,300,324.0,0.0,324.0,324.0,,,
VitalDB,0.75,stratum_MAR,weak,recalibration_intercept_truth,full,event_rate_se,300,0.01939026741183426,3.475243859842279e-18,0.019390267411834264,0.019390267411834264,,,
VitalDB,0.75,stratum_MAR,weak,reference_05pct_recalibration,full_heldout,event_rate,297,0.1420669277812135,0.006006210312137709,0.1292517006802721,0.15306122448979592,,,
VitalDB,0.75,stratum_MAR,weak,reference_05pct_recalibration,full_heldout,oe,297,1.5261480880594895,2.654671698192301,0.4898685684269477,4.717329182663338,1.0,0.5261480880594895,2.7019225403623683
VitalDB,0.75,stratum_MAR,weak,reference_05pct_recalibration,full_heldout,brier,297,0.12133432870766815,0.013057734941810385,0.1075904903192422,0.15288416972724747,,,
VitalDB,0.75,stratum_MAR,weak,reference_05pct_recalibration,full_heldout,auc,297,0.6592283592718905,0.1280059857126705,0.26454837727372194,0.7243191859672428,,,
VitalDB,0.75,stratum_MAR,weak,reference_05pct_recalibration,full_heldout,calibration_intercept,297,0.15584468768317175,8.634235721741172,-12.390211009680478,13.735579827907458,0.0,0.15584468768317175,8.621096442740878
VitalDB,0.75,stratum_MAR,weak,reference_05pct_recalibration,full_heldout,calibration_slope,297,0.9546184087234147,3.6261719736693783,-5.710918064551013,9.038370842223783,1.0,-0.045381591276585254,3.6203466034929623
VitalDB,0.75,stratum_MAR,weak,reference_05pct_recalibration,full_heldout,outcome_observed_fraction,297,0.8039136218148564,0.020919234697404563,0.7592592592592593,0.8444444444444443,,,
VitalDB,0.75,stratum_MAR,weak,reference_05pct_recalibration,full_heldout,reconstructed_sensitivity,297,0.7867808519982433,0.051883934633362966,0.6826086956521739,0.8913043478260869,,,
VitalDB,0.75,stratum_MAR,weak,reference_05pct_recalibration,full_heldout,ess,297,294.0,0.0,294.0,294.0,,,
VitalDB,0.75,stratum_MAR,weak,reference_05pct_recalibration,full_heldout,event_rate_se,297,0.02035479466737132,0.0003628085069930571,0.01956549254362358,0.020998338616454712,,,
VitalDB,0.75,stratum_MAR,weak,reference_05pct_recalibration,full_heldout,reference_sample_n,297,30.0,0.0,30.0,30.0,,,
VitalDB,0.75,stratum_MAR,weak,reference_05pct_recalibration,full_heldout,evaluation_n,297,294.0,0.0,294.0,294.0,,,
VitalDB,0.75,stratum_MAR,weak,reference_10pct_recalibration,full_heldout,event_rate,298,0.14234645632971238,0.006096361006446137,0.13058419243986255,0.15317869415807556,,,
VitalDB,0.75,stratum_MAR,weak,reference_10pct_recalibration,full_heldout,oe,298,1.4477439385432014,2.435174741513219,0.5339402717430604,4.47022049254516,1.0,0.4477439385432014,2.4719731131710763
VitalDB,0.75,stratum_MAR,weak,reference_10pct_recalibration,full_heldout,brier,298,0.11955764205383256,0.011035027545459344,0.10729061302102863,0.14780101986101493,,,
VitalDB,0.75,stratum_MAR,weak,reference_10pct_recalibration,full_heldout,auc,298,0.6637565716869397,0.12202757289148282,0.2642554780876494,0.7242181274900398,,,
VitalDB,0.75,stratum_MAR,weak,reference_10pct_recalibration,full_heldout,calibration_intercept,298,0.022689767543758173,28.963296106398598,-12.633154063295914,14.438280295510308,0.0,0.022689767543758173,28.914668037374724
VitalDB,0.75,stratum_MAR,weak,reference_10pct_recalibration,full_heldout,calibration_slope,298,1.2546455100961542,13.39409161201725,-5.5519285997275745,7.803400980634658,1.0,0.2546455100961542,13.374023902797182
VitalDB,0.75,stratum_MAR,weak,reference_10pct_recalibration,full_heldout,outcome_observed_fraction,298,0.8039398458861546,0.020888893374324473,0.7592592592592593,0.8443672839506172,,,
VitalDB,0.75,stratum_MAR,weak,reference_10pct_recalibration,full_heldout,reconstructed_sensitivity,298,0.786766851473592,0.05179707815478544,0.6831521739130435,0.8913043478260869,,,
VitalDB,0.75,stratum_MAR,weak,reference_10pct_recalibration,full_heldout,ess,298,291.0,0.0,291.0,291.0,,,
VitalDB,0.75,stratum_MAR,weak,reference_10pct_recalibration,full_heldout,event_rate_se,298,0.020476069345819786,0.00036905558067955356,0.019752068152595607,0.021112479994302775,,,
VitalDB,0.75,stratum_MAR,weak,reference_10pct_recalibration,full_heldout,reference_sample_n,298,33.0,0.0,33.0,33.0,,,
VitalDB,0.75,stratum_MAR,weak,reference_10pct_recalibration,full_heldout,evaluation_n,298,291.0,0.0,291.0,291.0,,,
VitalDB,0.75,stratum_MAR,weak,reference_20pct_recalibration,full_heldout,event_rate,300,0.14265122265122263,0.009612127838073938,0.12355212355212356,0.16216216216216217,,,
VitalDB,0.75,stratum_MAR,weak,reference_20pct_recalibration,full_heldout,oe,300,1.1504392551857288,0.5621948201182337,0.5814382234259354,2.2609157094543364,1.0,0.15043925518572876,0.5810692229697917
VitalDB,0.75,stratum_MAR,weak,reference_20pct_recalibration,full_heldout,brier,300,0.11520639225302083,0.009137963218745018,0.10388722767396924,0.13717880931029988,,,
VitalDB,0.75,stratum_MAR,weak,reference_20pct_recalibration,full_heldout,auc,300,0.6962771101957748,0.061162513036525326,0.6483921256846067,0.7479649018613423,,,
VitalDB,0.75,stratum_MAR,weak,reference_20pct_recalibration,full_heldout,calibration_intercept,300,0.28996838890033394,16.98226335773139,-1.317038898825121,12.751594189560805,0.0,0.28996838890033394,16.95641548761815
VitalDB,0.75,stratum_MAR,weak,reference_20pct_recalibration,full_heldout,calibration_slope,300,1.2065193467204005,8.197235742223434,0.30009306205493025,9.010065243251212,1.0,0.2065193467204005,8.186167711946165
VitalDB,0.75,stratum_MAR,weak,reference_20pct_recalibration,full_heldout,outcome_observed_fraction,300,0.8040020576131687,0.02083624572415176,0.7592592592592593,0.8442129629629629,,,
VitalDB,0.75,stratum_MAR,weak,reference_20pct_recalibration,full_heldout,reconstructed_sensitivity,300,0.7870289855072463,0.05175350266292073,0.6842391304347826,0.8913043478260869,,,
VitalDB,0.75,stratum_MAR,weak,reference_20pct_recalibration,full_heldout,ess,300,259.0,0.0,259.0,259.0,,,
VitalDB,0.75,stratum_MAR,weak,reference_20pct_recalibration,full_heldout,event_rate_se,300,0.021713497092389927,0.0006145587901299073,0.020447408414756684,0.022903658837129595,,,
VitalDB,0.75,stratum_MAR,weak,reference_20pct_recalibration,full_heldout,reference_sample_n,300,65.0,0.0,65.0,65.0,,,
VitalDB,0.75,stratum_MAR,weak,reference_20pct_recalibration,full_heldout,evaluation_n,300,259.0,0.0,259.0,259.0,,,
VitalDB,0.75,stratum_MAR,weak,reference_30pct_recalibration,full_heldout,event_rate,300,0.14272861356932154,0.012694998529620036,0.11946902654867257,0.168141592920354,,,
VitalDB,0.75,stratum_MAR,weak,reference_30pct_recalibration,full_heldout,oe,300,1.0937787710601294,0.3870921575318861,0.6215595683646302,2.0489050305018823,1.0,0.09377877106012944,0.397662329784324
VitalDB,0.75,stratum_MAR,weak,reference_30pct_recalibration,full_heldout,brier,300,0.11296549550187841,0.010035380835043958,0.09842725152502349,0.13852779845601274,,,
VitalDB,0.75,stratum_MAR,weak,reference_30pct_recalibration,full_heldout,auc,300,0.7036055703168614,0.038331827498584575,0.6503387902499671,0.7614440808379694,,,
VitalDB,0.75,stratum_MAR,weak,reference_30pct_recalibration,full_heldout,calibration_intercept,300,0.3950018888587408,2.130053096825591,-1.0642740257490886,4.4230816669824415,0.0,0.3950018888587408,2.162875154398409
VitalDB,0.75,stratum_MAR,weak,reference_30pct_recalibration,full_heldout,calibration_slope,300,1.2024042321806336,1.0093588770149646,0.42029349610119776,3.468082166486602,1.0,0.20240423218063364,1.0278019254724355
VitalDB,0.75,stratum_MAR,weak,reference_30pct_recalibration,full_heldout,outcome_observed_fraction,300,0.8040020576131687,0.02083624572415176,0.7592592592592593,0.8442129629629629,,,
VitalDB,0.75,stratum_MAR,weak,reference_30pct_recalibration,full_heldout,reconstructed_sensitivity,300,0.7870289855072463,0.05175350266292073,0.6842391304347826,0.8913043478260869,,,
VitalDB,0.75,stratum_MAR,weak,reference_30pct_recalibration,full_heldout,ess,300,226.0,0.0,226.0,226.0,,,
VitalDB,0.75,stratum_MAR,weak,reference_30pct_recalibration,full_heldout,event_rate_se,300,0.023236834526509275,0.0008629118056032414,0.021574749482665086,0.024877576146280455,,,
VitalDB,0.75,stratum_MAR,weak,reference_30pct_recalibration,full_heldout,reference_sample_n,300,98.0,0.0,98.0,98.0,,,
VitalDB,0.75,stratum_MAR,weak,reference_30pct_recalibration,full_heldout,evaluation_n,300,226.0,0.0,226.0,226.0,,,
