database,retention_target,mechanism,strength,method,evaluation_target,metric,n_replicates,mean,sd,q025,q975,truth,bias,rmse
INSPIRE,0.35,MCAR,strong,reference_05pct_recalibration,full_heldout,oe,300,1.131529885694583,0.5391991853180149,0.573557799585362,2.415938101494723,1.0,0.131529885694583,0.5541360420272404
INSPIRE,0.35,MCAR,strong,reference_05pct_recalibration,full_heldout,calibration_intercept,300,1.0399186115609425,6.482126348398556,-1.3929732756909163,13.98164229413246,0.0,1.0399186115609425,6.554336949070564
INSPIRE,0.35,MCAR,strong,reference_05pct_recalibration,full_heldout,calibration_slope,300,1.3618066408758618,2.500366910182604,0.3746140042668168,5.678153270835015,1.0,0.3618066408758618,2.5222805716189045
INSPIRE,0.35,MCAR,strong,reference_10pct_recalibration,full_heldout,oe,300,1.0643529887081395,0.3138653101844055,0.6329638649015042,1.801266814025083,1.0,0.0643529887081395,0.319881804186639
INSPIRE,0.35,MCAR,strong,reference_10pct_recalibration,full_heldout,calibration_intercept,300,0.4456862454178698,2.499174366965014,-1.061167568208991,3.3460212511282093,0.0,0.4456862454178698,2.534499787096987
INSPIRE,0.35,MCAR,strong,reference_10pct_recalibration,full_heldout,calibration_slope,300,1.1595784914169125,0.9542060555890828,0.5291365367121386,2.4946189291652705,1.0,0.1595784914169122,0.965887913161096
INSPIRE,0.35,MCAR,strong,reference_20pct_recalibration,full_heldout,oe,300,1.0359369332640769,0.223254834808541,0.7067183725776521,1.5880409095937116,1.0,0.0359369332640768,0.2257610285979351
INSPIRE,0.35,MCAR,strong,reference_20pct_recalibration,full_heldout,calibration_intercept,300,0.1095869830454114,0.691147358511535,-0.8791098043726799,1.9057997382740692,0.0,0.1095869830454114,0.6986427526234057
INSPIRE,0.35,MCAR,strong,reference_20pct_recalibration,full_heldout,calibration_slope,300,1.0381790364190275,0.2914871114817062,0.5870121449561381,1.7375701388531497,1.0,0.0381790364190275,0.2934947345262504
INSPIRE,0.35,MCAR,strong,reference_30pct_recalibration,full_heldout,oe,300,1.011383726373434,0.1824398147472384,0.7095333193588854,1.4630617352010162,1.0,0.0113837263734339,0.1824908973377444
INSPIRE,0.35,MCAR,strong,reference_30pct_recalibration,full_heldout,calibration_intercept,300,0.0509617272724359,0.5428244588824757,-0.7714160142359943,1.3702008220685071,0.0,0.0509617272724359,0.5443099265710414
INSPIRE,0.35,MCAR,strong,reference_30pct_recalibration,full_heldout,calibration_slope,300,1.0240389381591706,0.2301436094339526,0.6759307071364956,1.599641604439168,1.0,0.0240389381591705,0.2310138478704192
INSPIRE,0.35,MCAR,weak,reference_05pct_recalibration,full_heldout,oe,300,1.172400988707084,0.5419907540244694,0.530803174722174,2.402806995881762,1.0,0.1724009887070841,0.5678881037936666
INSPIRE,0.35,MCAR,weak,reference_05pct_recalibration,full_heldout,calibration_intercept,300,1.760246011269453,14.92221158620307,-1.305516596579575,13.342382202262552,0.0,1.760246011269453,15.000954080152988
INSPIRE,0.35,MCAR,weak,reference_05pct_recalibration,full_heldout,calibration_slope,300,1.776424007571159,6.830241411740356,0.3993449759023752,6.445554085173961,1.0,0.776424007571159,6.862909343447347
INSPIRE,0.35,MCAR,weak,reference_10pct_recalibration,full_heldout,oe,300,1.066561897241791,0.3253220177666638,0.616305075323588,1.864160653165921,1.0,0.0665618972417909,0.3315299685157503
INSPIRE,0.35,MCAR,weak,reference_10pct_recalibration,full_heldout,calibration_intercept,300,0.3215708866618161,1.2207141681952869,-0.9499872718963476,3.763332454972168,0.0,0.3215708866618161,1.2603903252483872
INSPIRE,0.35,MCAR,weak,reference_10pct_recalibration,full_heldout,calibration_slope,300,1.1223062424413786,0.5115657062920906,0.5216039005597679,2.495492360627005,1.0,0.1223062424413785,0.5251532702187122
INSPIRE,0.35,MCAR,weak,reference_20pct_recalibration,full_heldout,oe,300,1.0231249309842545,0.229259856181472,0.6777378061482162,1.526795528905026,1.0,0.0231249309842542,0.2300426999867371
INSPIRE,0.35,MCAR,weak,reference_20pct_recalibration,full_heldout,calibration_intercept,300,0.1120409116629759,0.6490566044547879,-0.7969471168744174,1.7498307547395138,0.0,0.1120409116629759,0.6575890764147686
INSPIRE,0.35,MCAR,weak,reference_20pct_recalibration,full_heldout,calibration_slope,300,1.0481843394038295,0.2616847021111052,0.6502408302774916,1.642332289477076,1.0,0.0481843394038294,0.265654570708589
INSPIRE,0.35,MCAR,weak,reference_30pct_recalibration,full_heldout,oe,300,1.012310621284181,0.1903267938903942,0.721994711347057,1.4728135448877548,1.0,0.012310621284181,0.1904077000563715
INSPIRE,0.35,MCAR,weak,reference_30pct_recalibration,full_heldout,calibration_intercept,300,0.0257455766186066,0.5672988466214673,-0.8542845255259608,1.3363612668724223,0.0,0.0257455766186066,0.5669374358388629
INSPIRE,0.35,MCAR,weak,reference_30pct_recalibration,full_heldout,calibration_slope,300,1.0112597074920122,0.2331125959073264,0.6527327407023485,1.6033938954356195,1.0,0.0112597074920122,0.23299597659378
INSPIRE,0.35,history_MAR,strong,reference_05pct_recalibration,full_heldout,oe,300,1.135354994545286,0.6555010431239338,0.5415191193940101,2.439641133181269,1.0,0.1353549945452861,0.6682591712999265
INSPIRE,0.35,history_MAR,strong,reference_05pct_recalibration,full_heldout,calibration_intercept,300,0.3211407734860167,4.179451389171755,-1.2571555882346928,9.399405750325696,0.0,0.3211407734860167,4.184820099414479
INSPIRE,0.35,history_MAR,strong,reference_05pct_recalibration,full_heldout,calibration_slope,300,1.1226763442212844,1.642169370794502,0.318613595507499,4.917259232353151,1.0,0.1226763442212843,1.644013582770083
INSPIRE,0.35,history_MAR,strong,reference_10pct_recalibration,full_heldout,oe,300,1.046353332829463,0.3324157746904079,0.6308941491512843,1.7631307396846638,1.0,0.0463533328294629,0.3350828920877334
INSPIRE,0.35,history_MAR,strong,reference_10pct_recalibration,full_heldout,calibration_intercept,300,0.3524386204263126,1.8535917792103724,-1.0553370826981825,3.806353852342972,0.0,0.3524386204263126,1.88376293364578
INSPIRE,0.35,history_MAR,strong,reference_10pct_recalibration,full_heldout,calibration_slope,300,1.138875434361851,0.743708707279905,0.5741861480289161,2.436072475983841,1.0,0.138875434361851,0.7553445254201514
INSPIRE,0.35,history_MAR,strong,reference_20pct_recalibration,full_heldout,oe,300,1.021220152547647,0.2022333812540351,0.7037311909722948,1.483687421421053,1.0,0.0212201525476469,0.2030081465506755
INSPIRE,0.35,history_MAR,strong,reference_20pct_recalibration,full_heldout,calibration_intercept,300,0.1045095553621531,0.705395886785849,-0.8623856658997447,1.852646287675905,0.0,0.1045095553621531,0.7119318738938962
INSPIRE,0.35,history_MAR,strong,reference_20pct_recalibration,full_heldout,calibration_slope,300,1.0416342259754805,0.2942113539487335,0.6701973029153345,1.728373706317339,1.0,0.0416342259754805,0.2966566957988362
INSPIRE,0.35,history_MAR,strong,reference_30pct_recalibration,full_heldout,oe,300,1.0135226785149325,0.1757613383998932,0.7243283737272594,1.4143042207917045,1.0,0.0135226785149324,0.1759884581918738
INSPIRE,0.35,history_MAR,strong,reference_30pct_recalibration,full_heldout,calibration_intercept,300,0.0837982506885257,0.5448912902509849,-0.7108387617066416,1.416734869136885,0.0,0.0837982506885257,0.5503989249770287
INSPIRE,0.35,history_MAR,strong,reference_30pct_recalibration,full_heldout,calibration_slope,300,1.0376963869016431,0.2296613649322833,0.66922710485244,1.5602047060330144,1.0,0.0376963869016431,0.2323565055100802
INSPIRE,0.35,history_MAR,weak,reference_05pct_recalibration,full_heldout,oe,300,1.2222799634549868,0.6903877155656589,0.5807002785450192,2.7461659456594765,1.0,0.2222799634549868,0.7241925130549469
INSPIRE,0.35,history_MAR,weak,reference_05pct_recalibration,full_heldout,calibration_intercept,300,0.6763545522024407,4.094891807495444,-1.3314289636141523,8.882751806082958,0.0,0.6763545522024407,4.143633743345885
INSPIRE,0.35,history_MAR,weak,reference_05pct_recalibration,full_heldout,calibration_slope,300,1.2472868221172966,1.5605681420356596,0.3584090837454823,4.4395515241862045,1.0,0.2472868221172965,1.5774681577060057
INSPIRE,0.35,history_MAR,weak,reference_10pct_recalibration,full_heldout,oe,300,1.0769415208528943,0.3032109492665575,0.6345589826339353,1.8665950823860984,1.0,0.0769415208528943,0.3123306278936359
INSPIRE,0.35,history_MAR,weak,reference_10pct_recalibration,full_heldout,calibration_intercept,300,0.4965895647254501,1.8032778105815337,-0.9349468037897568,4.850857710874516,0.0,0.4965895647254501,1.8675044011700448
INSPIRE,0.35,history_MAR,weak,reference_10pct_recalibration,full_heldout,calibration_slope,300,1.180748430505134,0.7107869033575078,0.5277338746381675,2.878758915630339,1.0,0.1807484305051339,0.7322594875051758
INSPIRE,0.35,history_MAR,weak,reference_20pct_recalibration,full_heldout,oe,300,1.02901609893556,0.2067012405707417,0.6881641891869483,1.4707508187174174,1.0,0.0290160989355601,0.2083864651108853
INSPIRE,0.35,history_MAR,weak,reference_20pct_recalibration,full_heldout,calibration_intercept,300,0.1118616118288796,0.7028858257738247,-0.8919303975430964,1.944687596262826,0.0,0.1118616118288796,0.7105734838807739
INSPIRE,0.35,history_MAR,weak,reference_20pct_recalibration,full_heldout,calibration_slope,300,1.0406861622027437,0.2893951485570227,0.6112750000911087,1.7515923854380349,1.0,0.0406861622027436,0.2917631755889835
INSPIRE,0.35,history_MAR,weak,reference_30pct_recalibration,full_heldout,oe,300,1.0199514304187525,0.1777728549115929,0.7049894542709267,1.4708584943606502,1.0,0.0199514304187524,0.178594242794557
INSPIRE,0.35,history_MAR,weak,reference_30pct_recalibration,full_heldout,calibration_intercept,300,0.0669781814498624,0.5742961895597227,-0.9087671236521886,1.3412748024596368,0.0,0.0669781814498624,0.5772372156130195
INSPIRE,0.35,history_MAR,weak,reference_30pct_recalibration,full_heldout,calibration_slope,300,1.0254156889679995,0.2413668153409437,0.6199123278165604,1.5162603263853387,1.0,0.0254156889679995,0.2423008536132739
INSPIRE,0.35,mixed_MNAR,strong,reference_05pct_recalibration,full_heldout,oe,300,1.129656251830859,0.525434677791057,0.5521683131486046,2.4663954716590664,1.0,0.129656251830859,0.5403444015275206
INSPIRE,0.35,mixed_MNAR,strong,reference_05pct_recalibration,full_heldout,calibration_intercept,300,0.5154548545738311,6.1233645147532005,-1.406109896998771,9.196326728656732,0.0,0.5154548545738311,6.134843223563851
INSPIRE,0.35,mixed_MNAR,strong,reference_05pct_recalibration,full_heldout,calibration_slope,300,1.1850296933848787,2.401067770102976,0.3354877802751909,4.962320557432874,1.0,0.1850296933848787,2.404193281734912
INSPIRE,0.35,mixed_MNAR,strong,reference_10pct_recalibration,full_heldout,oe,300,1.0633182680560105,0.3029858298345194,0.6341406978615513,1.770458225144435,1.0,0.0633182680560104,0.3090365913175819
INSPIRE,0.35,mixed_MNAR,strong,reference_10pct_recalibration,full_heldout,calibration_intercept,300,0.4272850327929287,1.7983641049862402,-1.0114154089458764,5.368648806596116,0.0,0.4272850327929287,1.84550957059872
INSPIRE,0.35,mixed_MNAR,strong,reference_10pct_recalibration,full_heldout,calibration_slope,300,1.1528902852254257,0.6535400772161982,0.5327846437575127,2.8357482697899874,1.0,0.1528902852254254,0.6701241350692476
INSPIRE,0.35,mixed_MNAR,strong,reference_20pct_recalibration,full_heldout,oe,300,1.028576378822778,0.2089181795537092,0.6909630648353056,1.4817156000082583,1.0,0.0285763788227779,0.2105182315671623
INSPIRE,0.35,mixed_MNAR,strong,reference_20pct_recalibration,full_heldout,calibration_intercept,300,0.115773386263587,0.731199926648211,-0.8904159068035605,1.839276683707296,0.0,0.115773386263587,0.7391039385103552
INSPIRE,0.35,mixed_MNAR,strong,reference_20pct_recalibration,full_heldout,calibration_slope,300,1.044492718562382,0.3098659082684559,0.6389511387608819,1.7934873417635189,1.0,0.044492718562382,0.3125322812794699
INSPIRE,0.35,mixed_MNAR,strong,reference_30pct_recalibration,full_heldout,oe,300,1.0221002997369912,0.1798265756601496,0.733527666571193,1.3446025881330192,1.0,0.0221002997369912,0.1808818082922516
INSPIRE,0.35,mixed_MNAR,strong,reference_30pct_recalibration,full_heldout,calibration_intercept,300,0.0601009021039286,0.5359646245909084,-0.8437362133551874,1.3215519856089166,0.0,0.0601009021039286,0.538435391033319
INSPIRE,0.35,mixed_MNAR,strong,reference_30pct_recalibration,full_heldout,calibration_slope,300,1.022528867180584,0.2291066610469763,0.6733373031716692,1.5845192963915735,1.0,0.0225288671805841,0.2298313420432778
INSPIRE,0.35,mixed_MNAR,weak,reference_05pct_recalibration,full_heldout,oe,299,1.1679185316753182,0.5818702216144982,0.5608928905503604,2.703527286615869,1.0,0.1679185316753182,0.6046794498428869
INSPIRE,0.35,mixed_MNAR,weak,reference_05pct_recalibration,full_heldout,calibration_intercept,299,1.2720501106547537,15.84565665260175,-1.2834826385317306,11.86993635297391,0.0,1.2720501106547537,15.870198411644
INSPIRE,0.35,mixed_MNAR,weak,reference_05pct_recalibration,full_heldout,calibration_slope,299,1.426644874653267,5.649465252452286,0.4032091421102617,5.068081628129087,1.0,0.4266448746532669,5.656124068852556
INSPIRE,0.35,mixed_MNAR,weak,reference_10pct_recalibration,full_heldout,oe,300,1.0561370097405396,0.3167463100142218,0.6418078614913444,1.9012375599081672,1.0,0.0561370097405395,0.3211622041179133
INSPIRE,0.35,mixed_MNAR,weak,reference_10pct_recalibration,full_heldout,calibration_intercept,300,0.3316713472428454,2.0191354756613875,-1.0129370767074524,2.4864374558304188,0.0,0.3316713472428454,2.042871571610081
INSPIRE,0.35,mixed_MNAR,weak,reference_10pct_recalibration,full_heldout,calibration_slope,300,1.1247985772324791,0.8242268961050485,0.5760603620208176,2.0318139545751754,1.0,0.1247985772324791,0.8322620748426165
INSPIRE,0.35,mixed_MNAR,weak,reference_20pct_recalibration,full_heldout,oe,300,1.0207620378312183,0.2006784295355198,0.6760627122535172,1.4930945942827245,1.0,0.0207620378312185,0.2014166201073736
INSPIRE,0.35,mixed_MNAR,weak,reference_20pct_recalibration,full_heldout,calibration_intercept,300,0.1362632421780175,0.6924791077852444,-0.895530411986454,1.869825856911231,0.0,0.1362632421780175,0.7046251212563431
INSPIRE,0.35,mixed_MNAR,weak,reference_20pct_recalibration,full_heldout,calibration_slope,300,1.055046857530437,0.2741706463201057,0.6423428868457801,1.7264697659165085,1.0,0.055046857530437,0.2791937224996569
INSPIRE,0.35,mixed_MNAR,weak,reference_30pct_recalibration,full_heldout,oe,300,1.0182465085358698,0.1685005406630602,0.7380269677554252,1.3682820583473063,1.0,0.0182465085358698,0.169206163708105
INSPIRE,0.35,mixed_MNAR,weak,reference_30pct_recalibration,full_heldout,calibration_intercept,300,0.0671773317770314,0.537726329507993,-0.8042361909165533,1.3148323428833155,0.0,0.0671773317770314,0.5410162357385093
INSPIRE,0.35,mixed_MNAR,weak,reference_30pct_recalibration,full_heldout,calibration_slope,300,1.025289598109756,0.2191783395804508,0.6904445089268519,1.5827646047379238,1.0,0.025289598109756,0.2202693302118845
INSPIRE,0.35,outcome_MNAR,strong,reference_05pct_recalibration,full_heldout,oe,300,1.223225276049847,0.5879352412776695,0.571946220420137,2.848362440513865,1.0,0.223225276049847,0.6279690642412049
INSPIRE,0.35,outcome_MNAR,strong,reference_05pct_recalibration,full_heldout,calibration_intercept,300,2.0544750508797573,19.47151182893556,-1.2643240249651415,14.273949168401836,0.0,2.0544750508797573,19.547297547130405
INSPIRE,0.35,outcome_MNAR,strong,reference_05pct_recalibration,full_heldout,calibration_slope,300,1.7725120348357113,8.080473749053946,0.4293135626184632,5.784177898270213,1.0,0.7725120348357113,8.103899308342381
INSPIRE,0.35,outcome_MNAR,strong,reference_10pct_recalibration,full_heldout,oe,300,1.1031989998143914,0.3625258452988819,0.6288678538918205,2.1330961876597416,1.0,0.1031989998143914,0.3763468330906045
INSPIRE,0.35,outcome_MNAR,strong,reference_10pct_recalibration,full_heldout,calibration_intercept,300,0.8731927483287664,7.178937444467533,-1.0076453585853764,4.386166386059792,0.0,0.8731927483287664,7.219959690414256
INSPIRE,0.35,outcome_MNAR,strong,reference_10pct_recalibration,full_heldout,calibration_slope,300,1.3267905768424304,2.935160858633002,0.519799708203336,2.619989906071918,1.0,0.3267905768424304,2.94843078878874
INSPIRE,0.35,outcome_MNAR,strong,reference_20pct_recalibration,full_heldout,oe,300,1.0377568232003276,0.2180108028043543,0.7285602480542204,1.525895761052278,1.0,0.0377568232003275,0.220897846987656
INSPIRE,0.35,outcome_MNAR,strong,reference_20pct_recalibration,full_heldout,calibration_intercept,300,0.1458350758410314,0.6790882401473066,-0.8315524487373278,1.734115313265142,0.0,0.1458350758410314,0.6934634124875689
INSPIRE,0.35,outcome_MNAR,strong,reference_20pct_recalibration,full_heldout,calibration_slope,300,1.0537908915689376,0.2799693272238204,0.6583254274810136,1.6461306417012498,1.0,0.0537908915689375,0.2846313547754697
INSPIRE,0.35,outcome_MNAR,strong,reference_30pct_recalibration,full_heldout,oe,300,1.0327840010344906,0.1927304336839017,0.7321186569485255,1.4140061348006363,1.0,0.0327840010344906,0.1951819511590515
INSPIRE,0.35,outcome_MNAR,strong,reference_30pct_recalibration,full_heldout,calibration_intercept,300,0.0918498095753968,0.5466834716587914,-0.6899916271213384,1.46052180542479,0.0,0.0918498095753968,0.5534464710430409
INSPIRE,0.35,outcome_MNAR,strong,reference_30pct_recalibration,full_heldout,calibration_slope,300,1.0323029328826263,0.2289556400689978,0.6837301672301221,1.5280497824052133,1.0,0.0323029328826263,0.2308450323813775
INSPIRE,0.35,outcome_MNAR,weak,reference_05pct_recalibration,full_heldout,oe,300,1.2331763164304257,0.7130549346901187,0.5579847848514436,3.5045460019221206,1.0,0.2331763164304257,0.7490819113846663
INSPIRE,0.35,outcome_MNAR,weak,reference_05pct_recalibration,full_heldout,calibration_intercept,300,1.467142491427875,10.964317475292116,-1.2966005658622557,9.922569632174817,0.0,1.467142491427875,11.043914339135045
INSPIRE,0.35,outcome_MNAR,weak,reference_05pct_recalibration,full_heldout,calibration_slope,300,1.4969729658105984,3.96279181249444,0.2876547897688085,4.209847009911716,1.0,0.4969729658105983,3.987274175183965
INSPIRE,0.35,outcome_MNAR,weak,reference_10pct_recalibration,full_heldout,oe,300,1.068382344544554,0.3354424615115982,0.6279553596075536,1.7789068446975451,1.0,0.0683823445445539,0.3417933847815377
INSPIRE,0.35,outcome_MNAR,weak,reference_10pct_recalibration,full_heldout,calibration_intercept,300,0.0178581731305059,3.865470404808788,-1.0090012684968497,2.946970312131684,0.0,0.0178581731305059,3.859063896849252
INSPIRE,0.35,outcome_MNAR,weak,reference_10pct_recalibration,full_heldout,calibration_slope,300,1.0072428286739914,1.4130791315016695,0.522875140326675,1.995724438022892,1.0,0.0072428286739913,1.4107406264133375
INSPIRE,0.35,outcome_MNAR,weak,reference_20pct_recalibration,full_heldout,oe,300,1.0253354120966025,0.2129336668967809,0.689275360991251,1.4333441675683265,1.0,0.0253354120966025,0.2140829133362902
INSPIRE,0.35,outcome_MNAR,weak,reference_20pct_recalibration,full_heldout,calibration_intercept,300,0.116925206557007,0.6986204817689543,-0.7853388244009595,1.938333520290444,0.0,0.116925206557007,0.7071882207378228
INSPIRE,0.35,outcome_MNAR,weak,reference_20pct_recalibration,full_heldout,calibration_slope,300,1.0450078438449315,0.2828137206976741,0.6413263701712927,1.7495359003175657,1.0,0.0450078438449315,0.2859067935890685
INSPIRE,0.35,outcome_MNAR,weak,reference_30pct_recalibration,full_heldout,oe,300,1.0190931036471924,0.1829277515588029,0.7323949929002456,1.424721549967359,1.0,0.0190931036471924,0.1836179921002852
INSPIRE,0.35,outcome_MNAR,weak,reference_30pct_recalibration,full_heldout,calibration_intercept,300,0.0621406290398635,0.618988875851531,-0.7451314902067436,1.5245312078701532,0.0,0.0621406290398635,0.6210728852375692
INSPIRE,0.35,outcome_MNAR,weak,reference_30pct_recalibration,full_heldout,calibration_slope,300,1.0222709292355077,0.2492371749907809,0.7023819869321462,1.5847743143858,1.0,0.0222709292355076,0.2498161319619029
INSPIRE,0.35,risk_MAR,strong,reference_05pct_recalibration,full_heldout,oe,300,1.1244078805700335,0.6526350495774325,0.5532553745984573,2.717444515197867,1.0,0.1244078805700337,0.6633174606916428
INSPIRE,0.35,risk_MAR,strong,reference_05pct_recalibration,full_heldout,calibration_intercept,300,0.4278908566798738,2.8163645994045505,-1.2308195880070203,5.304080318115815,0.0,0.4278908566798738,2.8440394588484166
INSPIRE,0.35,risk_MAR,strong,reference_05pct_recalibration,full_heldout,calibration_slope,300,1.1696554344807553,1.1992019377962948,0.4636195669052171,3.197358649238602,1.0,0.1696554344807552,1.2091627832669434
INSPIRE,0.35,risk_MAR,strong,reference_10pct_recalibration,full_heldout,oe,300,1.0478674819819924,0.2886293440358421,0.6322826979317976,1.765104348120406,1.0,0.0478674819819924,0.2920967381006876
INSPIRE,0.35,risk_MAR,strong,reference_10pct_recalibration,full_heldout,calibration_intercept,300,0.2777848586435288,1.5707647421226525,-0.9439599038466664,3.7379567346824745,0.0,0.2777848586435288,1.5925583076307113
INSPIRE,0.35,risk_MAR,strong,reference_10pct_recalibration,full_heldout,calibration_slope,300,1.1064719196180992,0.6688294275669999,0.5764028196803495,2.391119088041166,1.0,0.1064719196180992,0.676149364787716
INSPIRE,0.35,risk_MAR,strong,reference_20pct_recalibration,full_heldout,oe,300,1.0275386835758922,0.212556493515102,0.7208934060426855,1.528957198972995,1.0,0.0275386835758921,0.2139814037529365
INSPIRE,0.35,risk_MAR,strong,reference_20pct_recalibration,full_heldout,calibration_intercept,300,0.096118531937587,0.743061261588876,-0.8851274105316901,1.558520809042239,0.0,0.096118531937587,0.7480229567740386
INSPIRE,0.35,risk_MAR,strong,reference_20pct_recalibration,full_heldout,calibration_slope,300,1.0346276217599195,0.3111386302932433,0.6287533807940611,1.707863824905778,1.0,0.0346276217599195,0.312543802730595
INSPIRE,0.35,risk_MAR,strong,reference_30pct_recalibration,full_heldout,oe,300,1.0231206224779592,0.1813202086744607,0.740418515370156,1.4071039553338578,1.0,0.0231206224779592,0.1824883316743086
INSPIRE,0.35,risk_MAR,strong,reference_30pct_recalibration,full_heldout,calibration_intercept,300,0.0396133581093833,0.6044605076773828,-0.8742614856577995,1.4923574064838203,0.0,0.0396133581093833,0.604751035659438
INSPIRE,0.35,risk_MAR,strong,reference_30pct_recalibration,full_heldout,calibration_slope,300,1.0092356775665845,0.2436610897407375,0.6210635930439671,1.5883437030313745,1.0,0.0092356775665842,0.2434299118259275
INSPIRE,0.35,risk_MAR,weak,reference_05pct_recalibration,full_heldout,oe,300,1.1995746884178384,0.6780514542111072,0.5632028747431858,3.3863957475236663,1.0,0.1995746884178384,0.705727509902381
INSPIRE,0.35,risk_MAR,weak,reference_05pct_recalibration,full_heldout,calibration_intercept,300,1.6027177687856191,16.22596065243492,-1.4229799719105496,6.111671571540037,0.0,1.6027177687856191,16.277988123345168
INSPIRE,0.35,risk_MAR,weak,reference_05pct_recalibration,full_heldout,calibration_slope,300,1.5163510052891729,5.348884229716734,0.3068233274696424,3.598054727252126,1.0,0.5163510052891729,5.36486834152518
INSPIRE,0.35,risk_MAR,weak,reference_10pct_recalibration,full_heldout,oe,300,1.0784979232631058,0.3188208420344562,0.663175709401361,1.934422624488547,1.0,0.0784979232631057,0.3278259154507592
INSPIRE,0.35,risk_MAR,weak,reference_10pct_recalibration,full_heldout,calibration_intercept,300,0.4213312679753093,1.866546782432327,-1.0442466156560215,4.429632771010357,0.0,0.4213312679753093,1.910472089671065
INSPIRE,0.35,risk_MAR,weak,reference_10pct_recalibration,full_heldout,calibration_slope,300,1.138074344276719,0.6745427338616435,0.5452737970581694,2.686759390974107,1.0,0.1380743442767189,0.6874268916427653
INSPIRE,0.35,risk_MAR,weak,reference_20pct_recalibration,full_heldout,oe,300,1.0456026914302703,0.2322305194316161,0.7102297369927516,1.5077632214227397,1.0,0.0456026914302705,0.2362855255278617
INSPIRE,0.35,risk_MAR,weak,reference_20pct_recalibration,full_heldout,calibration_intercept,300,0.1434577850389788,0.739517964387797,-0.9049750555071818,1.7950313568125524,0.0,0.1434577850389788,0.7520930791298729
INSPIRE,0.35,risk_MAR,weak,reference_20pct_recalibration,full_heldout,calibration_slope,300,1.0470913622073033,0.296528559002515,0.6220930933632216,1.7328651726184487,1.0,0.0470913622073032,0.2997560431600456
INSPIRE,0.35,risk_MAR,weak,reference_30pct_recalibration,full_heldout,oe,300,1.019981714907498,0.1674711550132178,0.7707444425646411,1.390273050474033,1.0,0.0199817149074981,0.1683816143949043
INSPIRE,0.35,risk_MAR,weak,reference_30pct_recalibration,full_heldout,calibration_intercept,300,0.0564235850316635,0.5430717626893206,-0.8101183091087261,1.3009102501104397,0.0,0.0564235850316635,0.5450940015999163
INSPIRE,0.35,risk_MAR,weak,reference_30pct_recalibration,full_heldout,calibration_slope,300,1.0199789012471672,0.2303397292642911,0.6766067618285099,1.524206497533766,1.0,0.0199789012471671,0.2308217769976059
INSPIRE,0.35,stratum_MAR,strong,reference_05pct_recalibration,full_heldout,oe,300,1.2171760657429778,0.7958484986767245,0.5545505852762742,2.8797556941873643,1.0,0.2171760657429777,0.8236680319975848
INSPIRE,0.35,stratum_MAR,strong,reference_05pct_recalibration,full_heldout,calibration_intercept,300,0.3975768200461145,35.86812654441375,-1.2042128577346911,21.339521622967634,0.0,0.3975768200461145,35.81050349819956
INSPIRE,0.35,stratum_MAR,strong,reference_05pct_recalibration,full_heldout,calibration_slope,300,1.0027097652304373,14.048206639115447,0.3364299423591291,8.28223448617226,1.0,0.0027097652304373,14.024773679179187
INSPIRE,0.35,stratum_MAR,strong,reference_10pct_recalibration,full_heldout,oe,300,1.0731589408144406,0.3155668665929964,0.6187503793764039,1.876489936672714,1.0,0.0731589408144406,0.3234234630039102
INSPIRE,0.35,stratum_MAR,strong,reference_10pct_recalibration,full_heldout,calibration_intercept,300,0.3481797542945745,1.4084320609841958,-0.972403790044312,4.265802139659281,0.0,0.3481797542945745,1.44855022078656
INSPIRE,0.35,stratum_MAR,strong,reference_10pct_recalibration,full_heldout,calibration_slope,300,1.1220154039686554,0.5447405460876298,0.5529803389606928,2.533734715438815,1.0,0.1220154039686554,0.5573516667978221
INSPIRE,0.35,stratum_MAR,strong,reference_20pct_recalibration,full_heldout,oe,300,1.0410841660499832,0.2212866512513951,0.7198977420141728,1.5327776966508195,1.0,0.0410841660499832,0.2247052842769961
INSPIRE,0.35,stratum_MAR,strong,reference_20pct_recalibration,full_heldout,calibration_intercept,300,0.1638288371607068,0.6982516974137611,-0.8322131513242884,1.8194758591103972,0.0,0.1638288371607068,0.7160796995098782
INSPIRE,0.35,stratum_MAR,strong,reference_20pct_recalibration,full_heldout,calibration_slope,300,1.0597323546270052,0.2807636139532441,0.6200135676599636,1.6478710319534524,1.0,0.0597323546270052,0.2865892538453578
INSPIRE,0.35,stratum_MAR,strong,reference_30pct_recalibration,full_heldout,oe,300,1.0370170934195466,0.1799958976112892,0.7256613149761915,1.4190682765189102,1.0,0.0370170934195466,0.1834687801369364
INSPIRE,0.35,stratum_MAR,strong,reference_30pct_recalibration,full_heldout,calibration_intercept,300,0.1211385006616144,0.5644362725096038,-0.7632847329825357,1.3171182946946047,0.0,0.1211385006616144,0.5763687023494578
INSPIRE,0.35,stratum_MAR,strong,reference_30pct_recalibration,full_heldout,calibration_slope,300,1.0419788148686655,0.2369538189107555,0.6735606443489467,1.5578179630550495,1.0,0.0419788148686655,0.240254398821709
INSPIRE,0.35,stratum_MAR,weak,reference_05pct_recalibration,full_heldout,oe,300,1.201846403028716,0.7584179676885499,0.5680188048237685,2.606096396958733,1.0,0.2018464030287159,0.7835958512414111
INSPIRE,0.35,stratum_MAR,weak,reference_05pct_recalibration,full_heldout,calibration_intercept,300,0.8029560767191306,22.864545174525475,-1.3053129077482015,11.634531959693373,0.0,0.8029560767191306,22.84052406897873
INSPIRE,0.35,stratum_MAR,weak,reference_05pct_recalibration,full_heldout,calibration_slope,300,1.2931332307611485,8.571996981428752,0.3609907618750542,5.395444423513448,1.0,0.2931332307611485,8.562717378249033
INSPIRE,0.35,stratum_MAR,weak,reference_10pct_recalibration,full_heldout,oe,300,1.0949205142662766,0.3605938510424838,0.6476096952278079,2.037221956172613,1.0,0.0949205142662765,0.3722961227573975
INSPIRE,0.35,stratum_MAR,weak,reference_10pct_recalibration,full_heldout,calibration_intercept,300,0.6262493130424706,2.2585892469745645,-1.0649231426683852,4.06789372876569,0.0,0.6262493130424706,2.340172964550584
INSPIRE,0.35,stratum_MAR,weak,reference_10pct_recalibration,full_heldout,calibration_slope,300,1.2288045170387514,0.8608703120060127,0.5685365906106868,2.5449828998113886,1.0,0.2288045170387513,0.8893699317290237
INSPIRE,0.35,stratum_MAR,weak,reference_20pct_recalibration,full_heldout,oe,300,1.0350403383418325,0.2230172805482918,0.6997602382359888,1.5537694237829254,1.0,0.0350403383418325,0.2253857664306283
INSPIRE,0.35,stratum_MAR,weak,reference_20pct_recalibration,full_heldout,calibration_intercept,300,0.2087082736771431,0.7649454987659293,-0.8688896548337185,2.2820040786933795,0.0,0.2087082736771431,0.7916756201437191
INSPIRE,0.35,stratum_MAR,weak,reference_20pct_recalibration,full_heldout,calibration_slope,300,1.0846980734557754,0.3218721373741781,0.6270099750720161,1.886442160163477,1.0,0.0846980734557754,0.332310242929027
INSPIRE,0.35,stratum_MAR,weak,reference_30pct_recalibration,full_heldout,oe,300,1.0250765718362769,0.1977199295578869,0.7315146557299623,1.499494804233123,1.0,0.0250765718362766,0.1989766177995657
INSPIRE,0.35,stratum_MAR,weak,reference_30pct_recalibration,full_heldout,calibration_intercept,300,0.1298844401521,0.6172289119129645,-0.7420985940738644,1.5921076872602358,0.0,0.1298844401521,0.6297393051063928
INSPIRE,0.35,stratum_MAR,weak,reference_30pct_recalibration,full_heldout,calibration_slope,300,1.0530088322017268,0.2534249889470398,0.674975474712659,1.6832604210251032,1.0,0.0530088322017268,0.2584958037650168
INSPIRE,0.55,MCAR,strong,reference_05pct_recalibration,full_heldout,oe,300,1.1277688812917814,0.4752362779198331,0.5368918365084565,2.407949740854493,1.0,0.1277688812917814,0.4913466954654454
INSPIRE,0.55,MCAR,strong,reference_05pct_recalibration,full_heldout,calibration_intercept,300,0.3375064783861404,9.52783539404879,-1.233051025538385,7.238704815409506,0.0,0.3375064783861404,9.517928298465018
INSPIRE,0.55,MCAR,strong,reference_05pct_recalibration,full_heldout,calibration_slope,300,1.1534616618757612,3.729975158477877,0.4177570814832831,3.683440692606727,1.0,0.1534616618757611,3.726914199296543
INSPIRE,0.55,MCAR,strong,reference_10pct_recalibration,full_heldout,oe,300,1.095307304837056,0.338171720952413,0.633732138969071,1.7481060943345217,1.0,0.095307304837056,0.3508025011755862
INSPIRE,0.55,MCAR,strong,reference_10pct_recalibration,full_heldout,calibration_intercept,300,0.3974378734660994,1.6362442725343516,-0.9291617809335384,2.982704847181022,0.0,0.3974378734660994,1.681168600984264
INSPIRE,0.55,MCAR,strong,reference_10pct_recalibration,full_heldout,calibration_slope,300,1.141422996265236,0.6575425931805394,0.5647586768208301,2.369357286368433,1.0,0.141422996265236,0.6715069010663529
INSPIRE,0.55,MCAR,strong,reference_20pct_recalibration,full_heldout,oe,300,1.0382828165390618,0.2188247962692363,0.6902586153671688,1.5130971604061243,1.0,0.0382828165390618,0.2217887535461661
INSPIRE,0.55,MCAR,strong,reference_20pct_recalibration,full_heldout,calibration_intercept,300,0.1712843720635574,0.7840391607439521,-0.8130628126849303,2.4270532930946405,0.0,0.1712843720635574,0.8012531957344617
INSPIRE,0.55,MCAR,strong,reference_20pct_recalibration,full_heldout,calibration_slope,300,1.063677388837495,0.3217302431848522,0.6379026313737883,1.917592830286628,1.0,0.063677388837495,0.3274448422727301
INSPIRE,0.55,MCAR,strong,reference_30pct_recalibration,full_heldout,oe,300,1.0112319849190998,0.1753485243771898,0.7124932444870273,1.386291537139514,1.0,0.0112319849190998,0.1754159973790208
INSPIRE,0.55,MCAR,strong,reference_30pct_recalibration,full_heldout,calibration_intercept,300,0.1085518958028954,0.6147065186046613,-0.7760623127546934,1.5899784881541403,0.0,0.1085518958028954,0.6232078875335917
INSPIRE,0.55,MCAR,strong,reference_30pct_recalibration,full_heldout,calibration_slope,300,1.0488218972975862,0.2529596624929448,0.6883172739935768,1.6196716654542973,1.0,0.0488218972975862,0.2572136722677317
INSPIRE,0.55,MCAR,weak,reference_05pct_recalibration,full_heldout,oe,300,1.173486164339749,0.5932210472912623,0.6030140127413539,2.5660370933795,1.0,0.1734861643397489,0.6171188076836011
INSPIRE,0.55,MCAR,weak,reference_05pct_recalibration,full_heldout,calibration_intercept,300,0.864287764250634,8.30151335462676,-1.3531482434261384,15.435678672516374,0.0,0.864287764250634,8.332610649523733
INSPIRE,0.55,MCAR,weak,reference_05pct_recalibration,full_heldout,calibration_slope,300,1.3407312241086864,3.1092460388009324,0.3015632267589601,6.54561924582501,1.0,0.3407312241086864,3.1227045959844744
INSPIRE,0.55,MCAR,weak,reference_10pct_recalibration,full_heldout,oe,300,1.0928066319978476,0.3482408696986029,0.6372997062291236,2.0377109834482483,1.0,0.0928066319978475,0.3598340384957049
INSPIRE,0.55,MCAR,weak,reference_10pct_recalibration,full_heldout,calibration_intercept,300,0.3918216255692417,1.487396578184079,-0.988700087344682,3.2401182049245745,0.0,0.3918216255692417,1.5357403008933892
INSPIRE,0.55,MCAR,weak,reference_10pct_recalibration,full_heldout,calibration_slope,300,1.1362301577027631,0.5880484469599631,0.5722672736632786,2.380303187814837,1.0,0.1362301577027631,0.6026665428907079
INSPIRE,0.55,MCAR,weak,reference_20pct_recalibration,full_heldout,oe,300,1.0644258360867556,0.2385320576755867,0.7048347432412024,1.6142961208281326,1.0,0.0644258360867555,0.2466953027913119
INSPIRE,0.55,MCAR,weak,reference_20pct_recalibration,full_heldout,calibration_intercept,300,0.1902913003541902,0.8201997621321091,-0.8560567489489307,2.0106392587840727,0.0,0.1902913003541902,0.8406521297734983
INSPIRE,0.55,MCAR,weak,reference_20pct_recalibration,full_heldout,calibration_slope,300,1.0592566774482872,0.3207976166216207,0.6193816510477553,1.7825877665120722,1.0,0.0592566774482872,0.3256983690720946
INSPIRE,0.55,MCAR,weak,reference_30pct_recalibration,full_heldout,oe,300,1.0433165848421602,0.1886288127343694,0.7457451631306373,1.4598392858139213,1.0,0.0433165848421601,0.1932318626744925
INSPIRE,0.55,MCAR,weak,reference_30pct_recalibration,full_heldout,calibration_intercept,300,0.1234149829470316,0.6156747858283265,-0.7504010290859003,1.668514438648009,0.0,0.1234149829470316,0.6269156097760601
INSPIRE,0.55,MCAR,weak,reference_30pct_recalibration,full_heldout,calibration_slope,300,1.038301100562538,0.2455620941654138,0.6836288986698258,1.614456054901777,1.0,0.0383011005625379,0.2481264071427482
INSPIRE,0.55,history_MAR,strong,reference_05pct_recalibration,full_heldout,oe,300,1.1047695548107943,0.5778256579550767,0.5588510034837199,2.256733230577729,1.0,0.1047695548107943,0.5862987369676248
INSPIRE,0.55,history_MAR,strong,reference_05pct_recalibration,full_heldout,calibration_intercept,300,-0.4197763987341982,13.205646667682904,-1.3750820576636007,7.242560110463037,0.0,-0.4197763987341982,13.190300190806116
INSPIRE,0.55,history_MAR,strong,reference_05pct_recalibration,full_heldout,calibration_slope,300,0.8096742415954911,5.45680832078189,0.2221791536413392,3.6693112333144224,1.0,-0.1903257584045089,5.451029727238168
INSPIRE,0.55,history_MAR,strong,reference_10pct_recalibration,full_heldout,oe,300,1.0415772983979403,0.3042593780558573,0.6376287318760182,1.8279636497376903,1.0,0.0415772983979403,0.306584183621006
INSPIRE,0.55,history_MAR,strong,reference_10pct_recalibration,full_heldout,calibration_intercept,300,0.4588102669764813,1.945192933964043,-1.0543479013939263,4.80156542057842,0.0,0.4588102669764813,1.9954121945750605
INSPIRE,0.55,history_MAR,strong,reference_10pct_recalibration,full_heldout,calibration_slope,300,1.1812504716069894,0.7647770211088959,0.5664050816882533,2.820118325915354,1.0,0.1812504716069893,0.7847203403127545
INSPIRE,0.55,history_MAR,strong,reference_20pct_recalibration,full_heldout,oe,300,1.0213921739266858,0.2183475471080619,0.6954708197733848,1.5280973823739634,1.0,0.0213921739266857,0.2190304946706201
INSPIRE,0.55,history_MAR,strong,reference_20pct_recalibration,full_heldout,calibration_intercept,300,0.1807100844907227,0.8009276568326168,-0.8348132767283388,1.987492696383352,0.0,0.1807100844907227,0.8197578681605312
INSPIRE,0.55,history_MAR,strong,reference_20pct_recalibration,full_heldout,calibration_slope,300,1.0781399599439996,0.3373633764926216,0.6329374323189729,1.8677379703709536,1.0,0.0781399599439995,0.3457463246069636
INSPIRE,0.55,history_MAR,strong,reference_30pct_recalibration,full_heldout,oe,300,1.01200970845062,0.1797084067418836,0.7046864943394291,1.393979434221129,1.0,0.0120097084506198,0.1798101615016871
INSPIRE,0.55,history_MAR,strong,reference_30pct_recalibration,full_heldout,calibration_intercept,300,0.1261434949803284,0.5884583101765773,-0.737128738214206,1.484353356755309,0.0,0.1261434949803284,0.6008669460585032
INSPIRE,0.55,history_MAR,strong,reference_30pct_recalibration,full_heldout,calibration_slope,300,1.0579247511572896,0.2496556353847035,0.6984975707241728,1.596259708640131,1.0,0.0579247511572895,0.2558817173781201
INSPIRE,0.55,history_MAR,weak,reference_05pct_recalibration,full_heldout,oe,300,1.1533632459750751,0.6375853992078315,0.545357514879721,2.6628309324196784,1.0,0.1533632459750753,0.6547368754149089
INSPIRE,0.55,history_MAR,weak,reference_05pct_recalibration,full_heldout,calibration_intercept,300,0.5224658546156239,7.331339142084515,-1.3230064806626294,10.143952294493456,0.0,0.5224658546156239,7.337734146640834
INSPIRE,0.55,history_MAR,weak,reference_05pct_recalibration,full_heldout,calibration_slope,300,1.1781836849309513,2.7219161711692084,0.3648217557565349,4.22691213429245,1.0,0.1781836849309512,2.723211518833069
INSPIRE,0.55,history_MAR,weak,reference_10pct_recalibration,full_heldout,oe,300,1.044701892405956,0.3209493861832837,0.618340040839765,1.8479928254676672,1.0,0.0447018924059561,0.3235172421697626
INSPIRE,0.55,history_MAR,weak,reference_10pct_recalibration,full_heldout,calibration_intercept,300,-0.0943595639653052,5.874585281795674,-1.099276043931206,3.0743415998312997,0.0,-0.0943595639653052,5.865545168151474
INSPIRE,0.55,history_MAR,weak,reference_10pct_recalibration,full_heldout,calibration_slope,300,0.9786461928107186,1.9873731724244348,0.5474290494994577,2.204750609087424,1.0,-0.0213538071892813,1.984173027854576
INSPIRE,0.55,history_MAR,weak,reference_20pct_recalibration,full_heldout,oe,300,1.009771397550347,0.2340752578625405,0.6815549333355035,1.5391184240646136,1.0,0.009771397550347,0.2338890102855562
INSPIRE,0.55,history_MAR,weak,reference_20pct_recalibration,full_heldout,calibration_intercept,300,0.1227262143252743,0.912041054943187,-0.8273202793936364,2.3794661883506656,0.0,0.1227262143252743,0.9187534380696606
INSPIRE,0.55,history_MAR,weak,reference_20pct_recalibration,full_heldout,calibration_slope,300,1.056401823394176,0.3558567680788007,0.6513714240158551,1.895678379147001,1.0,0.0564018233941761,0.3597125124388255
INSPIRE,0.55,history_MAR,weak,reference_30pct_recalibration,full_heldout,oe,300,1.0103349478918668,0.1909781039825153,0.6999018385721547,1.4751909343024256,1.0,0.0103349478918668,0.1909394456226411
INSPIRE,0.55,history_MAR,weak,reference_30pct_recalibration,full_heldout,calibration_intercept,300,0.0620622163113179,0.5768021186334816,-0.78436933521288,1.4147199952167984,0.0,0.0620622163113179,0.579174758145886
INSPIRE,0.55,history_MAR,weak,reference_30pct_recalibration,full_heldout,calibration_slope,300,1.029758276328414,0.2372232611803521,0.6829026279408992,1.553038804687913,1.0,0.0297582763284138,0.2386898567938382
INSPIRE,0.55,mixed_MNAR,strong,reference_05pct_recalibration,full_heldout,oe,300,1.1907009978795933,0.7727636279477924,0.5466073391296707,2.433124375251643,1.0,0.1907009978795932,0.7946948784632438
INSPIRE,0.55,mixed_MNAR,strong,reference_05pct_recalibration,full_heldout,calibration_intercept,300,0.7047809726576013,10.00426552659371,-1.401836257786382,11.164997763843784,0.0,0.7047809726576013,10.012413654238898
INSPIRE,0.55,mixed_MNAR,strong,reference_05pct_recalibration,full_heldout,calibration_slope,300,1.3040771775867348,3.522113907107965,0.2222216380471967,5.901041591224383,1.0,0.3040771775867348,3.529362314921819
INSPIRE,0.55,mixed_MNAR,strong,reference_10pct_recalibration,full_heldout,oe,300,1.1108147866380214,0.361891612068917,0.6339925936998964,2.037322965946583,1.0,0.1108147866380213,0.377900653647468
INSPIRE,0.55,mixed_MNAR,strong,reference_10pct_recalibration,full_heldout,calibration_intercept,300,-0.1216161603409703,8.091265064293784,-1.0568640554349422,4.092591400351909,0.0,-0.1216161603409703,8.078683819986706
INSPIRE,0.55,mixed_MNAR,strong,reference_10pct_recalibration,full_heldout,calibration_slope,300,0.9445822315494494,2.836639355480595,0.5216277541930501,2.5424098193367883,1.0,-0.0554177684505505,2.8324498617529894
INSPIRE,0.55,mixed_MNAR,strong,reference_20pct_recalibration,full_heldout,oe,300,1.059820256154575,0.2480008791904302,0.7064561162087919,1.730556451891552,1.0,0.059820256154575,0.2547113745765874
INSPIRE,0.55,mixed_MNAR,strong,reference_20pct_recalibration,full_heldout,calibration_intercept,300,0.192436509588445,0.9254611448721488,-0.8303571715702248,2.086402265789347,0.0,0.192436509588445,0.9437453115760408
INSPIRE,0.55,mixed_MNAR,strong,reference_20pct_recalibration,full_heldout,calibration_slope,300,1.062440806327642,0.3586332010342692,0.6202288208025548,1.9111964752244115,1.0,0.062440806327642,0.363438992499868
INSPIRE,0.55,mixed_MNAR,strong,reference_30pct_recalibration,full_heldout,oe,300,1.038167829931445,0.1869558425294581,0.7778898621738295,1.4974561440966092,1.0,0.0381678299314449,0.1905065930811554
INSPIRE,0.55,mixed_MNAR,strong,reference_30pct_recalibration,full_heldout,calibration_intercept,300,0.1172923450358238,0.651714621303941,-0.7416600444632464,1.6798399306535674,0.0,0.1172923450358238,0.6611154730201103
INSPIRE,0.55,mixed_MNAR,strong,reference_30pct_recalibration,full_heldout,calibration_slope,300,1.0384472148401336,0.2724618678912798,0.6638319343406374,1.740100243681688,1.0,0.0384472148401335,0.2747111323170563
INSPIRE,0.55,mixed_MNAR,weak,reference_05pct_recalibration,full_heldout,oe,299,1.131414132080632,0.5220887438755594,0.5753442355350324,2.374446896876867,1.0,0.1314141320806319,0.5375264672352558
INSPIRE,0.55,mixed_MNAR,weak,reference_05pct_recalibration,full_heldout,calibration_intercept,299,0.4698214327018937,2.8911831265914527,-1.183738846495739,7.745925494060042,0.0,0.4698214327018937,2.924331672275353
INSPIRE,0.55,mixed_MNAR,weak,reference_05pct_recalibration,full_heldout,calibration_slope,299,1.159685040250979,1.118687449972897,0.3812047716718537,3.88433947007816,1.0,0.159685040250979,1.1281734939582388
INSPIRE,0.55,mixed_MNAR,weak,reference_10pct_recalibration,full_heldout,oe,300,1.066310399823667,0.2940229896193177,0.6026886872066124,1.6627442112223365,1.0,0.0663103998236669,0.3009292649245673
INSPIRE,0.55,mixed_MNAR,weak,reference_10pct_recalibration,full_heldout,calibration_intercept,300,0.2633099316102462,2.281367415931396,-1.0335988906440254,2.7977871538292773,0.0,0.2633099316102462,2.2927321290554583
INSPIRE,0.55,mixed_MNAR,weak,reference_10pct_recalibration,full_heldout,calibration_slope,300,1.082876161214009,0.8928496755694074,0.5161760126022495,2.181758653502416,1.0,0.0828761612140089,0.8952048552061992
INSPIRE,0.55,mixed_MNAR,weak,reference_20pct_recalibration,full_heldout,oe,300,1.040130677847248,0.2113911978270325,0.676087277250881,1.4495339785539043,1.0,0.0401306778472478,0.2148202869722303
INSPIRE,0.55,mixed_MNAR,weak,reference_20pct_recalibration,full_heldout,calibration_intercept,300,0.1360673470427037,0.8724555165304498,-0.8928857869726008,2.071598681789553,0.0,0.1360673470427037,0.8815643420427342
INSPIRE,0.55,mixed_MNAR,weak,reference_20pct_recalibration,full_heldout,calibration_slope,300,1.0438985909628355,0.3490945719639567,0.6223200962224815,1.7525551218605304,1.0,0.0438985909628355,0.3512661143102736
INSPIRE,0.55,mixed_MNAR,weak,reference_30pct_recalibration,full_heldout,oe,300,1.0201496761841389,0.1758558452896631,0.7036445476741239,1.436901053636581,1.0,0.0201496761841386,0.1767150347644264
INSPIRE,0.55,mixed_MNAR,weak,reference_30pct_recalibration,full_heldout,calibration_intercept,300,0.0910089455319457,0.616837402013914,-0.8090093283490094,1.4497688271327331,0.0,0.0910089455319457,0.6224971599038563
INSPIRE,0.55,mixed_MNAR,weak,reference_30pct_recalibration,full_heldout,calibration_slope,300,1.0358776946014556,0.2556045682253078,0.6532218726062274,1.6038245813202334,1.0,0.0358776946014556,0.2576880386887135
INSPIRE,0.55,outcome_MNAR,strong,reference_05pct_recalibration,full_heldout,oe,299,1.210408687639604,0.7767999704632547,0.5642322625303774,2.796082056291466,1.0,0.2104086876396038,0.8035371110878406
INSPIRE,0.55,outcome_MNAR,strong,reference_05pct_recalibration,full_heldout,calibration_intercept,299,0.7718918279174867,4.161197266521306,-1.2485588443165585,8.60234795174999,0.0,0.7718918279174867,4.225336448616151
INSPIRE,0.55,outcome_MNAR,strong,reference_05pct_recalibration,full_heldout,calibration_slope,299,1.264308870788695,1.6024397104263266,0.426476301662771,3.714134096496082,1.0,0.2643088707886949,1.6214450966032947
INSPIRE,0.55,outcome_MNAR,strong,reference_10pct_recalibration,full_heldout,oe,300,1.07217679875454,0.4005358451248164,0.6048134325556951,1.9685740326213377,1.0,0.0721767987545398,0.4063295341192147
INSPIRE,0.55,outcome_MNAR,strong,reference_10pct_recalibration,full_heldout,calibration_intercept,300,0.2277715214453927,1.226809486847397,-1.040301454727013,2.6064156218118564,0.0,0.2277715214453927,1.2457626223630756
INSPIRE,0.55,outcome_MNAR,strong,reference_10pct_recalibration,full_heldout,calibration_slope,300,1.081599266668767,0.4817206276866904,0.5654490867486773,1.9977929388822773,1.0,0.081599266668767,0.4877906185881498
INSPIRE,0.55,outcome_MNAR,strong,reference_20pct_recalibration,full_heldout,oe,300,1.0345173156798797,0.2283887758245895,0.6906362214412199,1.522493865461178,1.0,0.0345173156798797,0.230605738352981
INSPIRE,0.55,outcome_MNAR,strong,reference_20pct_recalibration,full_heldout,calibration_intercept,300,0.0836042657085981,0.6692704027587184,-0.8274505113274975,1.8020234495276677,0.0,0.0836042657085981,0.6733642914600252
INSPIRE,0.55,outcome_MNAR,strong,reference_20pct_recalibration,full_heldout,calibration_slope,300,1.027358657154568,0.2643725384299362,0.622948996783141,1.6022278295429502,1.0,0.027358657154568,0.2653457349703144
INSPIRE,0.55,outcome_MNAR,strong,reference_30pct_recalibration,full_heldout,oe,300,1.0162826277489088,0.1943015362066116,0.7361854697934643,1.4763403199426992,1.0,0.0162826277489087,0.19465961911865
INSPIRE,0.55,outcome_MNAR,strong,reference_30pct_recalibration,full_heldout,calibration_intercept,300,0.0366981686737113,0.5465363964649456,-0.7777474293956439,1.4725167482679844,0.0,0.0366981686737113,0.5468574903964372
INSPIRE,0.55,outcome_MNAR,strong,reference_30pct_recalibration,full_heldout,calibration_slope,300,1.0148409434681076,0.220502705342942,0.6716162233799298,1.5463256662542837,1.0,0.0148409434681076,0.2206345965384879
INSPIRE,0.55,outcome_MNAR,weak,reference_05pct_recalibration,full_heldout,oe,300,1.1356890707948426,0.5267930427396951,0.5343233640883166,2.6211598267441776,1.0,0.1356890707948426,0.5431366287094351
INSPIRE,0.55,outcome_MNAR,weak,reference_05pct_recalibration,full_heldout,calibration_intercept,300,-0.3982806446529591,5.322040245480286,-8.43742151492696,5.227463411697147,0.0,-0.3982806446529591,5.328069644674513
INSPIRE,0.55,outcome_MNAR,weak,reference_05pct_recalibration,full_heldout,calibration_slope,300,0.8551736309587432,1.9242140530585352,-2.211994259820476,2.91904011243993,1.0,-0.1448263690412567,1.9264559169844335
INSPIRE,0.55,outcome_MNAR,weak,reference_10pct_recalibration,full_heldout,oe,300,1.073070975411584,0.3249166810884789,0.6396093949140647,1.8964828729060192,1.0,0.0730709754115841,0.332503104143386
INSPIRE,0.55,outcome_MNAR,weak,reference_10pct_recalibration,full_heldout,calibration_intercept,300,0.394338938931755,1.6685688403187535,-1.0221586340922002,4.545085991646358,0.0,0.394338938931755,1.711824981432842
INSPIRE,0.55,outcome_MNAR,weak,reference_10pct_recalibration,full_heldout,calibration_slope,300,1.1419622573762178,0.6645598603546454,0.5390121749622627,2.563247740670331,1.0,0.1419622573762178,0.6784695702981984
INSPIRE,0.55,outcome_MNAR,weak,reference_20pct_recalibration,full_heldout,oe,300,1.050972767159304,0.2222606111614724,0.6887064191807334,1.5571711675548343,1.0,0.0509727671593038,0.2276693574788557
INSPIRE,0.55,outcome_MNAR,weak,reference_20pct_recalibration,full_heldout,calibration_intercept,300,0.1154912569453855,0.6980879795345131,-0.9062986007523248,1.6227734384761758,0.0,0.1154912569453855,0.706428081862668
INSPIRE,0.55,outcome_MNAR,weak,reference_20pct_recalibration,full_heldout,calibration_slope,300,1.034235332595142,0.3022607499937289,0.6313827256858621,1.790616066156408,1.0,0.0342353325951421,0.3036924109161257
INSPIRE,0.55,outcome_MNAR,weak,reference_30pct_recalibration,full_heldout,oe,300,1.0421220566010423,0.1883332076456503,0.7350817663191458,1.4846783849918517,1.0,0.0421220566010422,0.1926796134279062
INSPIRE,0.55,outcome_MNAR,weak,reference_30pct_recalibration,full_heldout,calibration_intercept,300,0.1109277978315934,0.6134314794678561,-0.7986831180495438,1.4862065328983836,0.0,0.1109277978315934,0.6223735446395645
INSPIRE,0.55,outcome_MNAR,weak,reference_30pct_recalibration,full_heldout,calibration_slope,300,1.0347777182167568,0.2633545989543109,0.6590179667066842,1.6220657245374868,1.0,0.0347777182167567,0.2652054844683938
INSPIRE,0.55,risk_MAR,strong,reference_05pct_recalibration,full_heldout,oe,300,1.1683528156763971,0.6494319799097604,0.5512588286770178,2.733009167570293,1.0,0.1683528156763971,0.669849754860932
INSPIRE,0.55,risk_MAR,strong,reference_05pct_recalibration,full_heldout,calibration_intercept,300,-1.0384186622378366,22.955182192257222,-1.2241541059764691,9.630807201196609,0.0,-1.0384186622378366,22.940406161026758
INSPIRE,0.55,risk_MAR,strong,reference_05pct_recalibration,full_heldout,calibration_slope,300,0.6744123466109477,7.531951330741823,0.3942117452925013,5.033247845215846,1.0,-0.3255876533890522,7.526433232229419
INSPIRE,0.55,risk_MAR,strong,reference_10pct_recalibration,full_heldout,oe,300,1.0557651383619544,0.3223588461696556,0.6365633805655075,1.813293893898679,1.0,0.0557651383619544,0.326616889144882
INSPIRE,0.55,risk_MAR,strong,reference_10pct_recalibration,full_heldout,calibration_intercept,300,0.290038746417413,1.2555280057600915,-0.9758563173538264,3.182554977401453,0.0,0.290038746417413,1.2865529704448515
INSPIRE,0.55,risk_MAR,strong,reference_10pct_recalibration,full_heldout,calibration_slope,300,1.1112518141670302,0.4781024325991319,0.5260075247871484,2.31891781808992,1.0,0.1112518141670302,0.4900989312636842
INSPIRE,0.55,risk_MAR,strong,reference_20pct_recalibration,full_heldout,oe,300,1.0243004337974817,0.211025904234866,0.6933367935364009,1.555009600546152,1.0,0.0243004337974814,0.2120707513229837
INSPIRE,0.55,risk_MAR,strong,reference_20pct_recalibration,full_heldout,calibration_intercept,300,0.1820064450435309,0.7812858318069839,-0.8607253275845275,2.0396648733592544,0.0,0.1820064450435309,0.8009364551467905
INSPIRE,0.55,risk_MAR,strong,reference_20pct_recalibration,full_heldout,calibration_slope,300,1.0756122323064876,0.3235292689344575,0.6342472381206545,1.818492358265577,1.0,0.0756122323064876,0.3317220124925546
INSPIRE,0.55,risk_MAR,strong,reference_30pct_recalibration,full_heldout,oe,300,1.0160689430471173,0.1807655850645937,0.7378429241777635,1.4006633226212406,1.0,0.0160689430471172,0.1811780533579713
INSPIRE,0.55,risk_MAR,strong,reference_30pct_recalibration,full_heldout,calibration_intercept,300,0.1053500854664232,0.5772123804228274,-0.7860146171223806,1.5057002160578492,0.0,0.1053500854664232,0.5858004713046854
INSPIRE,0.55,risk_MAR,strong,reference_30pct_recalibration,full_heldout,calibration_slope,300,1.0455063011500931,0.2399232387607307,0.6573658171262702,1.5903267196512294,1.0,0.0455063011500931,0.2438075198597111
INSPIRE,0.55,risk_MAR,weak,reference_05pct_recalibration,full_heldout,oe,300,1.1873031154321996,0.6774763920483982,0.5746291921832778,3.421684715784669,1.0,0.1873031154321995,0.7018025396274793
INSPIRE,0.55,risk_MAR,weak,reference_05pct_recalibration,full_heldout,calibration_intercept,300,-0.2706871759769157,17.894074726517434,-4.556652217913175,9.428157848992177,0.0,-0.2706871759769157,17.866277046371497
INSPIRE,0.55,risk_MAR,weak,reference_05pct_recalibration,full_heldout,calibration_slope,300,0.8885686419929639,7.266315760733467,-0.472441112212258,5.544176700727656,1.0,-0.111431358007036,7.25505092101004
INSPIRE,0.55,risk_MAR,weak,reference_10pct_recalibration,full_heldout,oe,300,1.071298970059354,0.3160145419622477,0.6257110866973519,1.7660377146525552,1.0,0.071298970059354,0.3234437352833233
INSPIRE,0.55,risk_MAR,weak,reference_10pct_recalibration,full_heldout,calibration_intercept,300,0.3189239573113768,1.225352163873664,-1.127578871528123,3.946678005198745,0.0,0.3189239573113768,1.2641975543028552
INSPIRE,0.55,risk_MAR,weak,reference_10pct_recalibration,full_heldout,calibration_slope,300,1.1115740476335476,0.4950977100535117,0.5317041853741268,2.5968777364719022,1.0,0.1115740476335476,0.5067084350300117
INSPIRE,0.55,risk_MAR,weak,reference_20pct_recalibration,full_heldout,oe,300,1.046212731506441,0.2207610520594094,0.7199162139327759,1.5731636173764876,1.0,0.0462127315064406,0.2251857171002987
INSPIRE,0.55,risk_MAR,weak,reference_20pct_recalibration,full_heldout,calibration_intercept,300,0.1046117376259219,0.6973729265780941,-0.8837099562015944,1.8688307367970356,0.0,0.1046117376259219,0.7040252251949477
INSPIRE,0.55,risk_MAR,weak,reference_20pct_recalibration,full_heldout,calibration_slope,300,1.0292677307889986,0.2826297305760882,0.620322852415866,1.7289638944514176,1.0,0.0292677307889985,0.283672168983314
INSPIRE,0.55,risk_MAR,weak,reference_30pct_recalibration,full_heldout,oe,300,1.032907024314257,0.1927641457527975,0.7229042019365596,1.4529436180047266,1.0,0.032907024314257,0.1952358268455498
INSPIRE,0.55,risk_MAR,weak,reference_30pct_recalibration,full_heldout,calibration_intercept,300,0.0611116909602037,0.5843636401555298,-0.7741216352797244,1.574722128908875,0.0,0.0611116909602037,0.5865809689730688
INSPIRE,0.55,risk_MAR,weak,reference_30pct_recalibration,full_heldout,calibration_slope,300,1.015326315134189,0.2294438612662136,0.6733394724400565,1.5667807384580297,1.0,0.0153263151341889,0.2295732993840953
INSPIRE,0.55,stratum_MAR,strong,reference_05pct_recalibration,full_heldout,oe,300,1.172829032506727,0.6295286754202601,0.5766803429271598,2.50359376052576,1.0,0.172829032506727,0.6518091794968401
INSPIRE,0.55,stratum_MAR,strong,reference_05pct_recalibration,full_heldout,calibration_intercept,300,2.86578078730099,26.281467794617484,-1.224963432239061,27.825404085592996,0.0,2.86578078730099,26.393670904131188
INSPIRE,0.55,stratum_MAR,strong,reference_05pct_recalibration,full_heldout,calibration_slope,300,1.988549193577536,8.701335563859125,0.3701073668958385,11.257265860520729,1.0,0.9885491935775356,8.742888117455973
INSPIRE,0.55,stratum_MAR,strong,reference_10pct_recalibration,full_heldout,oe,300,1.0632963895840717,0.2975658158737543,0.6254132817723305,1.7361130637848712,1.0,0.0632963895840714,0.3037378743726289
INSPIRE,0.55,stratum_MAR,strong,reference_10pct_recalibration,full_heldout,calibration_intercept,300,0.3334062137509877,2.2873960393189674,-1.0099717333465947,4.198244716337049,0.0,0.3334062137509877,2.307791095815266
INSPIRE,0.55,stratum_MAR,strong,reference_10pct_recalibration,full_heldout,calibration_slope,300,1.112551022609582,0.8265980898345147,0.5487389142702994,2.510303174508651,1.0,0.112551022609582,0.8328592839138378
INSPIRE,0.55,stratum_MAR,strong,reference_20pct_recalibration,full_heldout,oe,300,1.0319021400486776,0.2085626547575841,0.7065294325691475,1.47449048245155,1.0,0.0319021400486776,0.2106445653132741
INSPIRE,0.55,stratum_MAR,strong,reference_20pct_recalibration,full_heldout,calibration_intercept,300,0.1066677701410783,0.7348934200710541,-0.8770329157240881,1.8737178173057425,0.0,0.1066677701410783,0.7413812273414995
INSPIRE,0.55,stratum_MAR,strong,reference_20pct_recalibration,full_heldout,calibration_slope,300,1.0371873333206358,0.3054705878178289,0.6091313325815053,1.698140334919039,1.0,0.0371873333206358,0.3072200137488833
INSPIRE,0.55,stratum_MAR,strong,reference_30pct_recalibration,full_heldout,oe,300,1.023391268071275,0.1717518961685495,0.7461748316158741,1.4272380253113897,1.0,0.0233912680712748,0.1730535645785705
INSPIRE,0.55,stratum_MAR,strong,reference_30pct_recalibration,full_heldout,calibration_intercept,300,0.056318049837939,0.5845255682581144,-0.8140694446687605,1.4713004941517038,0.0,0.056318049837939,0.5862618546507427
INSPIRE,0.55,stratum_MAR,strong,reference_30pct_recalibration,full_heldout,calibration_slope,300,1.0188297075329515,0.2534281950291587,0.6423969761210294,1.6380616223447335,1.0,0.0188297075329515,0.2537051866926019
INSPIRE,0.55,stratum_MAR,weak,reference_05pct_recalibration,full_heldout,oe,300,1.177377851160826,0.6936146530750278,0.5519085202030127,2.8011853165618694,1.0,0.1773778511608259,0.7148150236853508
INSPIRE,0.55,stratum_MAR,weak,reference_05pct_recalibration,full_heldout,calibration_intercept,300,-0.0664492535096656,35.1822911503739,-1.3901232855637469,11.27298410917325,0.0,-0.0664492535096656,35.12366790913221
INSPIRE,0.55,stratum_MAR,weak,reference_05pct_recalibration,full_heldout,calibration_slope,300,0.6803902294286635,13.088474632064148,0.2761494716930929,5.387059347030827,1.0,-0.3196097705713365,13.070550538225904
INSPIRE,0.55,stratum_MAR,weak,reference_10pct_recalibration,full_heldout,oe,300,1.096515365685019,0.3181330531072074,0.6963936789713527,1.970437861258702,1.0,0.096515365685019,0.3319435089906542
INSPIRE,0.55,stratum_MAR,weak,reference_10pct_recalibration,full_heldout,calibration_intercept,300,0.4130378596036446,2.209669388870778,-0.943078724911818,3.7097252501456,0.0,0.4130378596036446,2.244318074356843
INSPIRE,0.55,stratum_MAR,weak,reference_10pct_recalibration,full_heldout,calibration_slope,300,1.1378776964481838,0.8444476899069343,0.5233290167465481,2.645300523117923,1.0,0.1378776964481838,0.8542395373451864
INSPIRE,0.55,stratum_MAR,weak,reference_20pct_recalibration,full_heldout,oe,300,1.0434959524436485,0.2201755254721743,0.6953763019081232,1.535614818424219,1.0,0.0434959524436484,0.224070455487863
INSPIRE,0.55,stratum_MAR,weak,reference_20pct_recalibration,full_heldout,calibration_intercept,300,0.1860828006429775,0.7761263876098571,-0.8783300802955207,2.498495109916327,0.0,0.1860828006429775,0.7968632699576795
INSPIRE,0.55,stratum_MAR,weak,reference_20pct_recalibration,full_heldout,calibration_slope,300,1.067672254374585,0.3216360709335958,0.6326547956873262,1.903262760786244,1.0,0.0676722543745846,0.3281531099918464
INSPIRE,0.55,stratum_MAR,weak,reference_30pct_recalibration,full_heldout,oe,300,1.02158760874871,0.1670368481060569,0.7214871638934108,1.3895684518541032,1.0,0.0215876087487101,0.1681497223149931
INSPIRE,0.55,stratum_MAR,weak,reference_30pct_recalibration,full_heldout,calibration_intercept,300,0.1336665604155068,0.5542567514921696,-0.742358064826291,1.2917274719760423,0.0,0.1336665604155068,0.5692480075731926
INSPIRE,0.55,stratum_MAR,weak,reference_30pct_recalibration,full_heldout,calibration_slope,300,1.0557978866861015,0.2406263381797515,0.6761645327182011,1.555181439396455,1.0,0.0557978866861015,0.2466200221711094
INSPIRE,0.75,MCAR,strong,reference_05pct_recalibration,full_heldout,oe,300,1.166710041145008,0.6035605853574676,0.548003807092029,2.953769742518159,1.0,0.1667100411450079,0.6251906376577966
INSPIRE,0.75,MCAR,strong,reference_05pct_recalibration,full_heldout,calibration_intercept,300,1.2712742037544578,21.76979345949114,-1.257031793961454,18.667547598403782,0.0,1.2712742037544578,21.77062927460921
INSPIRE,0.75,MCAR,strong,reference_05pct_recalibration,full_heldout,calibration_slope,300,1.5241568950747666,8.052661617026052,0.3666139112098384,8.348881292678904,1.0,0.5241568950747666,8.056298676930862
INSPIRE,0.75,MCAR,strong,reference_10pct_recalibration,full_heldout,oe,300,1.0566903752115846,0.3140767603223741,0.6429638214201063,1.892935332037456,1.0,0.0566903752115846,0.3186364636671593
INSPIRE,0.75,MCAR,strong,reference_10pct_recalibration,full_heldout,calibration_intercept,300,0.394885304254275,2.253525556338726,-1.0003895815841282,3.0766154041541887,0.0,0.394885304254275,2.2841593446629003
INSPIRE,0.75,MCAR,strong,reference_10pct_recalibration,full_heldout,calibration_slope,300,1.1488642610115662,0.8799999768236607,0.5734099477895258,2.2597199863315685,1.0,0.1488642610115662,0.8910551016737392
INSPIRE,0.75,MCAR,strong,reference_20pct_recalibration,full_heldout,oe,300,1.0272300335807414,0.2007182598074319,0.7065713979143955,1.450152102986168,1.0,0.0272300335807413,0.2022251265698659
INSPIRE,0.75,MCAR,strong,reference_20pct_recalibration,full_heldout,calibration_intercept,300,0.1454165191466947,0.8089147876015319,-0.8626180340525231,1.767570874629282,0.0,0.1454165191466947,0.8205534436357601
INSPIRE,0.75,MCAR,strong,reference_20pct_recalibration,full_heldout,calibration_slope,300,1.0555627119755873,0.3248837633474408,0.5812916950141951,1.770779880544579,1.0,0.0555627119755872,0.3290666241304163
INSPIRE,0.75,MCAR,strong,reference_30pct_recalibration,full_heldout,oe,300,1.023083774057,0.1855733333396445,0.7385582974383703,1.4350066138321926,1.0,0.023083774057,0.1866963607876315
INSPIRE,0.75,MCAR,strong,reference_30pct_recalibration,full_heldout,calibration_intercept,300,0.1160977933106106,0.642666265339534,-0.7647396781480984,1.7083312506659662,0.0,0.1160977933106106,0.652013721574712
INSPIRE,0.75,MCAR,strong,reference_30pct_recalibration,full_heldout,calibration_slope,300,1.047001598157543,0.2653548804424493,0.6640153691286274,1.6910154388053031,1.0,0.0470015981575429,0.2690495346500485
INSPIRE,0.75,MCAR,weak,reference_05pct_recalibration,full_heldout,oe,300,1.2414273227577368,0.8071806601634521,0.5552568773575303,3.423388566858624,1.0,0.2414273227577368,0.8412229004582567
INSPIRE,0.75,MCAR,weak,reference_05pct_recalibration,full_heldout,calibration_intercept,300,1.4001225687872465,8.164696509391137,-1.1985604098171492,9.834752860747937,0.0,1.4001225687872465,8.270453719987575
INSPIRE,0.75,MCAR,weak,reference_05pct_recalibration,full_heldout,calibration_slope,300,1.4549045053242495,2.4859980695917514,0.3582644185245063,4.829477086502142,1.0,0.4549045053242495,2.523197156315409
INSPIRE,0.75,MCAR,weak,reference_10pct_recalibration,full_heldout,oe,300,1.1141045140913717,0.3827220696299221,0.6271641126858507,2.1342996582259346,1.0,0.1141045140913716,0.398757782088199
INSPIRE,0.75,MCAR,weak,reference_10pct_recalibration,full_heldout,calibration_intercept,300,0.5262393786333913,2.4301818706936604,-0.9438442135297214,4.727638004459915,0.0,0.5262393786333913,2.4825442316013424
INSPIRE,0.75,MCAR,weak,reference_10pct_recalibration,full_heldout,calibration_slope,300,1.171935110721455,0.8752249078271497,0.5380957603274434,2.8557576738775023,1.0,0.171935110721455,0.8905205927521112
INSPIRE,0.75,MCAR,weak,reference_20pct_recalibration,full_heldout,oe,300,1.0450373826367878,0.2243358106227296,0.7386781650818169,1.5522674083615735,1.0,0.0450373826367878,0.2284451062642922
INSPIRE,0.75,MCAR,weak,reference_20pct_recalibration,full_heldout,calibration_intercept,300,0.1591978706879824,0.7264552270990383,-0.8153957763918764,1.571672742920177,0.0,0.1591978706879824,0.7425106295678005
INSPIRE,0.75,MCAR,weak,reference_20pct_recalibration,full_heldout,calibration_slope,300,1.055408814501868,0.2886467139048129,0.6647242663804463,1.7014655729949542,1.0,0.055408814501868,0.2934439283538212
INSPIRE,0.75,MCAR,weak,reference_30pct_recalibration,full_heldout,oe,300,1.0348294173051007,0.1916853372750045,0.7255180495048351,1.478177728867028,1.0,0.0348294173051006,0.1945093295302077
INSPIRE,0.75,MCAR,weak,reference_30pct_recalibration,full_heldout,calibration_intercept,300,0.114467616217539,0.5700192211613305,-0.7214325390865093,1.4011957344857864,0.0,0.114467616217539,0.5804667730492858
INSPIRE,0.75,MCAR,weak,reference_30pct_recalibration,full_heldout,calibration_slope,300,1.0402954718580797,0.2331309863674023,0.7004153412201662,1.546856234362604,1.0,0.0402954718580794,0.2362046041060329
INSPIRE,0.75,history_MAR,strong,reference_05pct_recalibration,full_heldout,oe,300,1.1604302174415555,0.61105302538976,0.5802117841711302,2.4362407214815285,1.0,0.1604302174415557,0.6307765334677016
INSPIRE,0.75,history_MAR,strong,reference_05pct_recalibration,full_heldout,calibration_intercept,300,-0.6638731469645037,10.164275034795274,-1.3593312837678109,7.129169563113465,0.0,-0.6638731469645037,10.16901369758214
INSPIRE,0.75,history_MAR,strong,reference_05pct_recalibration,full_heldout,calibration_slope,300,0.7282260590016651,3.774143445153421,0.2971470676794077,3.62071920543337,1.0,-0.2717739409983348,3.777636733521588
INSPIRE,0.75,history_MAR,strong,reference_10pct_recalibration,full_heldout,oe,300,1.090078579224392,0.38997945264918,0.6260060569528617,1.910629098424984,1.0,0.0900785792243918,0.3996137852293685
INSPIRE,0.75,history_MAR,strong,reference_10pct_recalibration,full_heldout,calibration_intercept,300,0.3244585231907546,2.298031370982333,-1.0406766350145065,3.318986106871358,0.0,0.3244585231907546,2.317027914092391
INSPIRE,0.75,history_MAR,strong,reference_10pct_recalibration,full_heldout,calibration_slope,300,1.096405619655089,0.8479693136847779,0.5583594884971803,2.378832197559288,1.0,0.096405619655089,0.8520265022847653
INSPIRE,0.75,history_MAR,strong,reference_20pct_recalibration,full_heldout,oe,300,1.040463268676081,0.2354630523585974,0.7267371163490156,1.4887054337281675,1.0,0.040463268676081,0.2385273897086598
INSPIRE,0.75,history_MAR,strong,reference_20pct_recalibration,full_heldout,calibration_intercept,300,0.1296842804882698,0.7808384065152514,-0.8276392366958014,1.950125574399274,0.0,0.1296842804882698,0.7902494970818222
INSPIRE,0.75,history_MAR,strong,reference_20pct_recalibration,full_heldout,calibration_slope,300,1.0449785297581151,0.3248011812957835,0.6315979343449523,1.800083324017296,1.0,0.0449785297581153,0.3273640524234464
INSPIRE,0.75,history_MAR,strong,reference_30pct_recalibration,full_heldout,oe,300,1.023919971088379,0.1819768087179687,0.7539055944728562,1.4871591383231906,1.0,0.023919971088379,0.1832412036952237
INSPIRE,0.75,history_MAR,strong,reference_30pct_recalibration,full_heldout,calibration_intercept,300,0.0652834138533286,0.5830977100312443,-0.7644593890379164,1.3207060609296408,0.0,0.0652834138533286,0.5857742913755665
INSPIRE,0.75,history_MAR,strong,reference_30pct_recalibration,full_heldout,calibration_slope,300,1.022494350664067,0.2451867993434249,0.6933554595950854,1.5703424829888937,1.0,0.0224943506640666,0.2458092224242817
INSPIRE,0.75,history_MAR,weak,reference_05pct_recalibration,full_heldout,oe,300,1.1717386252284707,0.5852384985832977,0.5854752400787567,2.638541272347345,1.0,0.1717386252284707,0.6089799465379115
INSPIRE,0.75,history_MAR,weak,reference_05pct_recalibration,full_heldout,calibration_intercept,300,0.9749710667116588,13.966441717124082,-1.339534973044916,5.0786927381087486,0.0,0.9749710667116588,13.977190627517247
INSPIRE,0.75,history_MAR,weak,reference_05pct_recalibration,full_heldout,calibration_slope,300,1.3201964045479535,5.198943926014092,0.3252658767634115,3.393814353529022,1.0,0.3201964045479537,5.200139128603976
INSPIRE,0.75,history_MAR,weak,reference_10pct_recalibration,full_heldout,oe,300,1.083104675636504,0.3365879803389515,0.6406153809797476,1.8185069476796287,1.0,0.0831046756365041,0.3461505704067823
INSPIRE,0.75,history_MAR,weak,reference_10pct_recalibration,full_heldout,calibration_intercept,300,0.1892797331187452,0.9934987638331296,-0.995140863884982,2.7178227361351417,0.0,0.1892797331187452,1.0097407976612942
INSPIRE,0.75,history_MAR,weak,reference_10pct_recalibration,full_heldout,calibration_slope,300,1.0579722011423238,0.4232046489047382,0.5056193376537103,2.246328372625232,1.0,0.0579722011423238,0.4264574348165986
INSPIRE,0.75,history_MAR,weak,reference_20pct_recalibration,full_heldout,oe,300,1.0404159251188674,0.229163752512904,0.7120103442251146,1.5276489229992674,1.0,0.0404159251188673,0.2323239528132863
INSPIRE,0.75,history_MAR,weak,reference_20pct_recalibration,full_heldout,calibration_intercept,300,0.1395599086407467,0.7324179613649301,-0.8384552606286908,1.7168461213333646,0.0,0.1395599086407467,0.7443956730099975
INSPIRE,0.75,history_MAR,weak,reference_20pct_recalibration,full_heldout,calibration_slope,300,1.0499532181736129,0.3056595158766768,0.6216066115718717,1.798831586242031,1.0,0.0499532181736128,0.3092113158554277
INSPIRE,0.75,history_MAR,weak,reference_30pct_recalibration,full_heldout,oe,300,1.025975178224487,0.1930378831661656,0.7079121035556423,1.4985495016609,1.0,0.025975178224487,0.1944585357857654
INSPIRE,0.75,history_MAR,weak,reference_30pct_recalibration,full_heldout,calibration_intercept,300,0.1384767590926238,0.5769943859632083,-0.7081977709418078,1.4146635285149405,0.0,0.1384767590926238,0.5924429023152747
INSPIRE,0.75,history_MAR,weak,reference_30pct_recalibration,full_heldout,calibration_slope,300,1.0576653286130036,0.2478855388212614,0.69136187555163,1.585389707763963,1.0,0.0576653286130035,0.2541017637605659
INSPIRE,0.75,mixed_MNAR,strong,reference_05pct_recalibration,full_heldout,oe,300,1.2021756718786714,0.6954636665539928,0.5994562591316888,2.8945529797072718,1.0,0.2021756718786713,0.723140706518904
INSPIRE,0.75,mixed_MNAR,strong,reference_05pct_recalibration,full_heldout,calibration_intercept,300,0.1356669826968173,6.038539871455262,-1.311040940792252,8.391093225033867,0.0,0.1356669826968173,6.029993595636605
INSPIRE,0.75,mixed_MNAR,strong,reference_05pct_recalibration,full_heldout,calibration_slope,300,1.02582972924197,2.2224241640024816,0.2713197204890067,3.872341157637969,1.0,0.02582972924197,2.2188673782898864
INSPIRE,0.75,mixed_MNAR,strong,reference_10pct_recalibration,full_heldout,oe,300,1.0755869284828428,0.2928615417324489,0.6894559907857927,1.8234843311712057,1.0,0.0755869284828427,0.3019857172802895
INSPIRE,0.75,mixed_MNAR,strong,reference_10pct_recalibration,full_heldout,calibration_intercept,300,0.2599056859329854,1.394589957010084,-0.9641227583783308,2.4839472741954247,0.0,0.2599056859329854,1.4163153521066691
INSPIRE,0.75,mixed_MNAR,strong,reference_10pct_recalibration,full_heldout,calibration_slope,300,1.0836236280480245,0.5349823846788222,0.5399600823654918,2.035480634113709,1.0,0.0836236280480242,0.5405969317136056
INSPIRE,0.75,mixed_MNAR,strong,reference_20pct_recalibration,full_heldout,oe,300,1.0342938279839966,0.2304441080567346,0.7246058810757152,1.5317836814414685,1.0,0.0342938279839966,0.2326016737244161
INSPIRE,0.75,mixed_MNAR,strong,reference_20pct_recalibration,full_heldout,calibration_intercept,300,0.1237277484154477,0.6416146499284772,-0.7546100189717352,1.4622850914998176,0.0,0.1237277484154477,0.6523846131954083
INSPIRE,0.75,mixed_MNAR,strong,reference_20pct_recalibration,full_heldout,calibration_slope,300,1.048041477378333,0.2752164757521644,0.6420409758564007,1.6147794593881208,1.0,0.048041477378333,0.2789258175794832
INSPIRE,0.75,mixed_MNAR,strong,reference_30pct_recalibration,full_heldout,oe,300,1.0134616959869094,0.1885278994487517,0.7273303130453256,1.422505290065369,1.0,0.0134616959869093,0.1886942241648308
INSPIRE,0.75,mixed_MNAR,strong,reference_30pct_recalibration,full_heldout,calibration_intercept,300,0.0866023550330147,0.571252279271534,-0.7267533093261432,1.3765523511483837,0.0,0.0866023550330147,0.5768373866018139
INSPIRE,0.75,mixed_MNAR,strong,reference_30pct_recalibration,full_heldout,calibration_slope,300,1.0406683774221055,0.2488482811845063,0.6499353330709985,1.6570454343540535,1.0,0.0406683774221057,0.2517398771492809
INSPIRE,0.75,mixed_MNAR,weak,reference_05pct_recalibration,full_heldout,oe,300,1.1719813190235526,0.6742891448388325,0.545524204699555,3.387270320780815,1.0,0.1719813190235526,0.6947862060406834
INSPIRE,0.75,mixed_MNAR,weak,reference_05pct_recalibration,full_heldout,calibration_intercept,300,-0.3653918244669868,13.397992711430618,-1.4849975733458898,9.75574355380046,0.0,-0.3653918244669868,13.38063398542648
INSPIRE,0.75,mixed_MNAR,weak,reference_05pct_recalibration,full_heldout,calibration_slope,300,0.9531993377943676,4.078391955358082,0.2795995728717462,4.760003835178652,1.0,-0.0468006622056323,4.0718579265130685
INSPIRE,0.75,mixed_MNAR,weak,reference_10pct_recalibration,full_heldout,oe,300,1.0710873643089769,0.3621350725351818,0.6181446476562515,1.968600293348686,1.0,0.0710873643089768,0.3684536398995923
INSPIRE,0.75,mixed_MNAR,weak,reference_10pct_recalibration,full_heldout,calibration_intercept,300,0.5131763921219437,1.886794278295888,-1.0905266041518775,4.781951243504242,0.0,0.5131763921219437,1.9523001859036333
INSPIRE,0.75,mixed_MNAR,weak,reference_10pct_recalibration,full_heldout,calibration_slope,300,1.1920982202146395,0.7115830178348382,0.5724756761214136,2.651839326353695,1.0,0.1920982202146397,0.7359105127955423
INSPIRE,0.75,mixed_MNAR,weak,reference_20pct_recalibration,full_heldout,oe,300,1.0423931847461794,0.2587814393311227,0.7097584318449937,1.709132812789113,1.0,0.0423931847461793,0.2618048688318655
INSPIRE,0.75,mixed_MNAR,weak,reference_20pct_recalibration,full_heldout,calibration_intercept,300,0.1955764608999859,0.7948434377467908,-0.8172497293560124,2.321295650332869,0.0,0.1955764608999859,0.8172639244977944
INSPIRE,0.75,mixed_MNAR,weak,reference_20pct_recalibration,full_heldout,calibration_slope,300,1.0742644250703206,0.3187757783238059,0.6592508384240265,1.885266058144501,1.0,0.0742644250703206,0.3267942395771693
INSPIRE,0.75,mixed_MNAR,weak,reference_30pct_recalibration,full_heldout,oe,300,1.0160119640873604,0.1927318729678048,0.731853923749721,1.447113004509693,1.0,0.0160119640873603,0.1930754755756257
INSPIRE,0.75,mixed_MNAR,weak,reference_30pct_recalibration,full_heldout,calibration_intercept,300,0.0857668399428982,0.5783218754158165,-0.7915633878029558,1.4887273433468085,0.0,0.0857668399428982,0.5836928031476057
INSPIRE,0.75,mixed_MNAR,weak,reference_30pct_recalibration,full_heldout,calibration_slope,300,1.0366193307349685,0.2313755440147799,0.6659263360475978,1.599259012602971,1.0,0.0366193307349682,0.2338742588309337
INSPIRE,0.75,outcome_MNAR,strong,reference_05pct_recalibration,full_heldout,oe,300,1.1544467195881831,0.6608428547066597,0.5796453669348887,3.0619606800102632,1.0,0.1544467195881833,0.6775775652127772
INSPIRE,0.75,outcome_MNAR,strong,reference_05pct_recalibration,full_heldout,calibration_intercept,300,-0.2925769656007666,15.493034482451694,-1.2862326663913748,6.774026952460702,0.0,-0.2925769656007666,15.469958145719808
INSPIRE,0.75,outcome_MNAR,strong,reference_05pct_recalibration,full_heldout,calibration_slope,300,0.7490925780761554,6.944212379751873,0.3289229896508608,3.9610585315692,1.0,-0.2509074219238446,6.937167997405375
INSPIRE,0.75,outcome_MNAR,strong,reference_10pct_recalibration,full_heldout,oe,300,1.061634557347841,0.3176774268615085,0.6686090504508966,1.96585691472683,1.0,0.0616345573478409,0.3230810574840658
INSPIRE,0.75,outcome_MNAR,strong,reference_10pct_recalibration,full_heldout,calibration_intercept,300,0.2356537130544945,1.1251893576049807,-1.051462962626707,3.31049632085981,0.0,0.2356537130544945,1.147764606808522
INSPIRE,0.75,outcome_MNAR,strong,reference_10pct_recalibration,full_heldout,calibration_slope,300,1.0815365917575874,0.4413496200582771,0.5558366471358052,2.286415586487905,1.0,0.0815365917575874,0.4480941916947936
INSPIRE,0.75,outcome_MNAR,strong,reference_20pct_recalibration,full_heldout,oe,300,1.0200154282504528,0.217451583926641,0.7111566659433164,1.5585241558183351,1.0,0.0200154282504527,0.2180096131269139
INSPIRE,0.75,outcome_MNAR,strong,reference_20pct_recalibration,full_heldout,calibration_intercept,300,0.0632667382856808,0.6649501402643908,-0.8244427581919641,1.6234193022928498,0.0,0.0632667382856808,0.6668489386016518
INSPIRE,0.75,outcome_MNAR,strong,reference_20pct_recalibration,full_heldout,calibration_slope,300,1.025423606630441,0.2755289845968487,0.6359336249473201,1.656298870106759,1.0,0.0254236066304409,0.27624179092942
INSPIRE,0.75,outcome_MNAR,strong,reference_30pct_recalibration,full_heldout,oe,300,1.0099423612232286,0.1825881470374811,0.7046210619002056,1.36721488367402,1.0,0.0099423612232285,0.1825545230348421
INSPIRE,0.75,outcome_MNAR,strong,reference_30pct_recalibration,full_heldout,calibration_intercept,300,0.0433530043764721,0.4878676411820349,-0.6678539161407366,1.016873637552854,0.0,0.0433530043764721,0.4889794837379316
INSPIRE,0.75,outcome_MNAR,strong,reference_30pct_recalibration,full_heldout,calibration_slope,300,1.0223464388413477,0.2089529282244319,0.6967945447057436,1.5078290435749255,1.0,0.0223464388413474,0.2097978831838145
INSPIRE,0.75,outcome_MNAR,weak,reference_05pct_recalibration,full_heldout,oe,300,1.1633922404666803,0.6145132609269907,0.5788243156388915,2.367929125565801,1.0,0.1633922404666805,0.634873859077792
INSPIRE,0.75,outcome_MNAR,weak,reference_05pct_recalibration,full_heldout,calibration_intercept,300,0.9819423448646408,14.092587456430756,-1.4034358617814913,21.48887788594472,0.0,0.9819423448646408,14.103305590595795
INSPIRE,0.75,outcome_MNAR,weak,reference_05pct_recalibration,full_heldout,calibration_slope,300,1.3729150490500963,4.894476801189049,0.3526814078848886,8.295781170319948,1.0,0.3729150490500963,4.900521990631328
INSPIRE,0.75,outcome_MNAR,weak,reference_10pct_recalibration,full_heldout,oe,300,1.0722202813659956,0.3469652850803633,0.6054987843825188,1.9545155286233744,1.0,0.0722202813659955,0.3538352654291424
INSPIRE,0.75,outcome_MNAR,weak,reference_10pct_recalibration,full_heldout,calibration_intercept,300,0.3899132628828927,2.351740027069112,-1.019514213357488,3.92179879431448,0.0,0.3899132628828927,2.3799743493662446
INSPIRE,0.75,outcome_MNAR,weak,reference_10pct_recalibration,full_heldout,calibration_slope,300,1.1435183303040646,0.9523238633249018,0.5431568811450324,2.562686257427288,1.0,0.1435183303040645,0.9615067252265094
INSPIRE,0.75,outcome_MNAR,weak,reference_20pct_recalibration,full_heldout,oe,300,1.038173058814437,0.2163184217011592,0.6586305954642653,1.5039318612202652,1.0,0.0381730588144371,0.2193054106065483
INSPIRE,0.75,outcome_MNAR,weak,reference_20pct_recalibration,full_heldout,calibration_intercept,300,0.1228400053933036,0.7266253915193671,-0.8402679125303024,2.085851747387121,0.0,0.1228400053933036,0.7357405645518204
INSPIRE,0.75,outcome_MNAR,weak,reference_20pct_recalibration,full_heldout,calibration_slope,300,1.0420262690821465,0.2970991527679738,0.6368276230811778,1.790871156395427,1.0,0.0420262690821464,0.2995661655013151
INSPIRE,0.75,outcome_MNAR,weak,reference_30pct_recalibration,full_heldout,oe,300,1.0232738151405707,0.1862056514702712,0.696483052587792,1.425681821945495,1.0,0.0232738151405706,0.1873463102435363
INSPIRE,0.75,outcome_MNAR,weak,reference_30pct_recalibration,full_heldout,calibration_intercept,300,0.0586324627706999,0.5578268790469835,-0.7909526794465209,1.3557304228082758,0.0,0.0586324627706999,0.5599744249409055
INSPIRE,0.75,outcome_MNAR,weak,reference_30pct_recalibration,full_heldout,calibration_slope,300,1.0209145509008286,0.229737285704882,0.6665790334292552,1.5619145762270397,1.0,0.0209145509008286,0.2303056841409255
INSPIRE,0.75,risk_MAR,strong,reference_05pct_recalibration,full_heldout,oe,300,1.213822007453743,0.5075796555983104,0.6123379515285744,2.552346174066008,1.0,0.2138220074537429,0.5499983339001342
INSPIRE,0.75,risk_MAR,strong,reference_05pct_recalibration,full_heldout,calibration_intercept,300,-1.771870823498823,21.663661454414985,-13.51766542980554,8.810815884130543,0.0,-1.771870823498823,21.69998555455664
INSPIRE,0.75,risk_MAR,strong,reference_05pct_recalibration,full_heldout,calibration_slope,300,0.2693579875445669,8.660335913679454,-3.8781173759169176,4.616173534566434,1.0,-0.7306420124554331,8.676707391689845
INSPIRE,0.75,risk_MAR,strong,reference_10pct_recalibration,full_heldout,oe,300,1.0768914303677302,0.304824064832092,0.6596633972573396,1.811130341860284,1.0,0.0768914303677301,0.3138793985961578
INSPIRE,0.75,risk_MAR,strong,reference_10pct_recalibration,full_heldout,calibration_intercept,300,0.3267667596852197,1.1672292499857984,-0.9560317948092084,2.745506619726185,0.0,0.3267667596852197,1.210231062036301
INSPIRE,0.75,risk_MAR,strong,reference_10pct_recalibration,full_heldout,calibration_slope,300,1.1229659081978658,0.5254005279354761,0.5736499758432951,2.246865113377863,1.0,0.1229659081978657,0.5387450017877538
INSPIRE,0.75,risk_MAR,strong,reference_20pct_recalibration,full_heldout,oe,300,1.0379270132439766,0.2029768811196065,0.7180587133241735,1.4898408875977731,1.0,0.0379270132439766,0.2061570773829707
INSPIRE,0.75,risk_MAR,strong,reference_20pct_recalibration,full_heldout,calibration_intercept,300,0.1472890854063271,0.7777179127881196,-0.7681613200529075,1.7325293223124545,0.0,0.1472890854063271,0.7902677242840577
INSPIRE,0.75,risk_MAR,strong,reference_20pct_recalibration,full_heldout,calibration_slope,300,1.055200412705907,0.3492044254713177,0.6463855782354244,1.764820802453239,1.0,0.0552004127059069,0.3529650651680603
INSPIRE,0.75,risk_MAR,strong,reference_30pct_recalibration,full_heldout,oe,300,1.024080093383948,0.1716853990789906,0.708309264039348,1.37975103320594,1.0,0.024080093383948,0.173082275907834
INSPIRE,0.75,risk_MAR,strong,reference_30pct_recalibration,full_heldout,calibration_intercept,300,0.1221354165810297,0.6009597210978054,-0.7384604937864656,1.3329484325011516,0.0,0.1221354165810297,0.612262855651694
INSPIRE,0.75,risk_MAR,strong,reference_30pct_recalibration,full_heldout,calibration_slope,300,1.049526052606498,0.2614380910003134,0.660957449967184,1.6127422892289094,1.0,0.049526052606498,0.2656593164084095
INSPIRE,0.75,risk_MAR,weak,reference_05pct_recalibration,full_heldout,oe,300,1.1766132296006853,0.788289261339896,0.5522722293408031,2.502780592805977,1.0,0.1766132296006852,0.8065487333170289
INSPIRE,0.75,risk_MAR,weak,reference_05pct_recalibration,full_heldout,calibration_intercept,300,0.5660606398988636,5.916316926550002,-1.4067833636124096,8.964549709134253,0.0,0.5660606398988636,5.933511153061637
INSPIRE,0.75,risk_MAR,weak,reference_05pct_recalibration,full_heldout,calibration_slope,300,1.2364247108895063,2.40671905997722,0.2521843579131971,5.475831901486181,1.0,0.2364247108895063,2.414308518423297
INSPIRE,0.75,risk_MAR,weak,reference_10pct_recalibration,full_heldout,oe,300,1.0732645835293808,0.3363401866529051,0.6294629175151073,1.8805201201287027,1.0,0.0732645835293808,0.343679120625018
INSPIRE,0.75,risk_MAR,weak,reference_10pct_recalibration,full_heldout,calibration_intercept,300,0.4751635547867544,1.4705537501378791,-0.9706476543724908,4.407620191816116,0.0,0.4751635547867544,1.5430814327405675
INSPIRE,0.75,risk_MAR,weak,reference_10pct_recalibration,full_heldout,calibration_slope,300,1.1814528371055917,0.5924802780971877,0.572730481535153,2.513858383644461,1.0,0.1814528371055914,0.6186985553789575
INSPIRE,0.75,risk_MAR,weak,reference_20pct_recalibration,full_heldout,oe,300,1.0310681056081623,0.2035634172411843,0.7090067259635171,1.4741873466482678,1.0,0.0310681056081625,0.2055849341323242
INSPIRE,0.75,risk_MAR,weak,reference_20pct_recalibration,full_heldout,calibration_intercept,300,0.1799991039519011,0.7341361181053199,-0.7947342167572284,1.9091356787452145,0.0,0.1799991039519011,0.7546913262148172
INSPIRE,0.75,risk_MAR,weak,reference_20pct_recalibration,full_heldout,calibration_slope,300,1.0716700169864617,0.3107065762365174,0.6634364826677,1.7733460004845876,1.0,0.0716700169864614,0.3183604444594257
INSPIRE,0.75,risk_MAR,weak,reference_30pct_recalibration,full_heldout,oe,300,1.0275995136166385,0.1891887636382933,0.7071260571585609,1.4375991380592292,1.0,0.0275995136166382,0.19087905458144
INSPIRE,0.75,risk_MAR,weak,reference_30pct_recalibration,full_heldout,calibration_intercept,300,0.1093740295827133,0.5727041687058645,-0.7119994064995286,1.4660856077338635,0.0,0.1093740295827133,0.5821163483222735
INSPIRE,0.75,risk_MAR,weak,reference_30pct_recalibration,full_heldout,calibration_slope,300,1.0434855761796944,0.2469288817804098,0.6879696980364681,1.6113506354538334,1.0,0.0434855761796943,0.2503230347986628
INSPIRE,0.75,stratum_MAR,strong,reference_05pct_recalibration,full_heldout,oe,300,1.1744294668506547,0.5247027879984413,0.5503744609468579,2.393824597932358,1.0,0.1744294668506547,0.5521059179058818
INSPIRE,0.75,stratum_MAR,strong,reference_05pct_recalibration,full_heldout,calibration_intercept,300,0.8315627786244232,6.260729241313356,-1.2729613425786457,14.355765582672118,0.0,0.8315627786244232,6.305360538387387
INSPIRE,0.75,stratum_MAR,strong,reference_05pct_recalibration,full_heldout,calibration_slope,300,1.2858168016584008,2.228770962345047,0.3537963442991398,5.934344569567504,1.0,0.2858168016584008,2.243335280342062
INSPIRE,0.75,stratum_MAR,strong,reference_10pct_recalibration,full_heldout,oe,300,1.065530563183726,0.3215752702546998,0.6245082906477972,1.911430252247854,1.0,0.0655305631837259,0.327658674490841
INSPIRE,0.75,stratum_MAR,strong,reference_10pct_recalibration,full_heldout,calibration_intercept,300,0.2307981263966214,1.3968507514937614,-0.9734272721418844,2.903758123879519,0.0,0.2307981263966214,1.4134906521411386
INSPIRE,0.75,stratum_MAR,strong,reference_10pct_recalibration,full_heldout,calibration_slope,300,1.0748941668329657,0.5382799012352522,0.5014505646560737,2.299048081230452,1.0,0.0748941668329654,0.5425758663933774
INSPIRE,0.75,stratum_MAR,strong,reference_20pct_recalibration,full_heldout,oe,300,1.0383017583409484,0.2150260097022682,0.6756184199490661,1.4887708836649327,1.0,0.0383017583409484,0.2180575358118282
INSPIRE,0.75,stratum_MAR,strong,reference_20pct_recalibration,full_heldout,calibration_intercept,300,0.0764115167047416,0.654735203764626,-0.8485486941343493,1.7315448703648235,0.0,0.0764115167047416,0.6580942027123952
INSPIRE,0.75,stratum_MAR,strong,reference_20pct_recalibration,full_heldout,calibration_slope,300,1.0220079045908914,0.2723850402411507,0.6164779542617014,1.7141733053770751,1.0,0.0220079045908914,0.2728198049589346
INSPIRE,0.75,stratum_MAR,strong,reference_30pct_recalibration,full_heldout,oe,300,1.0307998108765617,0.1813037618852063,0.7194169139312033,1.4174259419076565,1.0,0.0307998108765614,0.1836031378912511
INSPIRE,0.75,stratum_MAR,strong,reference_30pct_recalibration,full_heldout,calibration_intercept,300,0.0603217784138562,0.575993280330091,-0.7453622343130749,1.6182211417660806,0.0,0.0603217784138562,0.5781877564769173
INSPIRE,0.75,stratum_MAR,strong,reference_30pct_recalibration,full_heldout,calibration_slope,300,1.0165252736773327,0.2358826630936691,0.6704937679847445,1.6282094164989942,1.0,0.0165252736773326,0.2360683092859175
INSPIRE,0.75,stratum_MAR,weak,reference_05pct_recalibration,full_heldout,oe,300,1.1290513863741198,0.5272392508020731,0.5483773664104444,2.612585719141443,1.0,0.1290513863741198,0.5419491524298745
INSPIRE,0.75,stratum_MAR,weak,reference_05pct_recalibration,full_heldout,calibration_intercept,300,0.4235398460606028,2.3002492766847635,-1.3550831097481453,6.149396832515917,0.0,0.4235398460606028,2.335143588798525
INSPIRE,0.75,stratum_MAR,weak,reference_05pct_recalibration,full_heldout,calibration_slope,300,1.1546357739961446,0.8895675226283388,0.3817928939572058,3.296208659140783,1.0,0.1546357739961446,0.9014459673159134
INSPIRE,0.75,stratum_MAR,weak,reference_10pct_recalibration,full_heldout,oe,300,1.049452550348431,0.3137189040348638,0.6147957905268105,1.8624907555717205,1.0,0.0494525503484311,0.3170757643145205
INSPIRE,0.75,stratum_MAR,weak,reference_10pct_recalibration,full_heldout,calibration_intercept,300,0.3963411936804337,1.607614403785078,-1.019913495116647,3.6704666278805536,0.0,0.3963411936804337,1.6531472003911487
INSPIRE,0.75,stratum_MAR,weak,reference_10pct_recalibration,full_heldout,calibration_slope,300,1.156758453707717,0.6619999238032803,0.5545624501919647,2.518795985661636,1.0,0.1567584537077169,0.6792321392037716
INSPIRE,0.75,stratum_MAR,weak,reference_20pct_recalibration,full_heldout,oe,300,1.017312795946071,0.2087975911917912,0.6864834066573223,1.5357455357163643,1.0,0.017312795946071,0.2091670278605267
INSPIRE,0.75,stratum_MAR,weak,reference_20pct_recalibration,full_heldout,calibration_intercept,300,0.1157705452507917,0.7317110577326773,-0.8313671777601469,1.4173336233655958,0.0,0.1157705452507917,0.7396074775959959
INSPIRE,0.75,stratum_MAR,weak,reference_20pct_recalibration,full_heldout,calibration_slope,300,1.0502998119506348,0.3081821366221884,0.6569993217765137,1.7685201320132042,1.0,0.0502998119506348,0.3117526471165503
INSPIRE,0.75,stratum_MAR,weak,reference_30pct_recalibration,full_heldout,oe,300,1.002609228929539,0.1809370173037777,0.7111961541600477,1.4403552280246203,1.0,0.0026092289295389,0.180654047723704
INSPIRE,0.75,stratum_MAR,weak,reference_30pct_recalibration,full_heldout,calibration_intercept,300,0.0722392087408247,0.5534975469108038,-0.7319861787760908,1.3669593088801535,0.0,0.0722392087408247,0.5572762683513958
INSPIRE,0.75,stratum_MAR,weak,reference_30pct_recalibration,full_heldout,calibration_slope,300,1.0391702331353283,0.2405923972036557,0.6543755506999983,1.5517668339660244,1.0,0.0391702331353285,0.2433640477777486
MIMIC,0.35,MCAR,strong,reference_05pct_recalibration,full_heldout,oe,300,1.03284110413965,0.1748154240519142,0.7707730373295576,1.4435634911297486,1.0,0.0328411041396501,0.1775868871827922
MIMIC,0.35,MCAR,strong,reference_05pct_recalibration,full_heldout,calibration_intercept,300,0.1785085457806553,2.1957278852335658,-0.631341494930099,2.6840126395645303,0.0,0.1785085457806553,2.1993216023179394
MIMIC,0.35,MCAR,strong,reference_05pct_recalibration,full_heldout,calibration_slope,300,1.1201097974436165,1.6574517845890062,0.5198027244368342,3.275380158198641,1.0,0.1201097974436162,1.6590405742331231
MIMIC,0.35,MCAR,strong,reference_10pct_recalibration,full_heldout,oe,300,1.0144007702029447,0.1259831235554547,0.817961567661407,1.3121993941627343,1.0,0.0144007702029447,0.1265947225538689
MIMIC,0.35,MCAR,strong,reference_10pct_recalibration,full_heldout,calibration_intercept,300,0.0847825689470929,0.4465577778850208,-0.5050588866727012,1.315304209829933,0.0,0.0847825689470929,0.4538030631859053
MIMIC,0.35,MCAR,strong,reference_10pct_recalibration,full_heldout,calibration_slope,300,1.0623740580563492,0.3503244557702777,0.6218008291060932,1.993153741763534,1.0,0.0623740580563492,0.3552585772102563
MIMIC,0.35,MCAR,strong,reference_20pct_recalibration,full_heldout,oe,300,1.0097298104514951,0.0866379485505513,0.850090751940905,1.200193958175479,1.0,0.0097298104514951,0.0870389734163562
MIMIC,0.35,MCAR,strong,reference_20pct_recalibration,full_heldout,calibration_intercept,300,0.0482195633231419,0.3121343971700362,-0.4253921076143904,0.7144956931755654,0.0,0.0482195633231419,0.3153224517497193
MIMIC,0.35,MCAR,strong,reference_20pct_recalibration,full_heldout,calibration_slope,300,1.0320789739003022,0.2414785794539609,0.6595653791058332,1.5958897490939743,1.0,0.0320789739003022,0.2432007234511214
MIMIC,0.35,MCAR,strong,reference_30pct_recalibration,full_heldout,oe,300,1.0087200574823465,0.075801042003234,0.8633801061419648,1.165342952671401,1.0,0.0087200574823465,0.0761753550131244
MIMIC,0.35,MCAR,strong,reference_30pct_recalibration,full_heldout,calibration_intercept,300,0.0454635291469537,0.2645100157830319,-0.403439295775038,0.5996483628077636,0.0,0.0454635291469537,0.2679538438559968
MIMIC,0.35,MCAR,strong,reference_30pct_recalibration,full_heldout,calibration_slope,300,1.0317761717564982,0.2113003048056998,0.6705439478921592,1.5211755758961831,1.0,0.0317761717564981,0.2133277240298992
MIMIC,0.35,MCAR,weak,reference_05pct_recalibration,full_heldout,oe,300,1.0247758516214571,0.1680157690324913,0.7492002363899453,1.402584361871254,1.0,0.0247758516214571,0.1695554298894691
MIMIC,0.35,MCAR,weak,reference_05pct_recalibration,full_heldout,calibration_intercept,300,0.3354034567500965,1.2869402607159668,-0.5848546432685362,3.450430595960744,0.0,0.3354034567500965,1.3278516468351256
MIMIC,0.35,MCAR,weak,reference_05pct_recalibration,full_heldout,calibration_slope,300,1.2551811780918805,0.9129167947502362,0.5197635106697052,3.225544430531333,1.0,0.2551811780918804,0.9464441086908486
MIMIC,0.35,MCAR,weak,reference_10pct_recalibration,full_heldout,oe,300,1.021244869259925,0.1163587151110384,0.8199864682275109,1.2814459045158857,1.0,0.0212448692599249,0.1180913370385629
MIMIC,0.35,MCAR,weak,reference_10pct_recalibration,full_heldout,calibration_intercept,300,0.0908607144572687,0.4938030904369285,-0.490693719029179,0.9737101011798414,0.0,0.0908607144572687,0.5012827112348843
MIMIC,0.35,MCAR,weak,reference_10pct_recalibration,full_heldout,calibration_slope,300,1.057958066578964,0.3757655924113174,0.6546074725625657,1.8802721963270632,1.0,0.0579580665789638,0.3795895836123525
MIMIC,0.35,MCAR,weak,reference_20pct_recalibration,full_heldout,oe,300,1.0093931637837066,0.0849871571748311,0.8621869314277486,1.181515953964856,1.0,0.0093931637837065,0.0853637648785759
MIMIC,0.35,MCAR,weak,reference_20pct_recalibration,full_heldout,calibration_intercept,300,0.030963272429378,0.2855410682819287,-0.4132463755679305,0.7313133551779569,0.0,0.030963272429378,0.286741428659229
MIMIC,0.35,MCAR,weak,reference_20pct_recalibration,full_heldout,calibration_slope,300,1.0182714795490606,0.2167234576391898,0.6815643111379716,1.5713230636205258,1.0,0.0182714795490606,0.2171320808456467
MIMIC,0.35,MCAR,weak,reference_30pct_recalibration,full_heldout,oe,300,1.0077398993956312,0.0752175956622037,0.8785023504042692,1.1707179676336572,1.0,0.0077398993956312,0.0754899581679571
MIMIC,0.35,MCAR,weak,reference_30pct_recalibration,full_heldout,calibration_intercept,300,0.0281593707541898,0.2481737342285153,-0.3704577477846089,0.5683489696681878,0.0,0.0281593707541898,0.2493548713132777
MIMIC,0.35,MCAR,weak,reference_30pct_recalibration,full_heldout,calibration_slope,300,1.0181337382680358,0.1960486972353298,0.7094071587055,1.5058989514167709,1.0,0.0181337382680357,0.1965599327913789
MIMIC,0.35,history_MAR,strong,reference_05pct_recalibration,full_heldout,oe,300,1.005935896235142,0.1716552551694379,0.7378232571706203,1.4415849795126354,1.0,0.0059358962351421,0.1714716975751633
MIMIC,0.35,history_MAR,strong,reference_05pct_recalibration,full_heldout,calibration_intercept,300,0.2033950271444738,0.9396815782842298,-0.6323982396247614,3.092127581602073,0.0,0.2033950271444738,0.9599102392439028
MIMIC,0.35,history_MAR,strong,reference_05pct_recalibration,full_heldout,calibration_slope,300,1.176419735207204,0.7294863098273275,0.5131818863687142,3.5820786181251045,1.0,0.1764197352072039,0.7493332802845385
MIMIC,0.35,history_MAR,strong,reference_10pct_recalibration,full_heldout,oe,300,1.004783221845725,0.1237674187991003,0.811304848402379,1.2727808506826463,1.0,0.0047832218457251,0.1236535156026575
MIMIC,0.35,history_MAR,strong,reference_10pct_recalibration,full_heldout,calibration_intercept,300,0.0549525799953468,0.4627471044501784,-0.5519302291651011,1.293846610233983,0.0,0.0549525799953468,0.4652320773365833
MIMIC,0.35,history_MAR,strong,reference_10pct_recalibration,full_heldout,calibration_slope,300,1.048293531964856,0.3652488320334046,0.5870778594008845,1.989994859614523,1.0,0.0482935319648558,0.3678237152501193
MIMIC,0.35,history_MAR,strong,reference_20pct_recalibration,full_heldout,oe,300,0.9994291204667076,0.0865449446683667,0.8412026138444226,1.1696263322350682,1.0,-0.0005708795332922,0.0864024686738368
MIMIC,0.35,history_MAR,strong,reference_20pct_recalibration,full_heldout,calibration_intercept,300,0.0015390766241484,0.2638772995455556,-0.4153861460514205,0.5415739612496095,0.0,0.0015390766241484,0.2634416327669661
MIMIC,0.35,history_MAR,strong,reference_20pct_recalibration,full_heldout,calibration_slope,300,1.0073640689866925,0.2165742361860407,0.6721937425427735,1.481691118366295,1.0,0.0073640689866922,0.2163383491023782
MIMIC,0.35,history_MAR,strong,reference_30pct_recalibration,full_heldout,oe,300,1.0001736866291102,0.0738920313293377,0.8727650742016894,1.1617083839504037,1.0,0.0001736866291102,0.0737689796145668
MIMIC,0.35,history_MAR,strong,reference_30pct_recalibration,full_heldout,calibration_intercept,300,0.0006022990252632,0.2314196743642393,-0.3462933895499802,0.5143658665932842,0.0,0.0006022990252632,0.2310344380419441
MIMIC,0.35,history_MAR,strong,reference_30pct_recalibration,full_heldout,calibration_slope,300,1.0043090666036203,0.1928420924401362,0.7318544533089794,1.4258790550463971,1.0,0.0043090666036205,0.1925686382296682
MIMIC,0.35,history_MAR,weak,reference_05pct_recalibration,full_heldout,oe,300,1.0175977501790494,0.1626469543418933,0.7636609940263256,1.413881480708257,1.0,0.0175977501790494,0.163326459773677
MIMIC,0.35,history_MAR,weak,reference_05pct_recalibration,full_heldout,calibration_intercept,300,0.1737403623100382,2.213638922355273,-0.6652749943124312,3.8388022248379543,0.0,0.1737403623100382,2.2167654366516287
MIMIC,0.35,history_MAR,weak,reference_05pct_recalibration,full_heldout,calibration_slope,300,1.1648721872141978,2.2738540655651445,0.4511914818402259,3.5314241773173056,1.0,0.1648721872141978,2.2760405185099346
MIMIC,0.35,history_MAR,weak,reference_10pct_recalibration,full_heldout,oe,300,1.0055165237658412,0.1249547824272149,0.7943325528660156,1.2672354809740276,1.0,0.0055165237658412,0.1248682666935583
MIMIC,0.35,history_MAR,weak,reference_10pct_recalibration,full_heldout,calibration_intercept,300,0.0810954829997565,0.5119447764550025,-0.5314402570131601,1.2060779113378433,0.0,0.0810954829997565,0.5174845955730416
MIMIC,0.35,history_MAR,weak,reference_10pct_recalibration,full_heldout,calibration_slope,300,1.0690660746886678,0.4061224575346324,0.6205207890525173,2.003968924862047,1.0,0.0690660746886677,0.4112855314156131
MIMIC,0.35,history_MAR,weak,reference_20pct_recalibration,full_heldout,oe,300,1.0055254461619296,0.0924554586502555,0.846428369002885,1.218310240187234,1.0,0.0055254461619296,0.0924664750963111
MIMIC,0.35,history_MAR,weak,reference_20pct_recalibration,full_heldout,calibration_intercept,300,0.0375768228125173,0.301539853209443,-0.4113757867344613,0.7478973463433319,0.0,0.0375768228125173,0.3033730592455608
MIMIC,0.35,history_MAR,weak,reference_20pct_recalibration,full_heldout,calibration_slope,300,1.0302955032407652,0.2349240494673173,0.6698334889454821,1.5795488667577764,1.0,0.0302955032407652,0.2364807860510871
MIMIC,0.35,history_MAR,weak,reference_30pct_recalibration,full_heldout,oe,300,1.0009387838244153,0.0761726459694494,0.8595803081170241,1.163853899034551,1.0,0.0009387838244152,0.0760513800164694
MIMIC,0.35,history_MAR,weak,reference_30pct_recalibration,full_heldout,calibration_intercept,300,0.017509036733859,0.262967787770631,-0.3866887653443349,0.6295529844033559,0.0,0.017509036733859,0.2631123655670913
MIMIC,0.35,history_MAR,weak,reference_30pct_recalibration,full_heldout,calibration_slope,300,1.0169231790975073,0.206623455311505,0.6693550527637092,1.5246256556969957,1.0,0.0169231790975072,0.2069718228036905
MIMIC,0.35,mixed_MNAR,strong,reference_05pct_recalibration,full_heldout,oe,300,1.0351096093407963,0.181641954375881,0.782477059322359,1.4938301473299187,1.0,0.0351096093407965,0.1847065373114552
MIMIC,0.35,mixed_MNAR,strong,reference_05pct_recalibration,full_heldout,calibration_intercept,300,0.2388995242274016,1.1764429500974027,-0.6283714215949877,3.1657266263205863,0.0,0.2388995242274016,1.1985314364367663
MIMIC,0.35,mixed_MNAR,strong,reference_05pct_recalibration,full_heldout,calibration_slope,300,1.1779262270852846,1.0145956644294731,0.5095004164571866,3.5251939883388523,1.0,0.1779262270852846,1.0284117641730983
MIMIC,0.35,mixed_MNAR,strong,reference_10pct_recalibration,full_heldout,oe,300,1.0149150184192528,0.1178583455179585,0.8339638810846828,1.2861010066845735,1.0,0.0149150184192528,0.1186033111566299
MIMIC,0.35,mixed_MNAR,strong,reference_10pct_recalibration,full_heldout,calibration_intercept,300,0.0903857242043965,0.4789894038999222,-0.5144932298534272,1.403632557864794,0.0,0.0903857242043965,0.48665764012448
MIMIC,0.35,mixed_MNAR,strong,reference_10pct_recalibration,full_heldout,calibration_slope,300,1.0669749016457384,0.3929193574080918,0.596962970254219,2.1850389863866706,1.0,0.0669749016457383,0.3979404982385651
MIMIC,0.35,mixed_MNAR,strong,reference_20pct_recalibration,full_heldout,oe,300,1.0170075799866534,0.0904672370087273,0.8680003447876896,1.2073999161496207,1.0,0.0170075799866533,0.0919037413769919
MIMIC,0.35,mixed_MNAR,strong,reference_20pct_recalibration,full_heldout,calibration_intercept,300,0.0421524427804411,0.3126408798431942,-0.4108938255308308,0.8700007535534967,0.0,0.0421524427804411,0.3149529072453868
MIMIC,0.35,mixed_MNAR,strong,reference_20pct_recalibration,full_heldout,calibration_slope,300,1.0201296744391588,0.2475909236978321,0.6499418243348163,1.684361843659948,1.0,0.0201296744391588,0.2479962333159796
MIMIC,0.35,mixed_MNAR,strong,reference_30pct_recalibration,full_heldout,oe,300,1.0112080579038492,0.0793268200664739,0.8844050942886157,1.177920367568437,1.0,0.0112080579038491,0.0799836803931187
MIMIC,0.35,mixed_MNAR,strong,reference_30pct_recalibration,full_heldout,calibration_intercept,300,0.0306144984497381,0.2565101197569226,-0.3635427280046929,0.6079827354869773,0.0,0.0306144984497381,0.2579057274430216
MIMIC,0.35,mixed_MNAR,strong,reference_30pct_recalibration,full_heldout,calibration_slope,300,1.0171203099547683,0.2066305161797384,0.7036198621981538,1.4736058114006654,1.0,0.0171203099547683,0.2069950595117271
MIMIC,0.35,mixed_MNAR,weak,reference_05pct_recalibration,full_heldout,oe,300,1.0186771167687818,0.1581075215638712,0.7684442984324098,1.3765435031805335,1.0,0.0186771167687818,0.1589449478214007
MIMIC,0.35,mixed_MNAR,weak,reference_05pct_recalibration,full_heldout,calibration_intercept,300,0.1972980769710637,1.0422748531023864,-0.6319072302063368,2.970879097285492,0.0,0.1972980769710637,1.0590761434798015
MIMIC,0.35,mixed_MNAR,weak,reference_05pct_recalibration,full_heldout,calibration_slope,300,1.1436463514676205,0.8128167659837248,0.5112971242390381,3.0955851624903645,1.0,0.1436463514676202,0.8240771398180227
MIMIC,0.35,mixed_MNAR,weak,reference_10pct_recalibration,full_heldout,oe,300,1.005141929018052,0.1204890523089359,0.8112818920157499,1.2561041880222,1.0,0.0051419290180521,0.1203979199207548
MIMIC,0.35,mixed_MNAR,weak,reference_10pct_recalibration,full_heldout,calibration_intercept,300,0.0213061024145801,0.4184288671396782,-0.5186845005149068,1.18488449107093,0.0,0.0213061024145801,0.4182739028432315
MIMIC,0.35,mixed_MNAR,weak,reference_10pct_recalibration,full_heldout,calibration_slope,300,1.0182767926544012,0.3222223003956674,0.6000532411485394,1.846717369508196,1.0,0.0182767926544011,0.3222036022751764
MIMIC,0.35,mixed_MNAR,weak,reference_20pct_recalibration,full_heldout,oe,300,0.9999086585816592,0.0895377552552963,0.8516641738280006,1.2033068037127073,1.0,-9.13414183408845e-05,0.0893884477660556
MIMIC,0.35,mixed_MNAR,weak,reference_20pct_recalibration,full_heldout,calibration_intercept,300,0.0096906714657844,0.269128436801897,-0.4333564795293141,0.6269374279349534,0.0,0.0096906714657844,0.2688542186586856
MIMIC,0.35,mixed_MNAR,weak,reference_20pct_recalibration,full_heldout,calibration_slope,300,1.0132512238630302,0.2134703782076351,0.67902007603056,1.5180658104808835,1.0,0.0132512238630302,0.2135258734472364
MIMIC,0.35,mixed_MNAR,weak,reference_30pct_recalibration,full_heldout,oe,300,1.0014895126141403,0.0787777144013733,0.8723284521899801,1.146905108713162,1.0,0.0014895126141405,0.0786604125752656
MIMIC,0.35,mixed_MNAR,weak,reference_30pct_recalibration,full_heldout,calibration_intercept,300,0.0117796336793618,0.2417375712708691,-0.369600328519401,0.5217905835311472,0.0,0.0117796336793618,0.241621652497616
MIMIC,0.35,mixed_MNAR,weak,reference_30pct_recalibration,full_heldout,calibration_slope,300,1.0127423575083576,0.1972230569698581,0.7025954867512072,1.4543073133127928,1.0,0.0127423575083576,0.1973059690634613
MIMIC,0.35,outcome_MNAR,strong,reference_05pct_recalibration,full_heldout,oe,300,1.010621338889908,0.1778160686332032,0.7543930118924496,1.457024536502101,1.0,0.0106213388899079,0.177836925083352
MIMIC,0.35,outcome_MNAR,strong,reference_05pct_recalibration,full_heldout,calibration_intercept,300,0.2173721323985067,0.8742538588809616,-0.6447213275574791,2.3047657930472605,0.0,0.2173721323985067,0.8994569033658583
MIMIC,0.35,outcome_MNAR,strong,reference_05pct_recalibration,full_heldout,calibration_slope,300,1.1779166563170929,0.6468778745473497,0.4897320281431349,2.944533858403656,1.0,0.1779166563170928,0.6698585556359553
MIMIC,0.35,outcome_MNAR,strong,reference_10pct_recalibration,full_heldout,oe,300,1.0175776059683634,0.1316621982400577,0.7959638112236948,1.307845050908091,1.0,0.0175776059683634,0.1326126825087453
MIMIC,0.35,outcome_MNAR,strong,reference_10pct_recalibration,full_heldout,calibration_intercept,300,0.1231663417265611,0.4857620244425199,-0.5399101348344202,1.365838293154528,0.0,0.1231663417265611,0.5003480218576177
MIMIC,0.35,outcome_MNAR,strong,reference_10pct_recalibration,full_heldout,calibration_slope,300,1.089229163627382,0.3671928278960512,0.5814275981580415,2.02375847440915,1.0,0.0892291636273818,0.3772836880347203
MIMIC,0.35,outcome_MNAR,strong,reference_20pct_recalibration,full_heldout,oe,300,1.0050681235412922,0.0899286741607157,0.8380797655627987,1.2000539818962377,1.0,0.0050681235412921,0.0899216052519061
MIMIC,0.35,outcome_MNAR,strong,reference_20pct_recalibration,full_heldout,calibration_intercept,300,0.0348388798226273,0.3011342047995628,-0.476169359564565,0.7079392222126433,0.0,0.0348388798226273,0.3026438239083907
MIMIC,0.35,outcome_MNAR,strong,reference_20pct_recalibration,full_heldout,calibration_slope,300,1.026686625594776,0.2305268530707944,0.6636919145317952,1.582783508759174,1.0,0.0266866255947759,0.2316844057600848
MIMIC,0.35,outcome_MNAR,strong,reference_30pct_recalibration,full_heldout,oe,300,0.9997611360300488,0.0751548445747413,0.8506803697277676,1.1398839986661524,1.0,-0.000238863969951,0.0750298621672696
MIMIC,0.35,outcome_MNAR,strong,reference_30pct_recalibration,full_heldout,calibration_intercept,300,0.0280936465904852,0.2547100792942756,-0.4180807470247532,0.598171971881422,0.0,0.0280936465904852,0.2558324061917625
MIMIC,0.35,outcome_MNAR,strong,reference_30pct_recalibration,full_heldout,calibration_slope,300,1.0275714121103356,0.2015240424412987,0.69489179802917,1.4928748338340032,1.0,0.0275714121103356,0.2030683365652247
MIMIC,0.35,outcome_MNAR,weak,reference_05pct_recalibration,full_heldout,oe,300,1.0106924371993675,0.1682750847221018,0.7699946998555689,1.4236724445902618,1.0,0.0106924371993675,0.1683343221222741
MIMIC,0.35,outcome_MNAR,weak,reference_05pct_recalibration,full_heldout,calibration_intercept,300,0.0974328406736735,1.9657035972744623,-0.6684851442896461,2.846823127948726,0.0,0.0974328406736735,1.9648419330839424
MIMIC,0.35,outcome_MNAR,weak,reference_05pct_recalibration,full_heldout,calibration_slope,300,1.0957196194260928,1.5064262820705494,0.5154440519536756,3.0342210785266093,1.0,0.0957196194260927,1.5069565316817417
MIMIC,0.35,outcome_MNAR,weak,reference_10pct_recalibration,full_heldout,oe,300,1.0040087093035617,0.1077531900614114,0.825275840135182,1.2249688016543896,1.0,0.0040087093035614,0.1076481175812954
MIMIC,0.35,outcome_MNAR,weak,reference_10pct_recalibration,full_heldout,calibration_intercept,300,0.1120746664669958,0.4868946393286062,-0.5013261310402003,1.1450640224625777,0.0,0.1120746664669958,0.4988355434121204
MIMIC,0.35,outcome_MNAR,weak,reference_10pct_recalibration,full_heldout,calibration_slope,300,1.094576489595745,0.3803237663309625,0.564306617967238,1.9274018633984085,1.0,0.094576489595745,0.3912911010100223
MIMIC,0.35,outcome_MNAR,weak,reference_20pct_recalibration,full_heldout,oe,300,0.9977960851598278,0.0797370725807791,0.8325255915441876,1.1592832977760985,1.0,-0.0022039148401722,0.0796345694316398
MIMIC,0.35,outcome_MNAR,weak,reference_20pct_recalibration,full_heldout,calibration_intercept,300,0.0412788867141695,0.3160795780636036,-0.3936575011499044,0.8279857966159986,0.0,0.0412788867141695,0.31824082886759
MIMIC,0.35,outcome_MNAR,weak,reference_20pct_recalibration,full_heldout,calibration_slope,300,1.0415652316298765,0.257441720510463,0.6810567365528956,1.686072708074977,1.0,0.0415652316298764,0.2603516605317406
MIMIC,0.35,outcome_MNAR,weak,reference_30pct_recalibration,full_heldout,oe,300,0.9980914755143154,0.070245260893502,0.8689019370093276,1.1409455398017805,1.0,-0.0019085244856845,0.0701540530174983
MIMIC,0.35,outcome_MNAR,weak,reference_30pct_recalibration,full_heldout,calibration_intercept,300,0.0187942576141351,0.2556183819794909,-0.3725223325985554,0.5793714671734636,0.0,0.0187942576141351,0.255883135046177
MIMIC,0.35,outcome_MNAR,weak,reference_30pct_recalibration,full_heldout,calibration_slope,300,1.0213407321817305,0.2082386708722977,0.700636934421009,1.4821833414341654,1.0,0.0213407321817302,0.2089837946266598
MIMIC,0.35,risk_MAR,strong,reference_05pct_recalibration,full_heldout,oe,300,1.0278756854548865,0.1643758403425806,0.7719818914804875,1.370692292635329,1.0,0.0278756854548862,0.1664524136350934
MIMIC,0.35,risk_MAR,strong,reference_05pct_recalibration,full_heldout,calibration_intercept,300,0.4232369840312825,2.0442726821687005,-0.6305158543254323,3.655483447544461,0.0,0.4232369840312825,2.0842864904765146
MIMIC,0.35,risk_MAR,strong,reference_05pct_recalibration,full_heldout,calibration_slope,300,1.2951222692142907,1.3133161945439265,0.5213917777268186,4.163202240227918,1.0,0.2951222692142907,1.3439297783793227
MIMIC,0.35,risk_MAR,strong,reference_10pct_recalibration,full_heldout,oe,300,1.011948894072832,0.1054756208595459,0.8390277115928998,1.2293189352264549,1.0,0.011948894072832,0.1059754640311524
MIMIC,0.35,risk_MAR,strong,reference_10pct_recalibration,full_heldout,calibration_intercept,300,0.1247773452832558,0.5913636718256368,-0.5173287132227967,1.522932690934853,0.0,0.1247773452832558,0.6034191536098154
MIMIC,0.35,risk_MAR,strong,reference_10pct_recalibration,full_heldout,calibration_slope,300,1.0949130456177592,0.4698240180581499,0.600805802624902,2.1101910234281984,1.0,0.0949130456177591,0.4785470845656283
MIMIC,0.35,risk_MAR,strong,reference_20pct_recalibration,full_heldout,oe,300,1.0045299016948452,0.0829908262679578,0.8559009968607408,1.176015603175154,1.0,0.0045299016948452,0.0829761351023364
MIMIC,0.35,risk_MAR,strong,reference_20pct_recalibration,full_heldout,calibration_intercept,300,0.0571647750283795,0.359213412021604,-0.4060997188859934,0.9050507686256865,0.0,0.0571647750283795,0.3631418078781261
MIMIC,0.35,risk_MAR,strong,reference_20pct_recalibration,full_heldout,calibration_slope,300,1.0471897753359451,0.2905435565437299,0.666818099338999,1.8043151065057688,1.0,0.0471897753359451,0.2938725028837726
MIMIC,0.35,risk_MAR,strong,reference_30pct_recalibration,full_heldout,oe,300,1.0044906603801411,0.0727922644946496,0.8706091892054771,1.1495951556660549,1.0,0.0044906603801413,0.0728094596990981
MIMIC,0.35,risk_MAR,strong,reference_30pct_recalibration,full_heldout,calibration_intercept,300,0.0309054558582347,0.288589180287453,-0.3618475309402441,0.6582321359493337,0.0,0.0309054558582347,0.2897606767619203
MIMIC,0.35,risk_MAR,strong,reference_30pct_recalibration,full_heldout,calibration_slope,300,1.0236519908634276,0.2290304086586322,0.707985416817069,1.5155633475481616,1.0,0.0236519908634276,0.2298684297632943
MIMIC,0.35,risk_MAR,weak,reference_05pct_recalibration,full_heldout,oe,300,1.0146930716488176,0.166008188010231,0.740765218708035,1.4265121218047632,1.0,0.0146930716488176,0.1663813163968921
MIMIC,0.35,risk_MAR,weak,reference_05pct_recalibration,full_heldout,calibration_intercept,300,0.4679119550332805,4.74595119636841,-0.5572164116527495,2.342190262557436,0.0,0.4679119550332805,4.761083299010087
MIMIC,0.35,risk_MAR,weak,reference_05pct_recalibration,full_heldout,calibration_slope,300,1.366758693549407,3.4932763826607807,0.5224213742390813,3.069148722109778,1.0,0.3667586935494069,3.506681511818661
MIMIC,0.35,risk_MAR,weak,reference_10pct_recalibration,full_heldout,oe,300,1.0103113143529256,0.1164628665792036,0.8131092423652228,1.2274515830224872,1.0,0.0103113143529256,0.1167249352019128
MIMIC,0.35,risk_MAR,weak,reference_10pct_recalibration,full_heldout,calibration_intercept,300,0.0845367970469356,0.4412660636463634,-0.4710816589351015,1.227333908409315,0.0,0.0845367970469356,0.4485678951037677
MIMIC,0.35,risk_MAR,weak,reference_10pct_recalibration,full_heldout,calibration_slope,300,1.0708160904666355,0.3669463724798054,0.6001333835653513,2.0452914618325493,1.0,0.0708160904666357,0.3731162376670482
MIMIC,0.35,risk_MAR,weak,reference_20pct_recalibration,full_heldout,oe,300,1.0047700840715164,0.0853604965618661,0.8490783460842749,1.1778979737590312,1.0,0.0047700840715163,0.0853515086417735
MIMIC,0.35,risk_MAR,weak,reference_20pct_recalibration,full_heldout,calibration_intercept,300,0.0468419781076707,0.3095098445525974,-0.4448891455818934,0.7425210241027783,0.0,0.0468419781076707,0.3125239089122024
MIMIC,0.35,risk_MAR,weak,reference_20pct_recalibration,full_heldout,calibration_slope,300,1.038648213450572,0.2476303387474515,0.6677796689448224,1.5916894558946604,1.0,0.0386482134505719,0.2502200360793235
MIMIC,0.35,risk_MAR,weak,reference_30pct_recalibration,full_heldout,oe,300,1.006928523964998,0.0734972464315229,0.8617000092460579,1.157884821791952,1.0,0.0069285239649981,0.0737010415569064
MIMIC,0.35,risk_MAR,weak,reference_30pct_recalibration,full_heldout,calibration_intercept,300,0.0396315464428612,0.2612478475382599,-0.4080068075605613,0.656212604706219,0.0,0.0396315464428612,0.2638059814662069
MIMIC,0.35,risk_MAR,weak,reference_30pct_recalibration,full_heldout,calibration_slope,300,1.029152516200767,0.2129782393618249,0.6963376848664873,1.5071801071098927,1.0,0.029152516200767,0.2146122096736962
MIMIC,0.35,stratum_MAR,strong,reference_05pct_recalibration,full_heldout,oe,300,1.033829770128414,0.1635723032318365,0.760676493180349,1.4282755183373768,1.0,0.033829770128414,0.1667667994642837
MIMIC,0.35,stratum_MAR,strong,reference_05pct_recalibration,full_heldout,calibration_intercept,300,0.2147506162913283,2.0757453644717163,-0.5822769727937189,2.398665499008112,0.0,0.2147506162913283,2.0833804859561558
MIMIC,0.35,stratum_MAR,strong,reference_05pct_recalibration,full_heldout,calibration_slope,300,1.1549144584630608,1.613511967743099,0.5564176392562633,2.853146877339764,1.0,0.1549144584630608,1.6182525420725515
MIMIC,0.35,stratum_MAR,strong,reference_10pct_recalibration,full_heldout,oe,300,1.0168843378484078,0.1172987245705113,0.8243702664777989,1.2699072459178418,1.0,0.0168843378484078,0.1183140243074687
MIMIC,0.35,stratum_MAR,strong,reference_10pct_recalibration,full_heldout,calibration_intercept,300,0.1180723190593277,0.5075156618137062,-0.4554226503025811,1.2469455399055205,0.0,0.1180723190593277,0.5202447940065951
MIMIC,0.35,stratum_MAR,strong,reference_10pct_recalibration,full_heldout,calibration_slope,300,1.0861707858723677,0.3936511166731828,0.6374712835606813,2.0967052840875926,1.0,0.0861707858723677,0.4023307950642669
MIMIC,0.35,stratum_MAR,strong,reference_20pct_recalibration,full_heldout,oe,300,1.0115025577417431,0.0834733581317046,0.8609416389820661,1.1815661934531951,1.0,0.0115025577417431,0.084124219742751
MIMIC,0.35,stratum_MAR,strong,reference_20pct_recalibration,full_heldout,calibration_intercept,300,0.0592072327438227,0.3139608582918331,-0.4262031294588571,0.7703755869534851,0.0,0.0592072327438227,0.3189801648170743
MIMIC,0.35,stratum_MAR,strong,reference_20pct_recalibration,full_heldout,calibration_slope,300,1.0403390509008512,0.2478431528884355,0.6897578390875054,1.618321044483635,1.0,0.0403390509008512,0.2506964566292929
MIMIC,0.35,stratum_MAR,strong,reference_30pct_recalibration,full_heldout,oe,300,1.0097817790474433,0.0737568352372695,0.887559510720943,1.1536088447046402,1.0,0.0097817790474432,0.0742806864292686
MIMIC,0.35,stratum_MAR,strong,reference_30pct_recalibration,full_heldout,calibration_intercept,300,0.0513242407181108,0.2573280573903663,-0.3815416964919647,0.5972841907524914,0.0,0.0513242407181108,0.2619755351971934
MIMIC,0.35,stratum_MAR,strong,reference_30pct_recalibration,full_heldout,calibration_slope,300,1.035455674320746,0.2036107829291544,0.7255474544881206,1.5027297777781143,1.0,0.0354556743207459,0.2063401671919744
MIMIC,0.35,stratum_MAR,weak,reference_05pct_recalibration,full_heldout,oe,300,1.0222158180923702,0.1631638934462979,0.7628632979457209,1.37126755782408,1.0,0.0222158180923701,0.1643996872796689
MIMIC,0.35,stratum_MAR,weak,reference_05pct_recalibration,full_heldout,calibration_intercept,300,0.4621655085247196,3.545703438943573,-0.5919230807839525,4.273500700348061,0.0,0.4621655085247196,3.5698323664587406
MIMIC,0.35,stratum_MAR,weak,reference_05pct_recalibration,full_heldout,calibration_slope,300,1.3365188433351354,2.6087849554905103,0.5255553884017143,3.419460459405229,1.0,0.3365188433351354,2.626084159498053
MIMIC,0.35,stratum_MAR,weak,reference_10pct_recalibration,full_heldout,oe,300,1.0149405674978615,0.1111477648018876,0.8151075702385951,1.2646264887448586,1.0,0.0149405674978615,0.1119636850004457
MIMIC,0.35,stratum_MAR,weak,reference_10pct_recalibration,full_heldout,calibration_intercept,300,0.1148915340932154,0.4824252760151872,-0.4772018751373995,1.318145908064445,0.0,0.1148915340932154,0.4951347604994298
MIMIC,0.35,stratum_MAR,weak,reference_10pct_recalibration,full_heldout,calibration_slope,300,1.0819104390283785,0.3616803603127648,0.6232846106682558,2.033641930764208,1.0,0.0819104390283784,0.3702512130716204
MIMIC,0.35,stratum_MAR,weak,reference_20pct_recalibration,full_heldout,oe,300,1.0067155354098694,0.0840945281786697,0.8594890059816674,1.188864068588087,1.0,0.0067155354098693,0.0842224145929632
MIMIC,0.35,stratum_MAR,weak,reference_20pct_recalibration,full_heldout,calibration_intercept,300,0.0436843054947222,0.3011543785081818,-0.4300855104846046,0.8254041614164246,0.0,0.0436843054947222,0.3038090930867989
MIMIC,0.35,stratum_MAR,weak,reference_20pct_recalibration,full_heldout,calibration_slope,300,1.033012598541304,0.2371193092210295,0.6727955336816918,1.6118806730408084,1.0,0.0330125985413038,0.239014601880072
MIMIC,0.35,stratum_MAR,weak,reference_30pct_recalibration,full_heldout,oe,300,1.003932463343987,0.0743456690131765,0.8733839524593446,1.1754771157614323,1.0,0.003932463343987,0.0743257593792256
MIMIC,0.35,stratum_MAR,weak,reference_30pct_recalibration,full_heldout,calibration_intercept,300,0.0218945601046569,0.2439797573579324,-0.3555695537843745,0.611245787003167,0.0,0.0218945601046569,0.2445548473368375
MIMIC,0.35,stratum_MAR,weak,reference_30pct_recalibration,full_heldout,calibration_slope,300,1.016773199378006,0.1887029559524196,0.7154581215135958,1.4170493433700064,1.0,0.016773199378006,0.1891334179460042
MIMIC,0.55,MCAR,strong,reference_05pct_recalibration,full_heldout,oe,300,1.021451148812613,0.1608244068928816,0.7668275257301524,1.401065339765738,1.0,0.021451148812613,0.1619827974559434
MIMIC,0.55,MCAR,strong,reference_05pct_recalibration,full_heldout,calibration_intercept,300,0.2544827950664285,1.330944529640545,-0.6496378105168504,3.2439182624537435,0.0,0.2544827950664285,1.352874762433062
MIMIC,0.55,MCAR,strong,reference_05pct_recalibration,full_heldout,calibration_slope,300,1.1982179266545492,1.1135646964076624,0.4866717690884187,3.4404362391685703,1.0,0.1982179266545491,1.1292401243413344
MIMIC,0.55,MCAR,strong,reference_10pct_recalibration,full_heldout,oe,300,1.0159321372768138,0.1245429587544348,0.806410811128949,1.2781429642601096,1.0,0.0159321372768137,0.1253518185412497
MIMIC,0.55,MCAR,strong,reference_10pct_recalibration,full_heldout,calibration_intercept,300,0.0739002559543126,0.5043341580466997,-0.559933717324838,1.4228580792429613,0.0,0.0739002559543126,0.5088873624482575
MIMIC,0.55,MCAR,strong,reference_10pct_recalibration,full_heldout,calibration_slope,300,1.0470662156772934,0.3816085600008024,0.5918657851520032,2.039679256481137,1.0,0.0470662156772934,0.3838683429864739
MIMIC,0.55,MCAR,strong,reference_20pct_recalibration,full_heldout,oe,300,1.002266341333669,0.0858908822648363,0.8544646616325741,1.1850403744022882,1.0,0.0022663413336689,0.085777556196742
MIMIC,0.55,MCAR,strong,reference_20pct_recalibration,full_heldout,calibration_intercept,300,0.0177462631869238,0.2913317054535281,-0.4006726500198784,0.6612817340686229,0.0,0.0177462631869238,0.2913866479168517
MIMIC,0.55,MCAR,strong,reference_20pct_recalibration,full_heldout,calibration_slope,300,1.0164712963951896,0.2349678499378149,0.6720560829606859,1.5654219767086135,1.0,0.0164712963951896,0.2351534842203911
MIMIC,0.55,MCAR,strong,reference_30pct_recalibration,full_heldout,oe,300,1.0037011416282628,0.0773727863189348,0.8738310953165562,1.1905609054212385,1.0,0.0037011416282628,0.0773323435045054
MIMIC,0.55,MCAR,strong,reference_30pct_recalibration,full_heldout,calibration_intercept,300,0.0205562924160065,0.2527214997938294,-0.3963682920236914,0.6130674502883829,0.0,0.0205562924160065,0.25313597879613
MIMIC,0.55,MCAR,strong,reference_30pct_recalibration,full_heldout,calibration_slope,300,1.0159224718761812,0.1960974587411806,0.7078580111659292,1.444563298475516,1.0,0.0159224718761812,0.196416795932309
MIMIC,0.55,MCAR,weak,reference_05pct_recalibration,full_heldout,oe,300,1.0215384455797898,0.1558906820591633,0.7827966043983979,1.3919950082924766,1.0,0.0215384455797897,0.1571139810509824
MIMIC,0.55,MCAR,weak,reference_05pct_recalibration,full_heldout,calibration_intercept,300,0.2987665772478682,1.5426906799364173,-0.6281295634262297,3.4095378464223662,0.0,0.2987665772478682,1.5688285501810633
MIMIC,0.55,MCAR,weak,reference_05pct_recalibration,full_heldout,calibration_slope,300,1.208102521565119,1.023541651893635,0.4942977495530989,3.458803878681598,1.0,0.2081025215651193,1.0428096890607808
MIMIC,0.55,MCAR,weak,reference_10pct_recalibration,full_heldout,oe,300,1.0091119091874563,0.1125359069149559,0.8122585536666307,1.2253494155152505,1.0,0.0091119091874563,0.1127170918704353
MIMIC,0.55,MCAR,weak,reference_10pct_recalibration,full_heldout,calibration_intercept,300,0.0565698641690753,0.4250372047864047,-0.5320360451687679,1.0482646522892585,0.0,0.0565698641690753,0.4280824526107546
MIMIC,0.55,MCAR,weak,reference_10pct_recalibration,full_heldout,calibration_slope,300,1.04347171920821,0.3370189574599451,0.5813161452883181,1.94646052396032,1.0,0.0434717192082101,0.33925353665464
MIMIC,0.55,MCAR,weak,reference_20pct_recalibration,full_heldout,oe,300,1.003365317445073,0.0876772676948348,0.8413256453275447,1.1820071743599423,1.0,0.0033653174450729,0.0875956864674458
MIMIC,0.55,MCAR,weak,reference_20pct_recalibration,full_heldout,calibration_intercept,300,0.0386631396502309,0.3135571936697212,-0.3934122506766515,0.7554207328535354,0.0,0.0386631396502309,0.3154127851308042
MIMIC,0.55,MCAR,weak,reference_20pct_recalibration,full_heldout,calibration_slope,300,1.0327708797083726,0.2440247154164102,0.6776273356132727,1.5806772074315627,1.0,0.0327708797083725,0.2458119174324285
MIMIC,0.55,MCAR,weak,reference_30pct_recalibration,full_heldout,oe,300,1.0056205761525807,0.0751367323138727,0.8629401383974933,1.1481036735871435,1.0,0.0056205761525807,0.0752216789936086
MIMIC,0.55,MCAR,weak,reference_30pct_recalibration,full_heldout,calibration_intercept,300,0.0409297497560336,0.2728845274940145,-0.3751582161907765,0.631529333190007,0.0,0.0409297497560336,0.2754868234167247
MIMIC,0.55,MCAR,weak,reference_30pct_recalibration,full_heldout,calibration_slope,300,1.0313888865784298,0.2134994136340204,0.7052007239867413,1.5148347775448592,1.0,0.0313888865784297,0.2154421542409095
MIMIC,0.55,history_MAR,strong,reference_05pct_recalibration,full_heldout,oe,300,1.022800620619423,0.1757750102611978,0.7651089759639669,1.5104322859377433,1.0,0.0228006206194228,0.1769568676792379
MIMIC,0.55,history_MAR,strong,reference_05pct_recalibration,full_heldout,calibration_intercept,300,0.1927591681750094,1.5263454906512897,-0.6953636977705013,2.9817979427293677,0.0,0.1927591681750094,1.5359429954344903
MIMIC,0.55,history_MAR,strong,reference_05pct_recalibration,full_heldout,calibration_slope,300,1.1624971672219773,1.0363025429090038,0.4702273371195502,3.24740233413554,1.0,0.1624971672219772,1.0472576314323851
MIMIC,0.55,history_MAR,strong,reference_10pct_recalibration,full_heldout,oe,300,1.0121252914808432,0.1119526116665694,0.830592142349829,1.2705058468811747,1.0,0.0121252914808431,0.1124216704863045
MIMIC,0.55,history_MAR,strong,reference_10pct_recalibration,full_heldout,calibration_intercept,300,0.1290145890495261,0.5646558878418344,-0.5188311673717648,1.7627494446637413,0.0,0.1290145890495261,0.5782890698343003
MIMIC,0.55,history_MAR,strong,reference_10pct_recalibration,full_heldout,calibration_slope,300,1.0976233884514834,0.4486388005031575,0.6143742846842516,2.425632946788281,1.0,0.0976233884514834,0.4584061263900584
MIMIC,0.55,history_MAR,strong,reference_20pct_recalibration,full_heldout,oe,300,1.0141580786388191,0.0881178245162511,0.8404379354564967,1.1862395087414757,1.0,0.0141580786388193,0.0891028601386896
MIMIC,0.55,history_MAR,strong,reference_20pct_recalibration,full_heldout,calibration_intercept,300,0.0544871609359471,0.3015512580408679,-0.4082726447448673,0.7454102718704408,0.0,0.0544871609359471,0.3059393753596778
MIMIC,0.55,history_MAR,strong,reference_20pct_recalibration,full_heldout,calibration_slope,300,1.0340797203717067,0.2384205510369949,0.6820135619432149,1.5702040994675068,1.0,0.0340797203717067,0.2404502137661947
MIMIC,0.55,history_MAR,strong,reference_30pct_recalibration,full_heldout,oe,300,1.0128392291581092,0.0786682098579041,0.8702842582384542,1.172166630596644,1.0,0.0128392291581092,0.0795795456769358
MIMIC,0.55,history_MAR,strong,reference_30pct_recalibration,full_heldout,calibration_intercept,300,0.0467600238300429,0.2673157122720516,-0.3653181022094692,0.677299926012306,0.0,0.0467600238300429,0.2709354121483731
MIMIC,0.55,history_MAR,strong,reference_30pct_recalibration,full_heldout,calibration_slope,300,1.027882030742558,0.2068659453844832,0.7384072802640059,1.5362688290361584,1.0,0.027882030742558,0.2083945343179908
MIMIC,0.55,history_MAR,weak,reference_05pct_recalibration,full_heldout,oe,300,1.0309698663271,0.1649589795792397,0.7604212275743887,1.3736938688526987,1.0,0.0309698663270998,0.1675705603051931
MIMIC,0.55,history_MAR,weak,reference_05pct_recalibration,full_heldout,calibration_intercept,300,0.0664393428942161,2.065987100335951,-0.6521169064270174,2.336866750443067,0.0,0.0664393428942161,2.0636107213755817
MIMIC,0.55,history_MAR,weak,reference_05pct_recalibration,full_heldout,calibration_slope,300,1.0413855218874066,1.4992936029965998,0.4783383762537919,2.754408843724572,1.0,0.0413855218874066,1.4973647290206653
MIMIC,0.55,history_MAR,weak,reference_10pct_recalibration,full_heldout,oe,300,1.0211343020435757,0.1138780981234236,0.8308261768152198,1.2589212830185157,1.0,0.0211343020435756,0.1156358618723872
MIMIC,0.55,history_MAR,weak,reference_10pct_recalibration,full_heldout,calibration_intercept,300,0.1126006287199266,0.5759548873981118,-0.4974687482349466,1.3342579009521789,0.0,0.1126006287199266,0.5859156826126962
MIMIC,0.55,history_MAR,weak,reference_10pct_recalibration,full_heldout,calibration_slope,300,1.0739995726690303,0.4373174872978912,0.5962966228314958,1.9823911965320085,1.0,0.0739995726690303,0.4428148968091354
MIMIC,0.55,history_MAR,weak,reference_20pct_recalibration,full_heldout,oe,300,1.0102509290106965,0.0859819647983507,0.8522168871429067,1.1934787429513238,1.0,0.0102509290106964,0.0864484633867594
MIMIC,0.55,history_MAR,weak,reference_20pct_recalibration,full_heldout,calibration_intercept,300,0.0464514605705653,0.3076993939375191,-0.4091404215951278,0.7483517357540111,0.0,0.0464514605705653,0.3106783848750295
MIMIC,0.55,history_MAR,weak,reference_20pct_recalibration,full_heldout,calibration_slope,300,1.0310376677510724,0.2394039590336766,0.6754368691454931,1.632385819498354,1.0,0.0310376677510724,0.2410115036709955
MIMIC,0.55,history_MAR,weak,reference_30pct_recalibration,full_heldout,oe,300,1.0072083652366493,0.0754158786831567,0.8761892094463338,1.1641198530240184,1.0,0.0072083652366492,0.0756343623697525
MIMIC,0.55,history_MAR,weak,reference_30pct_recalibration,full_heldout,calibration_intercept,300,0.0165245244405174,0.2714067121353316,-0.3483340352621212,0.654190200985698,0.0,0.0165245244405174,0.2714574084863449
MIMIC,0.55,history_MAR,weak,reference_30pct_recalibration,full_heldout,calibration_slope,300,1.0070986925943874,0.2004137653051819,0.7017010674506912,1.5238479295613867,1.0,0.0070986925943874,0.2002053524990548
MIMIC,0.55,mixed_MNAR,strong,reference_05pct_recalibration,full_heldout,oe,300,1.014804045036583,0.163084366549391,0.7507002184384155,1.393664662143279,1.0,0.0148040450365829,0.1634839910415856
MIMIC,0.55,mixed_MNAR,strong,reference_05pct_recalibration,full_heldout,calibration_intercept,300,-0.0641880493189147,3.556643732990427,-0.6577843180106004,3.0909482627269167,0.0,-0.0641880493189147,3.5512911783768697
MIMIC,0.55,mixed_MNAR,strong,reference_05pct_recalibration,full_heldout,calibration_slope,300,0.993785151047968,2.413805356065254,0.5220493931835325,3.4808280926896846,1.0,-0.0062148489520319,2.409787003103575
MIMIC,0.55,mixed_MNAR,strong,reference_10pct_recalibration,full_heldout,oe,300,1.009184556052371,0.1164818174570841,0.7977881478112407,1.2249772707398343,1.0,0.0091845560523706,0.1166496599023085
MIMIC,0.55,mixed_MNAR,strong,reference_10pct_recalibration,full_heldout,calibration_intercept,300,0.1134303552088376,0.6201407726892832,-0.5047630837205451,1.528612450511867,0.0,0.1134303552088376,0.6294117159496043
MIMIC,0.55,mixed_MNAR,strong,reference_10pct_recalibration,full_heldout,calibration_slope,300,1.0823479215137195,0.4525453118453088,0.6389669448041917,2.1823660996880703,1.0,0.0823479215137195,0.4592339076330132
MIMIC,0.55,mixed_MNAR,strong,reference_20pct_recalibration,full_heldout,oe,300,0.9999110730070078,0.0895402018339976,0.8375199705508468,1.1991764137809808,1.0,-8.892699299223317e-05,0.0893908878279448
MIMIC,0.55,mixed_MNAR,strong,reference_20pct_recalibration,full_heldout,calibration_intercept,300,0.0197893440230229,0.3138659076254399,-0.4276281026031515,0.7879526456406093,0.0,0.0197893440230229,0.3139666437906596
MIMIC,0.55,mixed_MNAR,strong,reference_20pct_recalibration,full_heldout,calibration_slope,300,1.0192714683628104,0.2366173643332033,0.6849025431903888,1.5832309998496057,1.0,0.0192714683628103,0.2370074696569091
MIMIC,0.55,mixed_MNAR,strong,reference_30pct_recalibration,full_heldout,oe,300,1.0017730934118347,0.077284974145872,0.8522906345083355,1.1528516390364278,1.0,0.0017730934118347,0.0771764290325276
MIMIC,0.55,mixed_MNAR,strong,reference_30pct_recalibration,full_heldout,calibration_intercept,300,0.0239129015221891,0.2785951882650105,-0.414618000464551,0.6929100033058693,0.0,0.0239129015221891,0.2791565657247055
MIMIC,0.55,mixed_MNAR,strong,reference_30pct_recalibration,full_heldout,calibration_slope,300,1.019646499479691,0.2060318653178691,0.7063397533662309,1.528213681229835,1.0,0.0196464994796909,0.2066243387642047
MIMIC,0.55,mixed_MNAR,weak,reference_05pct_recalibration,full_heldout,oe,300,1.0299360358787708,0.1696703521751235,0.7641855766032544,1.4273795805513276,1.0,0.0299360358787708,0.1720123093173122
MIMIC,0.55,mixed_MNAR,weak,reference_05pct_recalibration,full_heldout,calibration_intercept,300,0.196254090691831,1.6701277007754427,-0.6332571185417847,2.8998636637978628,0.0,0.196254090691831,1.6788521226980515
MIMIC,0.55,mixed_MNAR,weak,reference_05pct_recalibration,full_heldout,calibration_slope,300,1.1225875755257095,1.482297604292289,0.4951232169344917,3.415261599877,1.0,0.1225875755257095,1.484893895447852
MIMIC,0.55,mixed_MNAR,weak,reference_10pct_recalibration,full_heldout,oe,300,1.0140997345616445,0.1118261729921463,0.8185517978181934,1.2323029886093049,1.0,0.0140997345616442,0.1125264939361305
MIMIC,0.55,mixed_MNAR,weak,reference_10pct_recalibration,full_heldout,calibration_intercept,300,0.121521252230347,0.5565305234407233,-0.5237094030613163,1.3179080803195748,0.0,0.121521252230347,0.5687365097474985
MIMIC,0.55,mixed_MNAR,weak,reference_10pct_recalibration,full_heldout,calibration_slope,300,1.0900353348154146,0.44263044109621,0.6146664735088561,2.1978531462168918,1.0,0.0900353348154145,0.4509711704115898
MIMIC,0.55,mixed_MNAR,weak,reference_20pct_recalibration,full_heldout,oe,300,1.0030813891631192,0.0857259830019284,0.8592889972436835,1.1891418727886036,1.0,0.0030813891631191,0.0856384413699985
MIMIC,0.55,mixed_MNAR,weak,reference_20pct_recalibration,full_heldout,calibration_intercept,300,0.063211354454838,0.328479408638727,-0.4330120104156746,0.7648172521163686,0.0,0.063211354454838,0.3339681643889591
MIMIC,0.55,mixed_MNAR,weak,reference_20pct_recalibration,full_heldout,calibration_slope,300,1.0545194856956543,0.2658535991906234,0.6854636882898073,1.638604221967202,1.0,0.0545194856956543,0.2709518716225914
MIMIC,0.55,mixed_MNAR,weak,reference_30pct_recalibration,full_heldout,oe,300,1.002321956598072,0.0767345338810712,0.8675037073535332,1.1545796668816115,1.0,0.0023219565980718,0.0766417176005043
MIMIC,0.55,mixed_MNAR,weak,reference_30pct_recalibration,full_heldout,calibration_intercept,300,0.0309807459372206,0.2436181505471495,-0.3731938647875917,0.5531786885122925,0.0,0.0309807459372206,0.2451770324015965
MIMIC,0.55,mixed_MNAR,weak,reference_30pct_recalibration,full_heldout,calibration_slope,300,1.0271562628368371,0.1916117836892612,0.7184849889029895,1.4344801692950622,1.0,0.0271562628368371,0.1932101308791761
MIMIC,0.55,outcome_MNAR,strong,reference_05pct_recalibration,full_heldout,oe,300,1.0345423090271266,0.1701404886473074,0.7728556067452288,1.4294858015152476,1.0,0.0345423090271266,0.1733333908122712
MIMIC,0.55,outcome_MNAR,strong,reference_05pct_recalibration,full_heldout,calibration_intercept,300,0.2938364822892237,3.7569667248172633,-0.6137395877324586,2.158213205057072,0.0,0.2938364822892237,3.762192116280565
MIMIC,0.55,outcome_MNAR,strong,reference_05pct_recalibration,full_heldout,calibration_slope,300,1.2388159444423834,3.1522614393993686,0.514926956307191,2.6061551044575126,1.0,0.2388159444423834,3.156051762942059
MIMIC,0.55,outcome_MNAR,strong,reference_10pct_recalibration,full_heldout,oe,300,1.008833244400446,0.1097417700029323,0.8161178673178675,1.260758978279861,1.0,0.0088332444004459,0.109914230666779
MIMIC,0.55,outcome_MNAR,strong,reference_10pct_recalibration,full_heldout,calibration_intercept,300,0.1105991109779288,0.8083794291207846,-0.5197192375100779,1.2610746243007764,0.0,0.1105991109779288,0.81457424898123
MIMIC,0.55,outcome_MNAR,strong,reference_10pct_recalibration,full_heldout,calibration_slope,300,1.082539082632018,0.5682995351420785,0.6044060492338377,1.959790162056299,1.0,0.082539082632018,0.5733240915331357
MIMIC,0.55,outcome_MNAR,strong,reference_20pct_recalibration,full_heldout,oe,300,1.009905999130478,0.0846594536731432,0.8487546423020091,1.1837552755111085,1.0,0.0099059991304779,0.0850967753287631
MIMIC,0.55,outcome_MNAR,strong,reference_20pct_recalibration,full_heldout,calibration_intercept,300,0.0420679811742024,0.3150720798661974,-0.424486078235459,0.7847157759985586,0.0,0.0420679811742024,0.3173471745049058
MIMIC,0.55,outcome_MNAR,strong,reference_20pct_recalibration,full_heldout,calibration_slope,300,1.0258392103689082,0.2390433182593684,0.6785521735406961,1.599490568600815,1.0,0.0258392103689082,0.2400393726806574
MIMIC,0.55,outcome_MNAR,strong,reference_30pct_recalibration,full_heldout,oe,300,1.0098747053876245,0.0728581413726771,0.8819637419232954,1.1673513273861351,1.0,0.0098747053876244,0.0734038432796661
MIMIC,0.55,outcome_MNAR,strong,reference_30pct_recalibration,full_heldout,calibration_intercept,300,0.0278249083840016,0.2490704954677949,-0.3516220036800589,0.5353709980649813,0.0,0.0278249083840016,0.2502070146900542
MIMIC,0.55,outcome_MNAR,strong,reference_30pct_recalibration,full_heldout,calibration_slope,300,1.0145194972187324,0.1924951867764452,0.7185071402904912,1.3936426855678736,1.0,0.0145194972187323,0.1927218152548978
MIMIC,0.55,outcome_MNAR,weak,reference_05pct_recalibration,full_heldout,oe,300,1.010232386414479,0.1537014912260014,0.7405117981230924,1.3131183039609944,1.0,0.0102323864144791,0.1537858997941017
MIMIC,0.55,outcome_MNAR,weak,reference_05pct_recalibration,full_heldout,calibration_intercept,300,0.1963330599714847,4.226437406809196,-0.6734596856387084,2.2964427258989324,0.0,0.1963330599714847,4.22395279885262
MIMIC,0.55,outcome_MNAR,weak,reference_05pct_recalibration,full_heldout,calibration_slope,300,1.1740242915145636,3.954486668323693,0.5166619663916066,2.966651689441776,1.0,0.1740242915145635,3.951724018023079
MIMIC,0.55,outcome_MNAR,weak,reference_10pct_recalibration,full_heldout,oe,300,1.005178769660593,0.1122525215969077,0.8265291926986612,1.2294304779023295,1.0,0.0051787696605929,0.1121848749373647
MIMIC,0.55,outcome_MNAR,weak,reference_10pct_recalibration,full_heldout,calibration_intercept,300,0.2362631608769928,1.175417066099784,-0.5349642366114404,2.0182188082275263,0.0,0.2362631608769928,1.197004682336407
MIMIC,0.55,outcome_MNAR,weak,reference_10pct_recalibration,full_heldout,calibration_slope,300,1.1903987496393336,0.915049300770626,0.6195863692699941,2.35654668512931,1.0,0.1903987496393335,0.9331537150771196
MIMIC,0.55,outcome_MNAR,weak,reference_20pct_recalibration,full_heldout,oe,300,1.006928353000147,0.0875380677916369,0.8403908007033356,1.1837980301924025,1.0,0.0069283530001469,0.0876662554442256
MIMIC,0.55,outcome_MNAR,weak,reference_20pct_recalibration,full_heldout,calibration_intercept,300,0.0742521778978467,0.3282197777639812,-0.4304191199120779,0.8079877297945318,0.0,0.0742521778978467,0.3359799314884139
MIMIC,0.55,outcome_MNAR,weak,reference_20pct_recalibration,full_heldout,calibration_slope,300,1.0586340318372751,0.2534543719435181,0.6684709743199221,1.6783850401395928,1.0,0.0586340318372751,0.2597362853958867
MIMIC,0.55,outcome_MNAR,weak,reference_30pct_recalibration,full_heldout,oe,300,1.0055800548784923,0.0764148452546341,0.8675036946423358,1.1612889940287745,1.0,0.0055800548784923,0.0764911857176086
MIMIC,0.55,outcome_MNAR,weak,reference_30pct_recalibration,full_heldout,calibration_intercept,300,0.046203704146352,0.2786477670735908,-0.3756451572650314,0.6244716443057089,0.0,0.046203704146352,0.2819938742448579
MIMIC,0.55,outcome_MNAR,weak,reference_30pct_recalibration,full_heldout,calibration_slope,300,1.035813498448816,0.217436712678561,0.6960177177671548,1.5083752313995515,1.0,0.0358134984488158,0.220008488347308
MIMIC,0.55,risk_MAR,strong,reference_05pct_recalibration,full_heldout,oe,300,1.029949407331613,0.167265746378217,0.7401732730332976,1.4222363096604531,1.0,0.0299494073316131,0.1696512230369669
MIMIC,0.55,risk_MAR,strong,reference_05pct_recalibration,full_heldout,calibration_intercept,300,0.7347279510629547,11.0718584223693,-0.6798893801886168,3.223782291513025,0.0,0.7347279510629547,11.077781994784871
MIMIC,0.55,risk_MAR,strong,reference_05pct_recalibration,full_heldout,calibration_slope,300,1.5581959099788976,8.392847278475045,0.4926527989610378,3.430362041788072,1.0,0.5581959099788976,8.39742034767764
MIMIC,0.55,risk_MAR,strong,reference_10pct_recalibration,full_heldout,oe,300,1.0196748707248997,0.1170180893982824,0.7966575611516936,1.2429559600563072,1.0,0.0196748707248997,0.1184680955938961
MIMIC,0.55,risk_MAR,strong,reference_10pct_recalibration,full_heldout,calibration_intercept,300,0.1031826030718678,0.481281379904011,-0.5118723368591185,1.4827070878418322,0.0,0.1031826030718678,0.4914329153914987
MIMIC,0.55,risk_MAR,strong,reference_10pct_recalibration,full_heldout,calibration_slope,300,1.0685158713474092,0.3656967092739998,0.6353447380966856,2.0781323126102245,1.0,0.0685158713474092,0.3714602637202005
MIMIC,0.55,risk_MAR,strong,reference_20pct_recalibration,full_heldout,oe,300,1.0038685127243436,0.0860363465444313,0.8563286505071219,1.170261240115171,1.0,0.0038685127243436,0.0859799054488286
MIMIC,0.55,risk_MAR,strong,reference_20pct_recalibration,full_heldout,calibration_intercept,300,0.0457566938585354,0.318596894550973,-0.442162617939099,0.7539999628572922,0.0,0.0457566938585354,0.3213398662574084
MIMIC,0.55,risk_MAR,strong,reference_20pct_recalibration,full_heldout,calibration_slope,300,1.03851288764739,0.2576720367161951,0.6657166310686854,1.6127895732306743,1.0,0.0385128876473901,0.2601092169814976
MIMIC,0.55,risk_MAR,strong,reference_30pct_recalibration,full_heldout,oe,300,0.9990434305345424,0.0731567610712868,0.8606072149604115,1.1406260547380842,1.0,-0.0009565694654577,0.0730409954063387
MIMIC,0.55,risk_MAR,strong,reference_30pct_recalibration,full_heldout,calibration_intercept,300,0.0299030840791259,0.2628751915742018,-0.3860828670651497,0.6001093412327777,0.0,0.0299030840791259,0.2641348447822298
MIMIC,0.55,risk_MAR,strong,reference_30pct_recalibration,full_heldout,calibration_slope,300,1.0310250924041215,0.2222215492644983,0.6846695709435238,1.5258590486693993,1.0,0.0310250924041215,0.2240097436712811
MIMIC,0.55,risk_MAR,weak,reference_05pct_recalibration,full_heldout,oe,300,1.007155006022064,0.1667826437019153,0.7324905147443355,1.3761325588377222,1.0,0.0071550060220639,0.166658101664981
MIMIC,0.55,risk_MAR,weak,reference_05pct_recalibration,full_heldout,calibration_intercept,300,0.3556966165766212,3.3687001974187694,-0.601940683257513,4.341489419566243,0.0,0.3556966165766212,3.3818388439426976
MIMIC,0.55,risk_MAR,weak,reference_05pct_recalibration,full_heldout,calibration_slope,300,1.289382955958892,2.3365246452998414,0.5033397783892589,4.440781641383038,1.0,0.2893829559588921,2.350508899912118
MIMIC,0.55,risk_MAR,weak,reference_10pct_recalibration,full_heldout,oe,300,1.0022415994789324,0.1183043577863246,0.7938683359610932,1.2587557292667917,1.0,0.0022415994789324,0.1181282894535479
MIMIC,0.55,risk_MAR,weak,reference_10pct_recalibration,full_heldout,calibration_intercept,300,0.1001017491455369,0.6443681029684671,-0.539002863000038,1.7252443431994904,0.0,0.1001017491455369,0.651035005304195
MIMIC,0.55,risk_MAR,weak,reference_10pct_recalibration,full_heldout,calibration_slope,300,1.0871950109303932,0.4846296537708637,0.5863342980971434,2.302566179170649,1.0,0.0871950109303931,0.4916156882235402
MIMIC,0.55,risk_MAR,weak,reference_20pct_recalibration,full_heldout,oe,300,0.9997413819873516,0.0795261287005517,0.8639470915467125,1.1755484942632413,1.0,-0.0002586180126483,0.0793938957281112
MIMIC,0.55,risk_MAR,weak,reference_20pct_recalibration,full_heldout,calibration_intercept,300,0.0358497747507196,0.3261230269692363,-0.4400333893531342,0.7840189741407197,0.0,0.0358497747507196,0.3275468123900094
MIMIC,0.55,risk_MAR,weak,reference_20pct_recalibration,full_heldout,calibration_slope,300,1.033234135121409,0.258698980946468,0.6609364279849486,1.6201511793377263,1.0,0.0332341351214089,0.2603969788691873
MIMIC,0.55,risk_MAR,weak,reference_30pct_recalibration,full_heldout,oe,300,0.9979515053944328,0.0688101568167383,0.8753679721137351,1.128678594776761,1.0,-0.0020484946055671,0.06872591373727
MIMIC,0.55,risk_MAR,weak,reference_30pct_recalibration,full_heldout,calibration_intercept,300,0.0327091272434891,0.2789650266758222,-0.378441556330635,0.6417050760141491,0.0,0.0327091272434891,0.2804139229060832
MIMIC,0.55,risk_MAR,weak,reference_30pct_recalibration,full_heldout,calibration_slope,300,1.0316744501617177,0.2119319424627338,0.698614757190782,1.4919530833277483,1.0,0.0316744501617176,0.2139362098109806
MIMIC,0.55,stratum_MAR,strong,reference_05pct_recalibration,full_heldout,oe,300,1.0092569659098862,0.1580960815405564,0.7507963475721042,1.341823071492288,1.0,0.0092569659098862,0.1581035984610727
MIMIC,0.55,stratum_MAR,strong,reference_05pct_recalibration,full_heldout,calibration_intercept,300,0.3177561575793762,1.4452517320560987,-0.6289075800638453,3.515777681605726,0.0,0.3177561575793762,1.47741633811441
MIMIC,0.55,stratum_MAR,strong,reference_05pct_recalibration,full_heldout,calibration_slope,300,1.2580687131220163,1.1284824878227273,0.4716885733825554,3.5332597953977927,1.0,0.2580687131220165,1.155779943125255
MIMIC,0.55,stratum_MAR,strong,reference_10pct_recalibration,full_heldout,oe,300,1.0022334923862364,0.1144529083932822,0.8042006360033904,1.2582199947700494,1.0,0.0022334923862363,0.1142838214000046
MIMIC,0.55,stratum_MAR,strong,reference_10pct_recalibration,full_heldout,calibration_intercept,300,0.0914730665577475,0.4324834289750299,-0.5194655766515,1.051491436964171,0.0,0.0914730665577475,0.4413454034982327
MIMIC,0.55,stratum_MAR,strong,reference_10pct_recalibration,full_heldout,calibration_slope,300,1.0813083018204055,0.3366610355879995,0.6203207016349402,1.871097371765582,1.0,0.0813083018204054,0.3457945786906226
MIMIC,0.55,stratum_MAR,strong,reference_20pct_recalibration,full_heldout,oe,300,0.9979916725461704,0.081837339209637,0.8566851848173199,1.17326115346246,1.0,-0.0020083274538297,0.0817255098961066
MIMIC,0.55,stratum_MAR,strong,reference_20pct_recalibration,full_heldout,calibration_intercept,300,0.0409286045317567,0.2863476818567563,-0.4079335783406046,0.6861929660224895,0.0,0.0409286045317567,0.2887850912425581
MIMIC,0.55,stratum_MAR,strong,reference_20pct_recalibration,full_heldout,calibration_slope,300,1.041445517962717,0.2295008714005454,0.6733636790746017,1.545903756748198,1.0,0.0414455179627168,0.2328364492504604
MIMIC,0.55,stratum_MAR,strong,reference_30pct_recalibration,full_heldout,oe,300,0.9962070526363628,0.073660712223809,0.8706315340502598,1.1465256066821006,1.0,-0.0037929473636372,0.0736355935668189
MIMIC,0.55,stratum_MAR,strong,reference_30pct_recalibration,full_heldout,calibration_intercept,300,0.0292204748533994,0.2459925726205621,-0.3680597209343251,0.588760070874828,0.0,0.0292204748533994,0.2473145246762896
MIMIC,0.55,stratum_MAR,strong,reference_30pct_recalibration,full_heldout,calibration_slope,300,1.0334423228622518,0.2001741237646606,0.6997268648582848,1.5336660620798974,1.0,0.0334423228622517,0.2026191086347885
MIMIC,0.55,stratum_MAR,weak,reference_05pct_recalibration,full_heldout,oe,300,1.0294227848845898,0.1624267643611229,0.7744780867032311,1.3816777427783349,1.0,0.0294227848845898,0.1648035574209059
MIMIC,0.55,stratum_MAR,weak,reference_05pct_recalibration,full_heldout,calibration_intercept,300,0.2485580638955288,1.860011201848939,-0.6395143210889338,2.3862680659753948,0.0,0.2485580638955288,1.8734702141287656
MIMIC,0.55,stratum_MAR,weak,reference_05pct_recalibration,full_heldout,calibration_slope,300,1.1760851834466326,1.5293170993902672,0.5318785641504229,2.7697547944986005,1.0,0.1760851834466326,1.536886705762205
MIMIC,0.55,stratum_MAR,weak,reference_10pct_recalibration,full_heldout,oe,300,1.0176818097918172,0.1174723034777897,0.8179371184871002,1.2540165789690647,1.0,0.0176818097918172,0.1186018100267052
MIMIC,0.55,stratum_MAR,weak,reference_10pct_recalibration,full_heldout,calibration_intercept,300,0.0500029880041067,0.5361948115273248,-0.5174772767814589,1.1080050718615202,0.0,0.0500029880041067,0.5376307516612118
MIMIC,0.55,stratum_MAR,weak,reference_10pct_recalibration,full_heldout,calibration_slope,300,1.0225969074391996,0.3914599896019594,0.5958680875884699,1.7967434461151417,1.0,0.0225969074391996,0.3914597560500755
MIMIC,0.55,stratum_MAR,weak,reference_20pct_recalibration,full_heldout,oe,300,1.0087604763893812,0.0864129522237827,0.857215977553014,1.1882949956505964,1.0,0.0087604763893811,0.0867124765968459
MIMIC,0.55,stratum_MAR,weak,reference_20pct_recalibration,full_heldout,calibration_intercept,300,0.0177599404489585,0.3053904343110984,-0.4008689259527452,0.8026159111731416,0.0,0.0177599404489585,0.3053978636613384
MIMIC,0.55,stratum_MAR,weak,reference_20pct_recalibration,full_heldout,calibration_slope,300,1.0059654233962796,0.2270270078573664,0.6891589797870847,1.5877457066121712,1.0,0.0059654233962795,0.2267268055729407
MIMIC,0.55,stratum_MAR,weak,reference_30pct_recalibration,full_heldout,oe,300,1.0051607267974911,0.0761725392452272,0.8688714468311439,1.1681298724142168,1.0,0.0051607267974911,0.0762203908655276
MIMIC,0.55,stratum_MAR,weak,reference_30pct_recalibration,full_heldout,calibration_intercept,300,0.0024003955166174,0.2470453296666968,-0.3548950939066878,0.5451809094212604,0.0,0.0024003955166174,0.2466449245894376
MIMIC,0.55,stratum_MAR,weak,reference_30pct_recalibration,full_heldout,calibration_slope,300,0.998619892621048,0.1913604295997468,0.7079536899983129,1.439737412453233,1.0,-0.0013801073789518,0.191046214303211
MIMIC,0.75,MCAR,strong,reference_05pct_recalibration,full_heldout,oe,300,1.0123804323917684,0.165365188943845,0.771987562115965,1.3681107622615476,1.0,0.0123804323917684,0.1655529180300343
MIMIC,0.75,MCAR,strong,reference_05pct_recalibration,full_heldout,calibration_intercept,300,0.2892265948348403,1.700900438345277,-0.5776311814962505,2.763257310256659,0.0,0.2892265948348403,1.7225187323564977
MIMIC,0.75,MCAR,strong,reference_05pct_recalibration,full_heldout,calibration_slope,300,1.219751178767883,1.1647260929401742,0.5501742173845569,3.1152166688861085,1.0,0.2197511787678829,1.1833661715238322
MIMIC,0.75,MCAR,strong,reference_10pct_recalibration,full_heldout,oe,300,1.0140798331317786,0.1158913378284389,0.8162777979701166,1.2639756378815084,1.0,0.0140798331317786,0.116551596059736
MIMIC,0.75,MCAR,strong,reference_10pct_recalibration,full_heldout,calibration_intercept,300,0.1486172151798467,0.8677295042038499,-0.4867287351126245,1.4044011070204818,0.0,0.1486172151798467,0.8789378367128431
MIMIC,0.75,MCAR,strong,reference_10pct_recalibration,full_heldout,calibration_slope,300,1.109930538593654,0.6275434307418684,0.6112635922916757,2.236017621683387,1.0,0.1099305385936539,0.6360682182422527
MIMIC,0.75,MCAR,strong,reference_20pct_recalibration,full_heldout,oe,300,1.0106452288690293,0.0861743599968135,0.8522127874649147,1.1872520680908818,1.0,0.0106452288690293,0.0866867222673974
MIMIC,0.75,MCAR,strong,reference_20pct_recalibration,full_heldout,calibration_intercept,300,0.0521165128226212,0.3211910123590846,-0.4105914882603533,0.866134857480237,0.0,0.0521165128226212,0.3248629225396098
MIMIC,0.75,MCAR,strong,reference_20pct_recalibration,full_heldout,calibration_slope,300,1.0348627296571795,0.2502613917022558,0.6812784506618881,1.6673819497158957,1.0,0.0348627296571797,0.2522645533601124
MIMIC,0.75,MCAR,strong,reference_30pct_recalibration,full_heldout,oe,300,1.0112381096608407,0.0739199168424287,0.8803918284514078,1.1770352707461984,1.0,0.0112381096608407,0.0746474069725176
MIMIC,0.75,MCAR,strong,reference_30pct_recalibration,full_heldout,calibration_intercept,300,0.0263779491849947,0.2639586150432101,-0.3849291091852604,0.5878655190286011,0.0,0.0263779491849947,0.2648352308333441
MIMIC,0.75,MCAR,strong,reference_30pct_recalibration,full_heldout,calibration_slope,300,1.0123806062768326,0.2151641626680869,0.6973751018332565,1.499126207656867,1.0,0.0123806062768325,0.2151617474958131
MIMIC,0.75,MCAR,weak,reference_05pct_recalibration,full_heldout,oe,300,1.0193882259517606,0.1861095416237173,0.757233121936169,1.4257579973776695,1.0,0.0193882259517605,0.1868079466118489
MIMIC,0.75,MCAR,weak,reference_05pct_recalibration,full_heldout,calibration_intercept,300,0.2609618997509204,1.2140719940938782,-0.6439000377305039,2.2797877766870704,0.0,0.2609618997509204,1.2398220372061006
MIMIC,0.75,MCAR,weak,reference_05pct_recalibration,full_heldout,calibration_slope,300,1.2087362428612165,0.9728448313764348,0.5050407439002164,2.508958152562546,1.0,0.2087362428612162,0.9933997826319512
MIMIC,0.75,MCAR,weak,reference_10pct_recalibration,full_heldout,oe,300,1.0030836664251106,0.1184744423080829,0.8223169234774551,1.2894779712373354,1.0,0.0030836664251105,0.1183170113180345
MIMIC,0.75,MCAR,weak,reference_10pct_recalibration,full_heldout,calibration_intercept,300,0.1045128160187652,0.490570125817498,-0.5147328989070306,1.3070717808662904,0.0,0.1045128160187652,0.5007791731182046
MIMIC,0.75,MCAR,weak,reference_10pct_recalibration,full_heldout,calibration_slope,300,1.089951912168622,0.3803940370344075,0.6314397355020769,2.0399009547735054,1.0,0.089951912168622,0.3902673927400135
MIMIC,0.75,MCAR,weak,reference_20pct_recalibration,full_heldout,oe,300,1.0032161911660626,0.085654658830114,0.852177055581872,1.1925958669070722,1.0,0.0032161911660626,0.0855722427522823
MIMIC,0.75,MCAR,weak,reference_20pct_recalibration,full_heldout,calibration_intercept,300,0.0583170545955576,0.3494474071455895,-0.4133806335627182,0.85237749520124,0.0,0.0583170545955576,0.3537051374373962
MIMIC,0.75,MCAR,weak,reference_20pct_recalibration,full_heldout,calibration_slope,300,1.0482766534706147,0.2712065110340504,0.6707318901361554,1.6116647431440554,1.0,0.0482766534706147,0.2750244176895816
MIMIC,0.75,MCAR,weak,reference_30pct_recalibration,full_heldout,oe,300,1.00550010736576,0.0718449683393872,0.8704482903146595,1.148394183979042,1.0,0.0055001073657601,0.071935700398366
MIMIC,0.75,MCAR,weak,reference_30pct_recalibration,full_heldout,calibration_intercept,300,0.0360969800752373,0.2554559151800744,-0.354876766877388,0.5967487766708982,0.0,0.0360969800752373,0.2575717197643661
MIMIC,0.75,MCAR,weak,reference_30pct_recalibration,full_heldout,calibration_slope,300,1.0270542122331583,0.1994646957266797,0.715183490602183,1.492871724012146,1.0,0.0270542122331585,0.2009613761184537
MIMIC,0.75,history_MAR,strong,reference_05pct_recalibration,full_heldout,oe,300,1.012049996775075,0.1661625476720566,0.7711368037240575,1.369484306372371,1.0,0.0120499967750749,0.1663224619937174
MIMIC,0.75,history_MAR,strong,reference_05pct_recalibration,full_heldout,calibration_intercept,300,0.2830723267934582,2.704253280165865,-0.6066012537086823,3.021109073004038,0.0,0.2830723267934582,2.714542157738541
MIMIC,0.75,history_MAR,strong,reference_05pct_recalibration,full_heldout,calibration_slope,300,1.2469048941208278,2.0605525730053214,0.5213561930346746,3.102774146357652,1.0,0.2469048941208278,2.0718798251441304
MIMIC,0.75,history_MAR,strong,reference_10pct_recalibration,full_heldout,oe,300,1.0002306078149474,0.1148989589720481,0.827012942350495,1.2596797005764957,1.0,0.0002306078149474,0.114707532665682
MIMIC,0.75,history_MAR,strong,reference_10pct_recalibration,full_heldout,calibration_intercept,300,0.0937632851462947,0.4579776218308776,-0.4876212997442516,1.3280363557542618,0.0,0.0937632851462947,0.4667289478190728
MIMIC,0.75,history_MAR,strong,reference_10pct_recalibration,full_heldout,calibration_slope,300,1.0833505672565191,0.3480525787662537,0.6187285675405816,2.0206681033274965,1.0,0.0833505672565191,0.3573291377090175
MIMIC,0.75,history_MAR,strong,reference_20pct_recalibration,full_heldout,oe,300,1.0048746542584948,0.0877532643548456,0.8513574640139366,1.1770885659463748,1.0,0.0048746542584947,0.0877424006646055
MIMIC,0.75,history_MAR,strong,reference_20pct_recalibration,full_heldout,calibration_intercept,300,0.0498628640008159,0.327982172011704,-0.4044079666652196,0.8999614633893231,0.0,0.0498628640008159,0.3312099575999396
MIMIC,0.75,history_MAR,strong,reference_20pct_recalibration,full_heldout,calibration_slope,300,1.0393781116615584,0.2507289774917848,0.6953053349077761,1.6598071581361231,1.0,0.0393781116615583,0.2533892376659393
MIMIC,0.75,history_MAR,strong,reference_30pct_recalibration,full_heldout,oe,300,1.0030206911316164,0.0751109650443698,0.8625173805541047,1.164836234451899,1.0,0.0030206911316164,0.0750464930642521
MIMIC,0.75,history_MAR,strong,reference_30pct_recalibration,full_heldout,calibration_intercept,300,0.0303938470307891,0.276570655090861,-0.3977874068707806,0.6572794134676012,0.0,0.0303938470307891,0.2777771446751174
MIMIC,0.75,history_MAR,strong,reference_30pct_recalibration,full_heldout,calibration_slope,300,1.0245069445390715,0.2145201160117529,0.7027632112248333,1.549161516835587,1.0,0.0245069445390715,0.2155599086961474
MIMIC,0.75,history_MAR,weak,reference_05pct_recalibration,full_heldout,oe,300,1.0070805358259114,0.1479207478161776,0.7672383609171719,1.3354001355831722,1.0,0.0070805358259113,0.1478436554719125
MIMIC,0.75,history_MAR,weak,reference_05pct_recalibration,full_heldout,calibration_intercept,300,0.2287798743708389,1.2528572686543709,-0.6143818838478823,1.742642905117374,0.0,0.2287798743708389,1.271518539156427
MIMIC,0.75,history_MAR,weak,reference_05pct_recalibration,full_heldout,calibration_slope,300,1.1990052123132986,1.0547868080821876,0.5588146567554795,2.591544879683108,1.0,0.1990052123132986,1.0716667863646128
MIMIC,0.75,history_MAR,weak,reference_10pct_recalibration,full_heldout,oe,300,1.0062485380404842,0.1103558168760958,0.8105260278138117,1.2232818948490458,1.0,0.0062485380404841,0.1103487918298419
MIMIC,0.75,history_MAR,weak,reference_10pct_recalibration,full_heldout,calibration_intercept,300,0.0861609606109432,0.4917049695921792,-0.517271013571512,1.101051192542852,0.0,0.0861609606109432,0.498388980280103
MIMIC,0.75,history_MAR,weak,reference_10pct_recalibration,full_heldout,calibration_slope,300,1.0708167815254523,0.3997901924922747,0.5850092558503868,1.993029625066028,1.0,0.0708167815254523,0.4053571765310897
MIMIC,0.75,history_MAR,weak,reference_20pct_recalibration,full_heldout,oe,300,1.002918158739347,0.0800210805111098,0.8732671011047596,1.1766542456327806,1.0,0.0029181587393469,0.079940880648387
MIMIC,0.75,history_MAR,weak,reference_20pct_recalibration,full_heldout,calibration_intercept,300,0.0358568789493604,0.3075929345096015,-0.3872797922168127,0.7052454768907721,0.0,0.0358568789493604,0.3091662191826316
MIMIC,0.75,history_MAR,weak,reference_20pct_recalibration,full_heldout,calibration_slope,300,1.028873090903622,0.2354473099418642,0.6849304059929466,1.4909197447016107,1.0,0.0288730909036218,0.2368212540109654
MIMIC,0.75,history_MAR,weak,reference_30pct_recalibration,full_heldout,oe,300,1.0000666059173509,0.070114184483811,0.8785021428557829,1.137140185559047,1.0,6.66059173508593e-05,0.0699972616556677
MIMIC,0.75,history_MAR,weak,reference_30pct_recalibration,full_heldout,calibration_intercept,300,0.0179915478321685,0.2809298421945706,-0.3770785693652532,0.6581842614404151,0.0,0.0179915478321685,0.281037720080559
MIMIC,0.75,history_MAR,weak,reference_30pct_recalibration,full_heldout,calibration_slope,300,1.016767361971777,0.2205446136080202,0.7002361785944379,1.5266435309596365,1.0,0.0167673619717769,0.2208142611571207
MIMIC,0.75,mixed_MNAR,strong,reference_05pct_recalibration,full_heldout,oe,300,1.025173999600823,0.1566575045345333,0.7571870080129466,1.3660420560510975,1.0,0.0251739996008228,0.1584092760451008
MIMIC,0.75,mixed_MNAR,strong,reference_05pct_recalibration,full_heldout,calibration_intercept,300,0.3547152308517847,2.7399905284956896,-0.6939502776440969,3.2049017679436878,0.0,0.3547152308517847,2.7583230106214
MIMIC,0.75,mixed_MNAR,strong,reference_05pct_recalibration,full_heldout,calibration_slope,300,1.2522233222670165,1.9695759057063744,0.4990567836095753,3.162761424797712,1.0,0.2522233222670165,1.9824013439446029
MIMIC,0.75,mixed_MNAR,strong,reference_10pct_recalibration,full_heldout,oe,300,1.00482603066222,0.1127412479939102,0.8103235680134979,1.2561643966398452,1.0,0.00482603066222,0.1126566062917734
MIMIC,0.75,mixed_MNAR,strong,reference_10pct_recalibration,full_heldout,calibration_intercept,300,0.1209710054321771,0.5802404742657775,-0.5265591662106129,1.5481099872516917,0.0,0.1209710054321771,0.5917691515882909
MIMIC,0.75,mixed_MNAR,strong,reference_10pct_recalibration,full_heldout,calibration_slope,300,1.1003500931340229,0.4539480962168552,0.5877061843109025,2.3730945394065306,1.0,0.1003500931340226,0.4641682011987155
MIMIC,0.75,mixed_MNAR,strong,reference_20pct_recalibration,full_heldout,oe,300,0.9999962284503344,0.0826497933350618,0.8509771275860494,1.174052617256764,1.0,-3.771549665576579e-06,0.0825119287826024
MIMIC,0.75,mixed_MNAR,strong,reference_20pct_recalibration,full_heldout,calibration_intercept,300,0.0546302805431275,0.2991493889318786,-0.3834901487837865,0.7349827105668433,0.0,0.0546302805431275,0.3036058682912373
MIMIC,0.75,mixed_MNAR,strong,reference_20pct_recalibration,full_heldout,calibration_slope,300,1.0501852540422147,0.2342647344949235,0.7027720732712841,1.6025457575562312,1.0,0.0501852540422147,0.2391978100481525
MIMIC,0.75,mixed_MNAR,strong,reference_30pct_recalibration,full_heldout,oe,300,1.0007809884466323,0.074382872979844,0.8639160922797513,1.1592194938594855,1.0,0.0007809884466323,0.0742629048025566
MIMIC,0.75,mixed_MNAR,strong,reference_30pct_recalibration,full_heldout,calibration_intercept,300,0.0440511944754155,0.2777407012149161,-0.3520676427601173,0.6385886263984247,0.0,0.0440511944754155,0.2807548251690307
MIMIC,0.75,mixed_MNAR,strong,reference_30pct_recalibration,full_heldout,calibration_slope,300,1.0400250627975536,0.222035594541228,0.7209173060224083,1.582536871463191,1.0,0.0400250627975535,0.2252498128991019
MIMIC,0.75,mixed_MNAR,weak,reference_05pct_recalibration,full_heldout,oe,300,1.0229669155833478,0.1553740280196643,0.7823758864450302,1.4211137426292009,1.0,0.0229669155833478,0.1568059230360613
MIMIC,0.75,mixed_MNAR,weak,reference_05pct_recalibration,full_heldout,calibration_intercept,300,0.3201639205902263,3.030046023829287,-0.5711424519469342,2.807764531055136,0.0,0.3201639205902263,3.041887557567334
MIMIC,0.75,mixed_MNAR,weak,reference_05pct_recalibration,full_heldout,calibration_slope,300,1.2831442211891864,3.261465229799283,0.5413902500213124,3.317410986009701,1.0,0.2831442211891863,3.2683128538077906
MIMIC,0.75,mixed_MNAR,weak,reference_10pct_recalibration,full_heldout,oe,300,1.0122568778689145,0.114909896578638,0.8246773739407063,1.3047378426035554,1.0,0.0122568778689144,0.1153711450307271
MIMIC,0.75,mixed_MNAR,weak,reference_10pct_recalibration,full_heldout,calibration_intercept,300,0.0983428879770524,0.5168865458014584,-0.475560947762238,1.503560397461346,0.0,0.0983428879770524,0.5253117669620537
MIMIC,0.75,mixed_MNAR,weak,reference_10pct_recalibration,full_heldout,calibration_slope,300,1.0717231092800714,0.402207043027001,0.628993900127862,2.232286170468503,1.0,0.0717231092800714,0.4078914988659646
MIMIC,0.75,mixed_MNAR,weak,reference_20pct_recalibration,full_heldout,oe,300,1.0071046402630357,0.0837548071267274,0.860387471906304,1.1959029245806254,1.0,0.0071046402630354,0.0839163913530188
MIMIC,0.75,mixed_MNAR,weak,reference_20pct_recalibration,full_heldout,calibration_intercept,300,0.0397434704119762,0.2933836129990884,-0.3880262839407503,0.771703793370676,0.0,0.0397434704119762,0.2955783731413128
MIMIC,0.75,mixed_MNAR,weak,reference_20pct_recalibration,full_heldout,calibration_slope,300,1.0290543844033524,0.2284383914825545,0.6989107716240116,1.522109437535903,1.0,0.0290543844033523,0.2299006501959433
MIMIC,0.75,mixed_MNAR,weak,reference_30pct_recalibration,full_heldout,oe,300,1.0011445499247005,0.0724402635104802,0.86997724207546,1.144231886431091,1.0,0.0011445499247004,0.0723284853941127
MIMIC,0.75,mixed_MNAR,weak,reference_30pct_recalibration,full_heldout,calibration_intercept,300,0.0342732325498736,0.25371341217659,-0.3826596702109941,0.5619896281007082,0.0,0.0342732325498736,0.2555984774393455
MIMIC,0.75,mixed_MNAR,weak,reference_30pct_recalibration,full_heldout,calibration_slope,300,1.030720936792927,0.2002068830863421,0.7104279426327762,1.4547253168387129,1.0,0.0307209367929273,0.2022200847405275
MIMIC,0.75,outcome_MNAR,strong,reference_05pct_recalibration,full_heldout,oe,300,1.0217125900899595,0.1734354480384937,0.7683454891158539,1.4142785868973573,1.0,0.0217125900899597,0.1745022206810178
MIMIC,0.75,outcome_MNAR,strong,reference_05pct_recalibration,full_heldout,calibration_intercept,300,0.3522840287865827,1.7147910409950555,-0.6180110872245637,3.2487320246041618,0.0,0.3522840287865827,1.7478016640437464
MIMIC,0.75,outcome_MNAR,strong,reference_05pct_recalibration,full_heldout,calibration_slope,300,1.277226602717192,1.2467061496730756,0.510349697782018,3.783309242356317,1.0,0.2772266027171921,1.2751274023176429
MIMIC,0.75,outcome_MNAR,strong,reference_10pct_recalibration,full_heldout,oe,300,1.0162564892532782,0.1236323709973277,0.820022179848666,1.3011133959708288,1.0,0.0162564892532781,0.1244921151080183
MIMIC,0.75,outcome_MNAR,strong,reference_10pct_recalibration,full_heldout,calibration_intercept,300,0.1082843961020908,0.421790158396459,-0.4627825820755393,1.057955390687675,0.0,0.1082843961020908,0.4347866431177145
MIMIC,0.75,outcome_MNAR,strong,reference_10pct_recalibration,full_heldout,calibration_slope,300,1.0849155446734868,0.3451573078045838,0.6280475213682045,1.883356651732392,1.0,0.0849155446734868,0.3548902717286948
MIMIC,0.75,outcome_MNAR,strong,reference_20pct_recalibration,full_heldout,oe,300,1.0076558082589129,0.0878633007397674,0.860770900303943,1.179941898513203,1.0,0.0076558082589128,0.0880502005577562
MIMIC,0.75,outcome_MNAR,strong,reference_20pct_recalibration,full_heldout,calibration_intercept,300,0.0702216112992259,0.310038837316767,-0.3843848402380718,0.7811672898341006,0.0,0.0702216112992259,0.3173873685830033
MIMIC,0.75,outcome_MNAR,strong,reference_20pct_recalibration,full_heldout,calibration_slope,300,1.0558634570810022,0.2433991058584111,0.6856875650535348,1.5898978391539158,1.0,0.0558634570810021,0.2493318541367564
MIMIC,0.75,outcome_MNAR,strong,reference_30pct_recalibration,full_heldout,oe,300,1.0082521958332165,0.0732716059452561,0.8808895298048294,1.164859536721072,1.0,0.0082521958332164,0.0736133901751168
MIMIC,0.75,outcome_MNAR,strong,reference_30pct_recalibration,full_heldout,calibration_intercept,300,0.0586214628673343,0.2666675313433837,-0.3963245681885083,0.6140835212782637,0.0,0.0586214628673343,0.2726004578265382
MIMIC,0.75,outcome_MNAR,strong,reference_30pct_recalibration,full_heldout,calibration_slope,300,1.043090178467528,0.2073368505757033,0.6782120847845438,1.5632464499413858,1.0,0.0430901784675279,0.2114285644254171
MIMIC,0.75,outcome_MNAR,weak,reference_05pct_recalibration,full_heldout,oe,300,1.0257017210794614,0.1543886803223397,0.7662866047921397,1.3550300560670094,1.0,0.0257017210794614,0.1562593683466086
MIMIC,0.75,outcome_MNAR,weak,reference_05pct_recalibration,full_heldout,calibration_intercept,300,0.2983468383521932,5.546677687930577,-0.5967980609432365,2.5648721314828,0.0,0.2983468383521932,5.545456888164912
MIMIC,0.75,outcome_MNAR,weak,reference_05pct_recalibration,full_heldout,calibration_slope,300,1.1628668172708494,3.876757587505416,0.5093632506357987,2.881997969366544,1.0,0.1628668172708494,3.873716238249064
MIMIC,0.75,outcome_MNAR,weak,reference_10pct_recalibration,full_heldout,oe,300,1.0187951314195611,0.1136684555006033,0.8236640444759591,1.263317171596382,1.0,0.0187951314195611,0.115024807534657
MIMIC,0.75,outcome_MNAR,weak,reference_10pct_recalibration,full_heldout,calibration_intercept,300,0.0963970440875842,0.5011893062122592,-0.4643582207860708,1.3515313099575337,0.0,0.0963970440875842,0.5095545195247947
MIMIC,0.75,outcome_MNAR,weak,reference_10pct_recalibration,full_heldout,calibration_slope,300,1.0621157642328602,0.3702926052997239,0.6320110788151998,1.9904093172209305,1.0,0.0621157642328602,0.3748572079171267
MIMIC,0.75,outcome_MNAR,weak,reference_20pct_recalibration,full_heldout,oe,300,1.0079444617481357,0.0841040462849581,0.862233010757464,1.1819925445888408,1.0,0.0079444617481354,0.0843387619779005
MIMIC,0.75,outcome_MNAR,weak,reference_20pct_recalibration,full_heldout,calibration_intercept,300,0.0525976112153345,0.3034784187292351,-0.3843004944598693,0.7037441996828493,0.0,0.0525976112153345,0.3075039222045389
MIMIC,0.75,outcome_MNAR,weak,reference_20pct_recalibration,full_heldout,calibration_slope,300,1.0390859287542986,0.2394979101797779,0.692690968320293,1.5828675869730284,1.0,0.0390859287542986,0.242272081161791
MIMIC,0.75,outcome_MNAR,weak,reference_30pct_recalibration,full_heldout,oe,300,1.0066293007901568,0.0765043854614199,0.8622040896069892,1.1896414457194473,1.0,0.0066293007901567,0.0766639347225699
MIMIC,0.75,outcome_MNAR,weak,reference_30pct_recalibration,full_heldout,calibration_intercept,300,0.040213587077953,0.2720609563697013,-0.4124417589709729,0.7235430032507101,0.0,0.040213587077953,0.2745679746192856
MIMIC,0.75,outcome_MNAR,weak,reference_30pct_recalibration,full_heldout,calibration_slope,300,1.0289277145180131,0.2093618548152113,0.6850269092671284,1.561797073634407,1.0,0.0289277145180131,0.2110049548345467
MIMIC,0.75,risk_MAR,strong,reference_05pct_recalibration,full_heldout,oe,300,1.0254638694428806,0.164115099314364,0.7795275311371037,1.4160987935370788,1.0,0.0254638694428805,0.1658083087500676
MIMIC,0.75,risk_MAR,strong,reference_05pct_recalibration,full_heldout,calibration_intercept,300,0.3291505435646957,1.3227175531188708,-0.6110331512820669,3.393051941778068,0.0,0.3291505435646957,1.360915084262526
MIMIC,0.75,risk_MAR,strong,reference_05pct_recalibration,full_heldout,calibration_slope,300,1.236790090665977,0.9136662251300286,0.5157662665253264,3.1848761178600937,1.0,0.236790090665977,0.9423761977457904
MIMIC,0.75,risk_MAR,strong,reference_10pct_recalibration,full_heldout,oe,300,1.0168662475586785,0.1147459955402026,0.8166586615015461,1.2591321618528588,1.0,0.0168662475586782,0.1157895720157092
MIMIC,0.75,risk_MAR,strong,reference_10pct_recalibration,full_heldout,calibration_intercept,300,0.1033806429948771,0.456376531990605,-0.5015671182131111,1.2347118102351318,0.0,0.1033806429948771,0.4671967799203743
MIMIC,0.75,risk_MAR,strong,reference_10pct_recalibration,full_heldout,calibration_slope,300,1.0734714117824349,0.3623547515787571,0.599246361804327,1.951644678262104,1.0,0.0734714117824348,0.3691359430540026
MIMIC,0.75,risk_MAR,strong,reference_20pct_recalibration,full_heldout,oe,300,1.0109698186790392,0.0858497222082829,0.8640254535917958,1.1944662795200167,1.0,0.0109698186790392,0.0864056970097818
MIMIC,0.75,risk_MAR,strong,reference_20pct_recalibration,full_heldout,calibration_intercept,300,0.0783044193695491,0.347402614915074,-0.4428242445852714,0.9547849763407712,0.0,0.0783044193695491,0.3555528985769451
MIMIC,0.75,risk_MAR,strong,reference_20pct_recalibration,full_heldout,calibration_slope,300,1.0567097441176458,0.2763135039321905,0.6641033604317483,1.7218753840352918,1.0,0.0567097441176458,0.2816214664373485
MIMIC,0.75,risk_MAR,strong,reference_30pct_recalibration,full_heldout,oe,300,1.0038152615477929,0.0716117414468046,0.8848991497650107,1.1401078619355831,1.0,0.0038152615477926,0.071594019270783
MIMIC,0.75,risk_MAR,strong,reference_30pct_recalibration,full_heldout,calibration_intercept,300,0.0540745747857934,0.267123468033709,-0.3282397501979656,0.6041514838481844,0.0,0.0540745747857934,0.2721050477089792
MIMIC,0.75,risk_MAR,strong,reference_30pct_recalibration,full_heldout,calibration_slope,300,1.0449991429072478,0.214270660100023,0.7404644198675298,1.50449272642497,1.0,0.0449991429072478,0.2185950569496503
MIMIC,0.75,risk_MAR,weak,reference_05pct_recalibration,full_heldout,oe,300,1.0364123023319434,0.1687691717505003,0.7406144347958341,1.4239952531849929,1.0,0.0364123023319433,0.1723773350821337
MIMIC,0.75,risk_MAR,weak,reference_05pct_recalibration,full_heldout,calibration_intercept,300,0.2520018256418416,0.8683866330120498,-0.6318466516242622,2.3851539753201365,0.0,0.2520018256418416,0.9028214736994494
MIMIC,0.75,risk_MAR,weak,reference_05pct_recalibration,full_heldout,calibration_slope,300,1.1812519968698427,0.7227794503557352,0.5075779935854613,2.7662612700178126,1.0,0.1812519968698427,0.743989954981241
MIMIC,0.75,risk_MAR,weak,reference_10pct_recalibration,full_heldout,oe,300,1.0190598914361244,0.1213020795225783,0.8241333613281068,1.2870311996459616,1.0,0.0190598914361244,0.1225904834930935
MIMIC,0.75,risk_MAR,weak,reference_10pct_recalibration,full_heldout,calibration_intercept,300,0.1333571047551666,0.4947276059678868,-0.4804382307547102,1.315238276040352,0.0,0.1333571047551666,0.5115893569537728
MIMIC,0.75,risk_MAR,weak,reference_10pct_recalibration,full_heldout,calibration_slope,300,1.097899135846089,0.3886309514647275,0.6141875375548281,2.072172546190317,1.0,0.097899135846089,0.4001434874071247
MIMIC,0.75,risk_MAR,weak,reference_20pct_recalibration,full_heldout,oe,300,1.004133701597444,0.0878097254220656,0.8448437113830932,1.1807415749151955,1.0,0.0041337015974438,0.0877606605566123
MIMIC,0.75,risk_MAR,weak,reference_20pct_recalibration,full_heldout,calibration_intercept,300,0.0570617126706253,0.306323831452648,-0.420945473629581,0.831620009604162,0.0,0.0570617126706253,0.3110908995824466
MIMIC,0.75,risk_MAR,weak,reference_20pct_recalibration,full_heldout,calibration_slope,300,1.0487267125698363,0.2447990965936781,0.6810486101752484,1.586538793197181,1.0,0.0487267125698365,0.2492009929460571
MIMIC,0.75,risk_MAR,weak,reference_30pct_recalibration,full_heldout,oe,300,1.0099247580246662,0.0745527297218799,0.883356639620598,1.1696425652103386,1.0,0.0099247580246661,0.0750871713352902
MIMIC,0.75,risk_MAR,weak,reference_30pct_recalibration,full_heldout,calibration_intercept,300,0.0584319359158656,0.2796456339917005,-0.4003034030475316,0.6335714154492906,0.0,0.0584319359158656,0.2852285039697012
MIMIC,0.75,risk_MAR,weak,reference_30pct_recalibration,full_heldout,calibration_slope,300,1.0406064029935986,0.2184722525756484,0.6936413728381592,1.5579195052610044,1.0,0.0406064029935986,0.2218555942328362
MIMIC,0.75,stratum_MAR,strong,reference_05pct_recalibration,full_heldout,oe,300,1.032160344343378,0.1744612010002934,0.756927230681282,1.4517915454322343,1.0,0.032160344343378,0.1771144903743561
MIMIC,0.75,stratum_MAR,strong,reference_05pct_recalibration,full_heldout,calibration_intercept,300,0.4282489632235007,4.2481560636496,-0.6425042554727398,3.462661652354061,0.0,0.4282489632235007,4.262636627232156
MIMIC,0.75,stratum_MAR,strong,reference_05pct_recalibration,full_heldout,calibration_slope,300,1.361629587377117,4.062165571133172,0.5013407046684347,3.3280032800088124,1.0,0.3616295873771169,4.071481440705408
MIMIC,0.75,stratum_MAR,strong,reference_10pct_recalibration,full_heldout,oe,300,1.0153724955694283,0.1223869768764102,0.8113538213008273,1.264074857299751,1.0,0.0153724955694285,0.1231460805518494
MIMIC,0.75,stratum_MAR,strong,reference_10pct_recalibration,full_heldout,calibration_intercept,300,0.05277877030707,0.4329082168498377,-0.5254805913427891,1.054684762970559,0.0,0.05277877030707,0.4353968585063274
MIMIC,0.75,stratum_MAR,strong,reference_10pct_recalibration,full_heldout,calibration_slope,300,1.03190981479163,0.3261805303702694,0.5813492055084695,1.862049453835304,1.0,0.0319098147916301,0.3271961626884158
MIMIC,0.75,stratum_MAR,strong,reference_20pct_recalibration,full_heldout,oe,300,1.006507365040352,0.0920537424741252,0.8531825975051504,1.2026060915560484,1.0,0.0065073650403519,0.0921302935968909
MIMIC,0.75,stratum_MAR,strong,reference_20pct_recalibration,full_heldout,calibration_intercept,300,0.0119462206858647,0.2896029236067702,-0.4127519801713085,0.722771656982277,0.0,0.0119462206858647,0.289366548468188
MIMIC,0.75,stratum_MAR,strong,reference_20pct_recalibration,full_heldout,calibration_slope,300,1.0054335958843712,0.2172287741598658,0.6692909294652774,1.5278263803373833,1.0,0.0054335958843712,0.2169344827810675
MIMIC,0.75,stratum_MAR,strong,reference_30pct_recalibration,full_heldout,oe,300,1.0023123469959947,0.0751927500433974,0.8601301075847881,1.1635356039071174,1.0,0.0023123469959946,0.0751029300950043
MIMIC,0.75,stratum_MAR,strong,reference_30pct_recalibration,full_heldout,calibration_intercept,300,0.0105389638155053,0.2562443050985962,-0.3988623347563544,0.5847904078083441,0.0,0.0105389638155053,0.2560338711462127
MIMIC,0.75,stratum_MAR,strong,reference_30pct_recalibration,full_heldout,calibration_slope,300,1.007725247932677,0.1907732411273572,0.6874228684142625,1.4368286041068528,1.0,0.007725247932677,0.1906116319135779
MIMIC,0.75,stratum_MAR,weak,reference_05pct_recalibration,full_heldout,oe,300,1.0294593671813146,0.1811912286228651,0.7490780630111532,1.5238570363673365,1.0,0.0294593671813145,0.1832721512946089
MIMIC,0.75,stratum_MAR,weak,reference_05pct_recalibration,full_heldout,calibration_intercept,300,0.1944393695572653,0.7342065639206092,-0.6488942610940929,2.2755107074282,0.0,0.1944393695572653,0.7583330948048186
MIMIC,0.75,stratum_MAR,weak,reference_05pct_recalibration,full_heldout,calibration_slope,300,1.145999843902611,0.6024751985306773,0.5117901780295437,2.9266087589575207,1.0,0.1459998439026106,0.6189365056675985
MIMIC,0.75,stratum_MAR,weak,reference_10pct_recalibration,full_heldout,oe,300,1.0151799302811553,0.1221446897110869,0.8134594721213257,1.2712733619460297,1.0,0.0151799302811552,0.1228821566537485
MIMIC,0.75,stratum_MAR,weak,reference_10pct_recalibration,full_heldout,calibration_intercept,300,0.1005486854071066,0.5160683179216379,-0.4926421277356801,1.3391349040316334,0.0,0.1005486854071066,0.524927415811327
MIMIC,0.75,stratum_MAR,weak,reference_10pct_recalibration,full_heldout,calibration_slope,300,1.070232554294831,0.384190580286862,0.6176999762457539,1.9927933956311856,1.0,0.070232554294831,0.389926923483527
MIMIC,0.75,stratum_MAR,weak,reference_20pct_recalibration,full_heldout,oe,300,1.0052772820193123,0.0855756987770238,0.8590696684796773,1.1765338518882642,1.0,0.0052772820193123,0.085595789962377
MIMIC,0.75,stratum_MAR,weak,reference_20pct_recalibration,full_heldout,calibration_intercept,300,0.026038045482868,0.2961618158624707,-0.4544310039926096,0.7153596246868121,0.0,0.026038045482868,0.2968121093390127
MIMIC,0.75,stratum_MAR,weak,reference_20pct_recalibration,full_heldout,calibration_slope,300,1.018428640096234,0.2264704899790333,0.6689751276043673,1.5719089613408848,1.0,0.0184286400962341,0.2268425327498544
MIMIC,0.75,stratum_MAR,weak,reference_30pct_recalibration,full_heldout,oe,300,1.0051733745756564,0.0736017260713001,0.8747059522322519,1.15742275392699,1.0,0.0051733745756563,0.0736608478427029
MIMIC,0.75,stratum_MAR,weak,reference_30pct_recalibration,full_heldout,calibration_intercept,300,0.0178531349259559,0.2546192127960045,-0.3688959886728621,0.5804402516276588,0.0,0.0178531349259559,0.2548206718585808
MIMIC,0.75,stratum_MAR,weak,reference_30pct_recalibration,full_heldout,calibration_slope,300,1.0104067720002357,0.1887994637218147,0.6964948128218819,1.433578262284813,1.0,0.0104067720002356,0.1887716105423983
EICU,0.35,MCAR,strong,reference_05pct_recalibration,full_heldout,oe,300,1.03197741767026,0.1472285987677251,0.787509394901918,1.3242843978005152,1.0,0.0319774176702598,0.1504212795284707
EICU,0.35,MCAR,strong,reference_05pct_recalibration,full_heldout,calibration_intercept,300,0.3184618532716005,3.530898988896383,-0.8030979481437853,6.656390436340823,0.0,0.3184618532716005,3.539365498157269
EICU,0.35,MCAR,strong,reference_05pct_recalibration,full_heldout,calibration_slope,300,1.2758374787765154,2.7565637334592057,0.3538595810710411,6.232166173519862,1.0,0.2758374787765154,2.765755072175577
EICU,0.35,MCAR,strong,reference_10pct_recalibration,full_heldout,oe,300,1.016479974153966,0.1053272860320215,0.8354238337775393,1.252380417480944,1.0,0.016479974153966,0.1064351787413843
EICU,0.35,MCAR,strong,reference_10pct_recalibration,full_heldout,calibration_intercept,300,0.3091643970291366,1.3323481190965245,-0.5769893858621253,3.488301771812233,0.0,0.3091643970291366,1.3655830121779131
EICU,0.35,MCAR,strong,reference_10pct_recalibration,full_heldout,calibration_slope,300,1.2239649380713715,0.9579545540705016,0.5137198852734512,3.894022233787248,1.0,0.2239649380713715,0.9822312854198404
EICU,0.35,MCAR,strong,reference_20pct_recalibration,full_heldout,oe,300,1.0104233748658342,0.0723820014151412,0.8751381435578619,1.1712857920698714,1.0,0.0104233748658342,0.0730091571336021
EICU,0.35,MCAR,strong,reference_20pct_recalibration,full_heldout,calibration_intercept,300,0.0899730260502016,0.4661885374361597,-0.5104028919527018,1.4275584637557228,0.0,0.0899730260502016,0.4740279091769875
EICU,0.35,MCAR,strong,reference_20pct_recalibration,full_heldout,calibration_slope,300,1.0651559076431958,0.3781966369474991,0.593910267841894,2.111036919570714,1.0,0.0651559076431957,0.38314646396021
EICU,0.35,MCAR,strong,reference_30pct_recalibration,full_heldout,oe,300,1.0000864088148762,0.0648233400117926,0.881579953442741,1.1385250444706627,1.0,8.640881487620433e-05,0.0647152686161992
EICU,0.35,MCAR,strong,reference_30pct_recalibration,full_heldout,calibration_intercept,300,0.0443747270053599,0.3754809504014025,-0.4853242435757559,1.045267448607591,0.0,0.0443747270053599,0.3774719954699858
EICU,0.35,MCAR,strong,reference_30pct_recalibration,full_heldout,calibration_slope,300,1.0382681505945903,0.3001410928285615,0.5970792696618804,1.841153257453633,1.0,0.0382681505945903,0.3020742370713514
EICU,0.35,MCAR,weak,reference_05pct_recalibration,full_heldout,oe,300,1.0280938147822831,0.1603460485802435,0.7776434891371447,1.3801885851213795,1.0,0.0280938147822833,0.1625251207454857
EICU,0.35,MCAR,weak,reference_05pct_recalibration,full_heldout,calibration_intercept,300,0.3126913145320133,6.622148605657133,-0.8098744103224903,8.512062311700474,0.0,0.3126913145320133,6.618493169879312
EICU,0.35,MCAR,weak,reference_05pct_recalibration,full_heldout,calibration_slope,300,1.2195251980587316,4.593182623389956,0.3570436237800216,6.861555236499837,1.0,0.2195251980587316,4.590772647643836
EICU,0.35,MCAR,weak,reference_10pct_recalibration,full_heldout,oe,300,1.0164283757266326,0.1080421145725135,0.8344407607464512,1.2506413705866988,1.0,0.0164283757266325,0.1091058189186591
EICU,0.35,MCAR,weak,reference_10pct_recalibration,full_heldout,calibration_intercept,300,0.4834030369879018,2.421721493967784,-0.5395855664035515,3.6818962249465343,0.0,0.4834030369879018,2.465535311827203
EICU,0.35,MCAR,weak,reference_10pct_recalibration,full_heldout,calibration_slope,300,1.3798359401742464,1.9511022913342615,0.5468978949330779,3.544128832867929,1.0,0.3798359401742464,1.984536761781036
EICU,0.35,MCAR,weak,reference_20pct_recalibration,full_heldout,oe,300,1.0037850404286337,0.0766222371614104,0.8662346788843936,1.1635892035669302,1.0,0.0037850404286334,0.0765880138657941
EICU,0.35,MCAR,weak,reference_20pct_recalibration,full_heldout,calibration_intercept,300,0.1036083969279042,0.4872357093385694,-0.5028056157083042,1.1842502302718083,0.0,0.1036083969279042,0.4973349048482791
EICU,0.35,MCAR,weak,reference_20pct_recalibration,full_heldout,calibration_slope,300,1.0848575589485767,0.3952807749686496,0.5976241466634609,2.0071208184210527,1.0,0.0848575589485767,0.4036420114412374
EICU,0.35,MCAR,weak,reference_30pct_recalibration,full_heldout,oe,300,1.0039300851484432,0.072578774577155,0.8709036924465168,1.1634107578175024,1.0,0.0039300851484431,0.0725642140452057
EICU,0.35,MCAR,weak,reference_30pct_recalibration,full_heldout,calibration_intercept,300,0.079943964868617,0.347018352625183,-0.4799790812434146,0.8062838650270802,0.0,0.079943964868617,0.3555437649395849
EICU,0.35,MCAR,weak,reference_30pct_recalibration,full_heldout,calibration_slope,300,1.064762976052036,0.2765943827624109,0.6439182593520115,1.7077206609766888,1.0,0.064762976052036,0.2836259522697396
EICU,0.35,history_MAR,strong,reference_05pct_recalibration,full_heldout,oe,300,1.015366970810965,0.1565584573895437,0.7729875102920696,1.35297208792384,1.0,0.0153669708109649,0.1570509233873883
EICU,0.35,history_MAR,strong,reference_05pct_recalibration,full_heldout,calibration_intercept,300,0.5019165858964775,6.495096283739732,-0.7638190158042388,5.248403855455248,0.0,0.5019165858964775,6.503658591526066
EICU,0.35,history_MAR,strong,reference_05pct_recalibration,full_heldout,calibration_slope,300,1.4056229844257582,4.995776682200663,0.4148507855081367,5.598807510456512,1.0,0.4056229844257581,5.003910675500339
EICU,0.35,history_MAR,strong,reference_10pct_recalibration,full_heldout,oe,300,1.0109221949441207,0.1085116590945007,0.8217028774752159,1.2645862436118582,1.0,0.0109221949441207,0.1088798660664146
EICU,0.35,history_MAR,strong,reference_10pct_recalibration,full_heldout,calibration_intercept,300,0.0754352542023795,5.142531095332723,-0.5773920695996272,2.6793041599476197,0.0,0.0754352542023795,5.134507226321952
EICU,0.35,history_MAR,strong,reference_10pct_recalibration,full_heldout,calibration_slope,300,1.0519713843477905,4.115461494761624,0.5326909798443786,3.1546005630458898,1.0,0.0519713843477904,4.108925357715046
EICU,0.35,history_MAR,strong,reference_20pct_recalibration,full_heldout,oe,300,1.008973841410881,0.0832783466606057,0.8776246702741982,1.186467874806732,1.0,0.0089738414108813,0.083622336980717
EICU,0.35,history_MAR,strong,reference_20pct_recalibration,full_heldout,calibration_intercept,300,0.122726695821488,0.5077880070913008,-0.4684884108308828,1.2460107712333457,0.0,0.122726695821488,0.5215850903536219
EICU,0.35,history_MAR,strong,reference_20pct_recalibration,full_heldout,calibration_slope,300,1.0958771335393314,0.413431258137991,0.5995177160208274,2.014912667279062,1.0,0.0958771335393313,0.4237311395101801
EICU,0.35,history_MAR,strong,reference_30pct_recalibration,full_heldout,oe,300,1.002383181184038,0.0739145224721094,0.8798068153337978,1.1731948095531617,1.0,0.002383181184038,0.0738297026681108
EICU,0.35,history_MAR,strong,reference_30pct_recalibration,full_heldout,calibration_intercept,300,0.062637787837998,0.3636080133320188,-0.4847557436921022,0.943874347483287,0.0,0.062637787837998,0.368366091273294
EICU,0.35,history_MAR,strong,reference_30pct_recalibration,full_heldout,calibration_slope,300,1.05209066235473,0.292257916604171,0.6000274509556678,1.7835755868937218,1.0,0.0520906623547299,0.2963838917512877
EICU,0.35,history_MAR,weak,reference_05pct_recalibration,full_heldout,oe,300,1.0082734245257727,0.1418498444686286,0.7546286715080048,1.290231159046159,1.0,0.0082734245257727,0.1418547026640471
EICU,0.35,history_MAR,weak,reference_05pct_recalibration,full_heldout,calibration_intercept,300,0.2273799181072935,2.9343881877282376,-0.8062781719002086,4.311568432081659,0.0,0.2273799181072935,2.9383045366304743
EICU,0.35,history_MAR,weak,reference_05pct_recalibration,full_heldout,calibration_slope,300,1.176417722459566,2.1511729979632985,0.377917828351656,4.304367634477126,1.0,0.176417722459566,2.1548186302038674
EICU,0.35,history_MAR,weak,reference_10pct_recalibration,full_heldout,oe,300,1.0087383762265685,0.1114716364365195,0.8115526647531209,1.23578136608777,1.0,0.0087383762265682,0.1116282455137581
EICU,0.35,history_MAR,weak,reference_10pct_recalibration,full_heldout,calibration_intercept,300,0.0545430244870247,2.4383958803453574,-0.6252388401116872,2.2135783485954827,0.0,0.0545430244870247,2.434939457681536
EICU,0.35,history_MAR,weak,reference_10pct_recalibration,full_heldout,calibration_slope,300,1.0436942159569174,1.8958861336866388,0.5131992012339278,2.8923124614942624,1.0,0.0436942159569173,1.8932279671609396
EICU,0.35,history_MAR,weak,reference_20pct_recalibration,full_heldout,oe,300,0.9957340937515604,0.0753055376483386,0.8661104162737956,1.1533205098356962,1.0,-0.0042659062484394,0.0753008557496137
EICU,0.35,history_MAR,weak,reference_20pct_recalibration,full_heldout,calibration_intercept,300,0.1143912872040796,0.6209664805790819,-0.5139312687681886,1.5505260487029555,0.0,0.1143912872040796,0.6303962288574028
EICU,0.35,history_MAR,weak,reference_20pct_recalibration,full_heldout,calibration_slope,300,1.0991444143318676,0.4849469129775368,0.5702471830597302,2.1070116379947104,1.0,0.0991444143318676,0.4941854020557099
EICU,0.35,history_MAR,weak,reference_30pct_recalibration,full_heldout,oe,300,0.9966815747367191,0.0691350649644467,0.8689009266341574,1.1369647447515407,1.0,-0.0033184252632808,0.0690994715115399
EICU,0.35,history_MAR,weak,reference_30pct_recalibration,full_heldout,calibration_intercept,300,0.0676606415524151,0.4006341432374875,-0.472573994281916,1.0033048794406272,0.0,0.0676606415524151,0.405648435742694
EICU,0.35,history_MAR,weak,reference_30pct_recalibration,full_heldout,calibration_slope,300,1.062860111559752,0.3249987617882161,0.6296624315570479,1.8663168168047903,1.0,0.062860111559752,0.3304898003549155
EICU,0.35,mixed_MNAR,strong,reference_05pct_recalibration,full_heldout,oe,300,1.0219921453193632,0.155873496399368,0.763959432134169,1.370717723425852,1.0,0.0219921453193632,0.1571598321643051
EICU,0.35,mixed_MNAR,strong,reference_05pct_recalibration,full_heldout,calibration_intercept,300,0.3053704680394647,3.0152568680164493,-0.7508894108043361,4.349946442924188,0.0,0.3053704680394647,3.02567664987585
EICU,0.35,mixed_MNAR,strong,reference_05pct_recalibration,full_heldout,calibration_slope,300,1.2179580468905231,2.5717633667290567,0.3917125045521664,4.506151406363254,1.0,0.2179580468905233,2.57670835924552
EICU,0.35,mixed_MNAR,strong,reference_10pct_recalibration,full_heldout,oe,300,1.0166264384592243,0.1094893378023633,0.8080617548169688,1.2553006075417414,1.0,0.0166264384592242,0.1105639807137194
EICU,0.35,mixed_MNAR,strong,reference_10pct_recalibration,full_heldout,calibration_intercept,300,0.1634689917754226,0.710594364811229,-0.5897492040101401,1.8879812079386908,0.0,0.1634689917754226,0.7279995293514107
EICU,0.35,mixed_MNAR,strong,reference_10pct_recalibration,full_heldout,calibration_slope,300,1.1225357384459618,0.5686615908674421,0.5144742164928455,2.609575551726313,1.0,0.1225357384459617,0.5807866149524805
EICU,0.35,mixed_MNAR,strong,reference_20pct_recalibration,full_heldout,oe,300,1.0050233730136655,0.0810385668638244,0.8598544492666764,1.1818967565543907,1.0,0.0050233730136657,0.0810591929685491
EICU,0.35,mixed_MNAR,strong,reference_20pct_recalibration,full_heldout,calibration_intercept,300,0.1192756194534859,0.5528347484369384,-0.4858139422325727,1.3257294709667988,0.0,0.1192756194534859,0.5646540341469407
EICU,0.35,mixed_MNAR,strong,reference_20pct_recalibration,full_heldout,calibration_slope,300,1.0967468614737796,0.4447934207220687,0.6181434285505988,2.10442824462762,1.0,0.0967468614737796,0.4544685596374522
EICU,0.35,mixed_MNAR,strong,reference_30pct_recalibration,full_heldout,oe,300,1.0025517264434132,0.0712409204886624,0.8661364305748499,1.153453760464477,1.0,0.0025517264434131,0.0711678473568438
EICU,0.35,mixed_MNAR,strong,reference_30pct_recalibration,full_heldout,calibration_intercept,300,0.0450548075145725,0.3853058186627636,-0.5213729916620379,0.7975806553189868,0.0,0.0450548075145725,0.3872927071297707
EICU,0.35,mixed_MNAR,strong,reference_30pct_recalibration,full_heldout,calibration_slope,300,1.038386776235484,0.315637876148959,0.5964221484253027,1.623190422652239,1.0,0.0383867762354839,0.3174408961576616
EICU,0.35,mixed_MNAR,weak,reference_05pct_recalibration,full_heldout,oe,300,0.9991273799599004,0.1482438568694571,0.7499733153088556,1.3230270717185628,1.0,-0.0008726200400996,0.1479991500930597
EICU,0.35,mixed_MNAR,weak,reference_05pct_recalibration,full_heldout,calibration_intercept,300,0.3677448083677879,2.5049916645515107,-0.7998547716071874,7.234528010440965,0.0,0.3677448083677879,2.527707038554066
EICU,0.35,mixed_MNAR,weak,reference_05pct_recalibration,full_heldout,calibration_slope,300,1.3372581251438893,2.033346588249516,0.3553884049274566,6.549081336358481,1.0,0.3372581251438893,2.0577802919072044
EICU,0.35,mixed_MNAR,weak,reference_10pct_recalibration,full_heldout,oe,300,0.989544434526778,0.0989568938548305,0.8127834914615168,1.2035696005030672,1.0,-0.010455565473222,0.0993435661460924
EICU,0.35,mixed_MNAR,weak,reference_10pct_recalibration,full_heldout,calibration_intercept,300,0.2125004808139173,0.8611917615136866,-0.5957004892003119,2.001207697404938,0.0,0.2125004808139173,0.8856271978725185
EICU,0.35,mixed_MNAR,weak,reference_10pct_recalibration,full_heldout,calibration_slope,300,1.1963758026643216,0.7238267666590128,0.5551977156691579,2.7993213647481063,1.0,0.1963758026643216,0.7488272342205005
EICU,0.35,mixed_MNAR,weak,reference_20pct_recalibration,full_heldout,oe,300,0.998731040242884,0.0746019856833077,0.872847244073269,1.1453843570188884,1.0,-0.001268959757116,0.0744883548339246
EICU,0.35,mixed_MNAR,weak,reference_20pct_recalibration,full_heldout,calibration_intercept,300,0.0880001361739493,0.439707472416999,-0.4721389343164174,1.3098382619642557,0.0,0.0880001361739493,0.4477077280194246
EICU,0.35,mixed_MNAR,weak,reference_20pct_recalibration,full_heldout,calibration_slope,300,1.0762087728739274,0.3474136121919475,0.6209643179929251,1.9721846371783005,1.0,0.0762087728739273,0.3551079755127341
EICU,0.35,mixed_MNAR,weak,reference_30pct_recalibration,full_heldout,oe,300,0.9988834356830736,0.067610299923913,0.8771201658837886,1.1399935540466613,1.0,-0.0011165643169263,0.0675067566703954
EICU,0.35,mixed_MNAR,weak,reference_30pct_recalibration,full_heldout,calibration_intercept,300,0.0605762881711891,0.3696560116086467,-0.4741571161438427,1.0138637752723507,0.0,0.0605762881711891,0.3739780319536825
EICU,0.35,mixed_MNAR,weak,reference_30pct_recalibration,full_heldout,calibration_slope,300,1.0525917764094015,0.2890878681644605,0.6028011980613923,1.7858006867261436,1.0,0.0525917764094014,0.2933583436925496
EICU,0.35,outcome_MNAR,strong,reference_05pct_recalibration,full_heldout,oe,300,1.0310960446882196,0.15949490115286,0.7674627757477784,1.389923683463688,1.0,0.0310960446882195,0.1622368394581406
EICU,0.35,outcome_MNAR,strong,reference_05pct_recalibration,full_heldout,calibration_intercept,300,0.7357712057037484,5.735073634418255,-3.221755443607203,12.12100016805298,0.0,0.7357712057037484,5.772589710060943
EICU,0.35,outcome_MNAR,strong,reference_05pct_recalibration,full_heldout,calibration_slope,300,1.5373408720526034,4.391061778930128,-1.4454635890794374,10.335174652917733,1.0,0.5373408720526034,4.41654699367481
EICU,0.35,outcome_MNAR,strong,reference_10pct_recalibration,full_heldout,oe,300,1.020702948418023,0.1233492207796534,0.8206644422768272,1.318938047031412,1.0,0.020702948418023,0.1248716363814878
EICU,0.35,outcome_MNAR,strong,reference_10pct_recalibration,full_heldout,calibration_intercept,300,0.3375783024174093,2.1039117030401124,-0.6089578852504445,3.643074474937916,0.0,0.3375783024174093,2.127357221908175
EICU,0.35,outcome_MNAR,strong,reference_10pct_recalibration,full_heldout,calibration_slope,300,1.2575880941744195,1.8019135080820257,0.4974287385037477,3.8914180224460297,1.0,0.2575880941744195,1.8172564328038168
EICU,0.35,outcome_MNAR,strong,reference_20pct_recalibration,full_heldout,oe,300,1.0077607218447031,0.0888618061718435,0.8650496589391903,1.2039678636872353,1.0,0.0077607218447031,0.0890523890622035
EICU,0.35,outcome_MNAR,strong,reference_20pct_recalibration,full_heldout,calibration_intercept,300,0.0849224744128534,0.517923715206821,-0.4731783699689376,1.2272550351937823,0.0,0.0849224744128534,0.5239872627441682
EICU,0.35,outcome_MNAR,strong,reference_20pct_recalibration,full_heldout,calibration_slope,300,1.0625033844097826,0.3925103580824517,0.6047996681723894,1.973629768742843,1.0,0.0625033844097826,0.3968091560528203
EICU,0.35,outcome_MNAR,strong,reference_30pct_recalibration,full_heldout,oe,300,1.0009383817319242,0.0763365224915156,0.8721408103563515,1.1700079852699237,1.0,0.0009383817319241,0.0762149657929388
EICU,0.35,outcome_MNAR,strong,reference_30pct_recalibration,full_heldout,calibration_intercept,300,0.0470929879612487,0.4140703057942114,-0.4225781316011587,0.9581083193448844,0.0,0.0470929879612487,0.4160534263711353
EICU,0.35,outcome_MNAR,strong,reference_30pct_recalibration,full_heldout,calibration_slope,300,1.040528781370998,0.3237961610525867,0.6481863183247922,1.7752171167356252,1.0,0.040528781370998,0.3257868262920343
EICU,0.35,outcome_MNAR,weak,reference_05pct_recalibration,full_heldout,oe,300,1.0335175662902514,0.1509146414841957,0.7756759286783133,1.365345542431919,1.0,0.0335175662902513,0.1543461655962889
EICU,0.35,outcome_MNAR,weak,reference_05pct_recalibration,full_heldout,calibration_intercept,300,-0.6200491182791875,12.722246191041643,-5.688398097680076,4.878143631236208,0.0,-0.6200491182791875,12.71615077610887
EICU,0.35,outcome_MNAR,weak,reference_05pct_recalibration,full_heldout,calibration_slope,300,0.5922141126579781,8.639984686772987,-3.5649791401230857,4.724565976184181,1.0,-0.4077858873420219,8.635206633290723
EICU,0.35,outcome_MNAR,weak,reference_10pct_recalibration,full_heldout,oe,300,1.0270011078447805,0.1093162777696038,0.8251818111536768,1.268471225684609,1.0,0.0270011078447802,0.1124245298632017
EICU,0.35,outcome_MNAR,weak,reference_10pct_recalibration,full_heldout,calibration_intercept,300,0.3417916320244095,1.1219747341138584,-0.5535840980218855,3.468857182831153,0.0,0.3417916320244095,1.171090403298769
EICU,0.35,outcome_MNAR,weak,reference_10pct_recalibration,full_heldout,calibration_slope,300,1.257992396874676,0.9607293398891148,0.547948681006065,3.70457638469373,1.0,0.257992396874676,0.9932191459192188
EICU,0.35,outcome_MNAR,weak,reference_20pct_recalibration,full_heldout,oe,300,1.018896834834638,0.0830471335057999,0.8664076530301414,1.167429188332417,1.0,0.0188968348346381,0.0850348594931473
EICU,0.35,outcome_MNAR,weak,reference_20pct_recalibration,full_heldout,calibration_intercept,300,0.1076810817995554,0.563086780084613,-0.519375414824098,1.519745087532577,0.0,0.1076810817995554,0.572367930801997
EICU,0.35,outcome_MNAR,weak,reference_20pct_recalibration,full_heldout,calibration_slope,300,1.0682871463312782,0.4361140635382866,0.5829363444584981,2.156799248562017,1.0,0.0682871463312781,0.4407092305007462
EICU,0.35,outcome_MNAR,weak,reference_30pct_recalibration,full_heldout,oe,300,1.0151871107446335,0.0734767299206679,0.8832008695433797,1.1733812832639576,1.0,0.0151871107446337,0.074909826278923
EICU,0.35,outcome_MNAR,weak,reference_30pct_recalibration,full_heldout,calibration_intercept,300,0.0549230139163065,0.4183249289328613,-0.4684958506249996,0.9172840864943488,0.0,0.0549230139163065,0.4212231765589891
EICU,0.35,outcome_MNAR,weak,reference_30pct_recalibration,full_heldout,calibration_slope,300,1.0310060168293187,0.330775635665537,0.6247264008462923,1.809636360898475,1.0,0.0310060168293186,0.3316763268997758
EICU,0.35,risk_MAR,strong,reference_05pct_recalibration,full_heldout,oe,300,1.0172113247474286,0.1544665409716709,0.7665514790612764,1.388854598338536,1.0,0.0172113247474285,0.1551663911366821
EICU,0.35,risk_MAR,strong,reference_05pct_recalibration,full_heldout,calibration_intercept,300,0.1129298041262578,5.353025338259515,-0.7554205475692048,3.482516871825494,0.0,0.1129298041262578,5.345289248032786
EICU,0.35,risk_MAR,strong,reference_05pct_recalibration,full_heldout,calibration_slope,300,1.128860247433846,4.465047398884098,0.3760211255577266,3.870372200846834,1.0,0.128860247433846,4.459461597928921
EICU,0.35,risk_MAR,strong,reference_10pct_recalibration,full_heldout,oe,300,1.0071880237798163,0.1117006126560344,0.8238047459069471,1.2518132200776635,1.0,0.0071880237798163,0.1117457134033942
EICU,0.35,risk_MAR,strong,reference_10pct_recalibration,full_heldout,calibration_intercept,300,0.2428653153199297,0.9174444837846462,-0.6070970878196991,2.2610764773964425,0.0,0.2428653153199297,0.9475664942065554
EICU,0.35,risk_MAR,strong,reference_10pct_recalibration,full_heldout,calibration_slope,300,1.1944837218851512,0.7166755253633977,0.4919637337760306,2.894400265959597,1.0,0.1944837218851511,0.74144160078257
EICU,0.35,risk_MAR,strong,reference_20pct_recalibration,full_heldout,oe,300,1.0014312836545434,0.0806903255339925,0.8536239177627518,1.163159399645493,1.0,0.0014312836545433,0.0805684436503038
EICU,0.35,risk_MAR,strong,reference_20pct_recalibration,full_heldout,calibration_intercept,300,0.118596128384561,0.5051490518989599,-0.5421617761519798,1.3803395206640154,0.0,0.118596128384561,0.5180637229982208
EICU,0.35,risk_MAR,strong,reference_20pct_recalibration,full_heldout,calibration_slope,300,1.097025391722279,0.3940635114358646,0.6026702738912401,2.0555758160558466,1.0,0.0970253917222789,0.4051942219650657
EICU,0.35,risk_MAR,strong,reference_30pct_recalibration,full_heldout,oe,300,1.00434279427468,0.0669789548237381,0.882534692253621,1.132795123256364,1.0,0.00434279427468,0.0670081063511095
EICU,0.35,risk_MAR,strong,reference_30pct_recalibration,full_heldout,calibration_intercept,300,0.0667566715052193,0.3763327387356079,-0.4866089224898681,0.951292348300907,0.0,0.0667566715052193,0.3815896954416068
EICU,0.35,risk_MAR,strong,reference_30pct_recalibration,full_heldout,calibration_slope,300,1.051183691705924,0.29212408478341,0.6032680940251801,1.7255173805989814,1.0,0.051183691705924,0.2960942354569294
EICU,0.35,risk_MAR,weak,reference_05pct_recalibration,full_heldout,oe,300,1.009813733220986,0.1537383053007057,0.7564521593769037,1.3552597947563774,1.0,0.0098137332209859,0.1537952892258946
EICU,0.35,risk_MAR,weak,reference_05pct_recalibration,full_heldout,calibration_intercept,300,0.5610915033910144,4.531623588722858,-0.7977205283252836,7.244711384207175,0.0,0.5610915033910144,4.558726136091177
EICU,0.35,risk_MAR,weak,reference_05pct_recalibration,full_heldout,calibration_slope,300,1.460563489939314,3.747573703551881,0.3742354476496999,7.035962215007975,1.0,0.460563489939314,3.769564037074685
EICU,0.35,risk_MAR,weak,reference_10pct_recalibration,full_heldout,oe,300,1.0102798427060389,0.1116603169154384,0.832879578345968,1.2481922127349068,1.0,0.0102798427060388,0.1119470475350059
EICU,0.35,risk_MAR,weak,reference_10pct_recalibration,full_heldout,calibration_intercept,300,0.2762105575890011,1.0564595335554852,-0.6333107459927667,3.009169243673672,0.0,0.2762105575890011,1.0902654091292476
EICU,0.35,risk_MAR,weak,reference_10pct_recalibration,full_heldout,calibration_slope,300,1.2114061531747895,0.8192114952150317,0.5058316549313929,3.2026012117235987,1.0,0.2114061531747895,0.8447265892462694
EICU,0.35,risk_MAR,weak,reference_20pct_recalibration,full_heldout,oe,300,1.007226457602766,0.0808749194593698,0.8728995056382101,1.1894079638670676,1.0,0.007226457602766,0.0810627644383387
EICU,0.35,risk_MAR,weak,reference_20pct_recalibration,full_heldout,calibration_intercept,300,0.0659413791699337,0.4313608958819507,-0.514538750903858,1.206881139347686,0.0,0.0659413791699337,0.4356607019703045
EICU,0.35,risk_MAR,weak,reference_20pct_recalibration,full_heldout,calibration_slope,300,1.0474867791511409,0.3351447843503147,0.6072367949448305,1.7748067887405412,1.0,0.0474867791511408,0.337938772437322
EICU,0.35,risk_MAR,weak,reference_30pct_recalibration,full_heldout,oe,300,1.0000221781300611,0.0724954753132506,0.8751915959637212,1.159189503621278,1.0,2.217813006111236e-05,0.0723745520628207
EICU,0.35,risk_MAR,weak,reference_30pct_recalibration,full_heldout,calibration_intercept,300,0.0403629713766134,0.3353407050051487,-0.4850210894287189,0.8609751912794098,0.0,0.0403629713766134,0.3372057432245013
EICU,0.35,risk_MAR,weak,reference_30pct_recalibration,full_heldout,calibration_slope,300,1.0365041584156236,0.2686714143260501,0.6421045428994123,1.7423449310166923,1.0,0.0365041584156236,0.2706958958462548
EICU,0.35,stratum_MAR,strong,reference_05pct_recalibration,full_heldout,oe,300,1.0258054565608483,0.1576414166783932,0.7686663183787167,1.4184170319076117,1.0,0.0258054565608483,0.1594800984026222
EICU,0.35,stratum_MAR,strong,reference_05pct_recalibration,full_heldout,calibration_intercept,300,0.4386482536221474,4.442252131473677,-0.7400480538737727,7.022476681503585,0.0,0.4386482536221474,4.456482650026765
EICU,0.35,stratum_MAR,strong,reference_05pct_recalibration,full_heldout,calibration_slope,300,1.3411329711777251,3.442598068629746,0.3945927217557973,6.287633433142613,1.0,0.3411329711777251,3.453744088369996
EICU,0.35,stratum_MAR,strong,reference_10pct_recalibration,full_heldout,oe,300,1.0086390533591392,0.1063687208355021,0.8297873079682518,1.2606700948222005,1.0,0.0086390533591391,0.1065421215570745
EICU,0.35,stratum_MAR,strong,reference_10pct_recalibration,full_heldout,calibration_intercept,300,0.1112488197868561,1.6457435332014625,-0.6220381684896994,3.060183913365127,0.0,0.1112488197868561,1.6467604068963664
EICU,0.35,stratum_MAR,strong,reference_10pct_recalibration,full_heldout,calibration_slope,300,1.0881602253105107,1.2656703036551862,0.5290837196301003,3.4647816037496684,1.0,0.0881602253105107,1.266630887494944
EICU,0.35,stratum_MAR,strong,reference_20pct_recalibration,full_heldout,oe,300,1.0061725802071466,0.0852213242398301,0.8577753593605759,1.2021934082883707,1.0,0.0061725802071466,0.0853027897428914
EICU,0.35,stratum_MAR,strong,reference_20pct_recalibration,full_heldout,calibration_intercept,300,0.0975659672815979,0.4813956391808013,-0.5125234485420842,1.453432264304663,0.0,0.0975659672815979,0.4903961733698702
EICU,0.35,stratum_MAR,strong,reference_20pct_recalibration,full_heldout,calibration_slope,300,1.0772704015997991,0.3855353371551029,0.6181661058235125,2.042110582132383,1.0,0.0772704015997991,0.3925719715390314
EICU,0.35,stratum_MAR,strong,reference_30pct_recalibration,full_heldout,oe,300,1.0053242787312984,0.0726366739930867,0.890312274396976,1.172964020232899,1.0,0.0053242787312983,0.0727107103396095
EICU,0.35,stratum_MAR,strong,reference_30pct_recalibration,full_heldout,calibration_intercept,300,0.0583363771126335,0.3798011478205533,-0.4225663070312844,0.8969121871389049,0.0,0.0583363771126335,0.3836290070812569
EICU,0.35,stratum_MAR,strong,reference_30pct_recalibration,full_heldout,calibration_slope,300,1.04569110254728,0.3080027487706588,0.6498389477787623,1.7807904307511015,1.0,0.0456911025472799,0.3108651655055078
EICU,0.35,stratum_MAR,weak,reference_05pct_recalibration,full_heldout,oe,300,1.023200017810757,0.1549579874070486,0.7638102310714296,1.3606022099626105,1.0,0.0232000178107569,0.1564294689675137
EICU,0.35,stratum_MAR,weak,reference_05pct_recalibration,full_heldout,calibration_intercept,300,0.8189624877394425,7.856819352021396,-0.8470665496150669,9.488634932680757,0.0,0.8189624877394425,7.886351787668024
EICU,0.35,stratum_MAR,weak,reference_05pct_recalibration,full_heldout,calibration_slope,300,1.6245835950659038,6.575103512382907,0.3891126218653908,7.592341130895474,1.0,0.6245835950659038,6.593783757836896
EICU,0.35,stratum_MAR,weak,reference_10pct_recalibration,full_heldout,oe,300,1.0089631175649414,0.1118070584501412,0.8096728644298299,1.250026606455278,1.0,0.0089631175649413,0.11197984819314
EICU,0.35,stratum_MAR,weak,reference_10pct_recalibration,full_heldout,calibration_intercept,300,0.3317326242672141,1.3764472052124683,-0.565676507750899,3.59150079302457,0.0,0.3317326242672141,1.41362586506401
EICU,0.35,stratum_MAR,weak,reference_10pct_recalibration,full_heldout,calibration_slope,300,1.260740587182157,1.0546291554032043,0.5596621205856847,3.7814187663674073,1.0,0.2607405871821573,1.0846754508665175
EICU,0.35,stratum_MAR,weak,reference_20pct_recalibration,full_heldout,oe,300,1.0014112585166772,0.0765186856984913,0.8501650839519037,1.1483168467681055,1.0,0.0014112585166772,0.0764040828801401
EICU,0.35,stratum_MAR,weak,reference_20pct_recalibration,full_heldout,calibration_intercept,300,0.1214087399086404,0.6090018071962017,-0.4906651079496035,1.3579774456881724,0.0,0.1214087399086404,0.6199895208446801
EICU,0.35,stratum_MAR,weak,reference_20pct_recalibration,full_heldout,calibration_slope,300,1.1010459341461345,0.4883037281697673,0.6234254331367826,2.122653345832222,1.0,0.1010459341461345,0.4978513934721323
EICU,0.35,stratum_MAR,weak,reference_30pct_recalibration,full_heldout,oe,300,1.0011941719744903,0.0669820042148098,0.8769964046578578,1.136063300542541,1.0,0.0011941719744903,0.0668809362901119
EICU,0.35,stratum_MAR,weak,reference_30pct_recalibration,full_heldout,calibration_intercept,300,0.0470842193244174,0.4173978326114314,-0.4340962659274345,1.01993036029018,0.0,0.0470842193244174,0.4193532375884097
EICU,0.35,stratum_MAR,weak,reference_30pct_recalibration,full_heldout,calibration_slope,300,1.0407294794623037,0.3421073942048777,0.6364120070056046,1.754868544701197,1.0,0.0407294794623036,0.3439567338629811
EICU,0.55,MCAR,strong,reference_05pct_recalibration,full_heldout,oe,300,1.0309252492480587,0.1679363292613791,0.802831823089018,1.4419911510664676,1.0,0.0309252492480587,0.1704845242963564
EICU,0.55,MCAR,strong,reference_05pct_recalibration,full_heldout,calibration_intercept,300,1.0653755588375522,6.384604645187492,-0.7213969733921388,5.919563022265076,0.0,1.0653755588375522,6.462377604396102
EICU,0.55,MCAR,strong,reference_05pct_recalibration,full_heldout,calibration_slope,300,1.8183779675400855,4.988492610039035,0.4032805300267052,5.728604142769435,1.0,0.8183779675400857,5.046964515736272
EICU,0.55,MCAR,strong,reference_10pct_recalibration,full_heldout,oe,300,1.0202483147054051,0.1063271763042603,0.8466888663346914,1.271999136634723,1.0,0.0202483147054053,0.1080637671678637
EICU,0.55,MCAR,strong,reference_10pct_recalibration,full_heldout,calibration_intercept,300,0.1966646742079643,0.8848075636611354,-0.562974681402761,2.502274755302484,0.0,0.1966646742079643,0.9049595593418742
EICU,0.55,MCAR,strong,reference_10pct_recalibration,full_heldout,calibration_slope,300,1.1415073524219672,0.6791752062239239,0.5202784452503839,3.204366830115202,1.0,0.1415073524219672,0.6926512073207938
EICU,0.55,MCAR,strong,reference_20pct_recalibration,full_heldout,oe,300,1.0089663295238502,0.080118834472182,0.8669024589117571,1.1746564176893943,1.0,0.0089663295238502,0.0804861847991354
EICU,0.55,MCAR,strong,reference_20pct_recalibration,full_heldout,calibration_intercept,300,0.0452102154822054,0.3851624438014736,-0.5079773996467294,1.0305816689147336,0.0,0.0452102154822054,0.3871686600677888
EICU,0.55,MCAR,strong,reference_20pct_recalibration,full_heldout,calibration_slope,300,1.0327593356298976,0.3178479844451815,0.6041518665795527,1.8314061727592628,1.0,0.0327593356298976,0.3190043220439555
EICU,0.55,MCAR,strong,reference_30pct_recalibration,full_heldout,oe,300,1.007526076662332,0.0711462669477314,0.8717287804411672,1.1544556420478396,1.0,0.0075260766623319,0.0714252090851437
EICU,0.55,MCAR,strong,reference_30pct_recalibration,full_heldout,calibration_intercept,300,0.0620341268246631,0.3540168186220679,-0.4418244904141398,0.8636955397800143,0.0,0.0620341268246631,0.3588291808999061
EICU,0.55,MCAR,strong,reference_30pct_recalibration,full_heldout,calibration_slope,300,1.046546559544465,0.2877813417084498,0.6363265760667242,1.6942584510617344,1.0,0.0465465595444649,0.2910474574798589
EICU,0.55,MCAR,weak,reference_05pct_recalibration,full_heldout,oe,300,1.0045784046284405,0.1598065024722666,0.7756467395053946,1.4090397273911566,1.0,0.0045784046284405,0.1596056169455998
EICU,0.55,MCAR,weak,reference_05pct_recalibration,full_heldout,calibration_intercept,300,0.2634091798281425,2.9278609051557183,-0.8020088954955388,4.562544461978352,0.0,0.2634091798281425,2.9348218533709787
EICU,0.55,MCAR,weak,reference_05pct_recalibration,full_heldout,calibration_slope,300,1.2315093774184356,2.2027927815784416,0.3650879883292485,4.318990668247019,1.0,0.2315093774184355,2.211270745584579
EICU,0.55,MCAR,weak,reference_10pct_recalibration,full_heldout,oe,300,1.004834059404209,0.1105360457004063,0.8292264393640266,1.251973513145756,1.0,0.0048340594042088,0.1104574947121084
EICU,0.55,MCAR,weak,reference_10pct_recalibration,full_heldout,calibration_intercept,300,0.3457926717527194,1.4657161770247982,-0.5774529730309288,3.400289841043945,0.0,0.3457926717527194,1.5035742095835396
EICU,0.55,MCAR,weak,reference_10pct_recalibration,full_heldout,calibration_slope,300,1.2756138661072085,1.1361199146564545,0.5426661112620083,3.6679752195526807,1.0,0.2756138661072085,1.1672312976161243
EICU,0.55,MCAR,weak,reference_20pct_recalibration,full_heldout,oe,300,1.000268636135501,0.0790268896549658,0.8513230015597503,1.161649177533294,1.0,0.0002686361355013,0.078895525578343
EICU,0.55,MCAR,weak,reference_20pct_recalibration,full_heldout,calibration_intercept,300,0.1417284452386966,0.599327728310891,-0.5676541056265533,1.778016973304056,0.0,0.1417284452386966,0.614884839374277
EICU,0.55,MCAR,weak,reference_20pct_recalibration,full_heldout,calibration_slope,300,1.1174333725650625,0.4721042230774656,0.5899212491294761,2.3926891187546664,1.0,0.1174333725650622,0.4857263150321967
EICU,0.55,MCAR,weak,reference_30pct_recalibration,full_heldout,oe,300,1.0002143583843937,0.0709125281532054,0.8741824503472044,1.1372533590295453,1.0,0.0002143583843936,0.0707945664800567
EICU,0.55,MCAR,weak,reference_30pct_recalibration,full_heldout,calibration_intercept,300,0.0721498756779396,0.4134864625272869,-0.4849736481430859,1.0826855197291003,0.0,0.0721498756779396,0.4190545975622116
EICU,0.55,MCAR,weak,reference_30pct_recalibration,full_heldout,calibration_slope,300,1.0609697287580175,0.3273779718150574,0.6122397464387779,1.910434851449471,1.0,0.0609697287580175,0.3324701336959471
EICU,0.55,history_MAR,strong,reference_05pct_recalibration,full_heldout,oe,300,1.0184938451988186,0.1703668025059592,0.7620231359877216,1.3882815163577258,1.0,0.0184938451988185,0.1710851256393203
EICU,0.55,history_MAR,strong,reference_05pct_recalibration,full_heldout,calibration_intercept,300,0.7220848748280572,7.232798448297617,-4.299879594417944,9.58384560579599,0.0,0.7220848748280572,7.256748724383361
EICU,0.55,history_MAR,strong,reference_05pct_recalibration,full_heldout,calibration_slope,300,1.5659995187429538,6.681690498811325,-2.9332107077912983,7.581243464629972,1.0,0.5659995187429538,6.694514676264174
EICU,0.55,history_MAR,strong,reference_10pct_recalibration,full_heldout,oe,300,1.0138182664681514,0.1110358721218266,0.8295314545139619,1.248201247922491,1.0,0.0138182664681514,0.1117086068142466
EICU,0.55,history_MAR,strong,reference_10pct_recalibration,full_heldout,calibration_intercept,300,0.499668490044641,1.9788591574539227,-0.6052488732179299,5.418113075379606,0.0,0.499668490044641,2.037768195788212
EICU,0.55,history_MAR,strong,reference_10pct_recalibration,full_heldout,calibration_slope,300,1.3806623186659632,1.5095852137754564,0.5332062169934442,4.768382781497763,1.0,0.3806623186659632,1.554398649031024
EICU,0.55,history_MAR,strong,reference_20pct_recalibration,full_heldout,oe,300,1.011111027156105,0.0826554142131764,0.8714382716308531,1.188754015280009,1.0,0.011111027156105,0.083262232524034
EICU,0.55,history_MAR,strong,reference_20pct_recalibration,full_heldout,calibration_intercept,300,0.1835153526335571,0.6439207308642885,-0.503400438639778,1.5841166109787903,0.0,0.1835153526335571,0.6685279943753757
EICU,0.55,history_MAR,strong,reference_20pct_recalibration,full_heldout,calibration_slope,300,1.1387684010264938,0.4973111895694748,0.58331178973498,2.3502821527031075,1.0,0.1387684010264938,0.5155101295450484
EICU,0.55,history_MAR,strong,reference_30pct_recalibration,full_heldout,oe,300,1.0089265075645977,0.0723147498381767,0.8839815127719082,1.1667073947398314,1.0,0.0089265075645974,0.0727438943919812
EICU,0.55,history_MAR,strong,reference_30pct_recalibration,full_heldout,calibration_intercept,300,0.1179807205439774,0.4490852778729214,-0.4677848251008425,1.296031986422816,0.0,0.1179807205439774,0.463599804356733
EICU,0.55,history_MAR,strong,reference_30pct_recalibration,full_heldout,calibration_slope,300,1.0883784656314122,0.3501871204241585,0.6170948458830388,2.001140040629946,1.0,0.0883784656314121,0.3606008907836431
EICU,0.55,history_MAR,weak,reference_05pct_recalibration,full_heldout,oe,300,1.01689683416875,0.1434051656014443,0.7878749911474321,1.3253340344056244,1.0,0.0168968341687498,0.144159614274248
EICU,0.55,history_MAR,weak,reference_05pct_recalibration,full_heldout,calibration_intercept,300,0.4457706219639452,7.468470965991756,-0.7639836451457411,7.48690436149539,0.0,0.4457706219639452,7.469326820762927
EICU,0.55,history_MAR,weak,reference_05pct_recalibration,full_heldout,calibration_slope,300,1.347379229019421,5.622647013485357,0.4170699957599352,8.771372145845675,1.0,0.3473792290194211,5.624006688789504
EICU,0.55,history_MAR,weak,reference_10pct_recalibration,full_heldout,oe,300,1.013117084959542,0.1067422059760925,0.8459459073494826,1.2479088056322245,1.0,0.0131170849595418,0.1073684161785466
EICU,0.55,history_MAR,weak,reference_10pct_recalibration,full_heldout,calibration_intercept,300,0.2768026491375134,1.1334606565858532,-0.5791038323594389,3.307871239726219,0.0,0.2768026491375134,1.1649336131574846
EICU,0.55,history_MAR,weak,reference_10pct_recalibration,full_heldout,calibration_slope,300,1.2045331949040523,0.8496055595201227,0.5045575329772478,3.367308763275118,1.0,0.2045331949040523,0.8725006222897121
EICU,0.55,history_MAR,weak,reference_20pct_recalibration,full_heldout,oe,300,1.006643360730096,0.0789338390308022,0.8671906005488219,1.179099122442436,1.0,0.0066433607300959,0.079081708901513
EICU,0.55,history_MAR,weak,reference_20pct_recalibration,full_heldout,calibration_intercept,300,0.0890923770892437,0.5143083893527342,-0.5812514605582424,1.117193287279738,0.0,0.0890923770892437,0.5211226924786078
EICU,0.55,history_MAR,weak,reference_20pct_recalibration,full_heldout,calibration_slope,300,1.0663807069696696,0.3978513807548137,0.554147747413118,1.912921729828136,1.0,0.0663807069696695,0.4026965363095928
EICU,0.55,history_MAR,weak,reference_30pct_recalibration,full_heldout,oe,300,0.9995357448722586,0.0671532476446143,0.8742927136529905,1.1422969761023831,1.0,-0.0004642551277413,0.0670428395864301
EICU,0.55,history_MAR,weak,reference_30pct_recalibration,full_heldout,calibration_intercept,300,0.0170903285599996,0.3597758146995559,-0.5395664941158751,0.6768293558387088,0.0,0.0170903285599996,0.3595820546832236
EICU,0.55,history_MAR,weak,reference_30pct_recalibration,full_heldout,calibration_slope,300,1.0170644490841223,0.2928165992029283,0.5764049453448176,1.571300422841964,1.0,0.0170644490841223,0.2928258031471107
EICU,0.55,mixed_MNAR,strong,reference_05pct_recalibration,full_heldout,oe,300,1.0372134905184118,0.1725051571109,0.7757962702657192,1.5007696887094646,1.0,0.0372134905184118,0.1761921668964146
EICU,0.55,mixed_MNAR,strong,reference_05pct_recalibration,full_heldout,calibration_intercept,300,0.4331411294267072,4.83247268882666,-5.227734695886629,7.200033682147774,0.0,0.4331411294267072,4.843816768344542
EICU,0.55,mixed_MNAR,strong,reference_05pct_recalibration,full_heldout,calibration_slope,300,1.3106043534379637,3.759917454881833,-3.306468176615749,5.307073233165841,1.0,0.3106043534379636,3.7664746206067306
EICU,0.55,mixed_MNAR,strong,reference_10pct_recalibration,full_heldout,oe,300,1.0153700415821212,0.1061726636874173,0.8469177592739694,1.260679776008743,1.0,0.0153700415821211,0.1071041420503238
EICU,0.55,mixed_MNAR,strong,reference_10pct_recalibration,full_heldout,calibration_intercept,300,0.2290426992664505,2.3914916091864256,-0.6033456106958348,2.347537544790406,0.0,0.2290426992664505,2.3984637933144435
EICU,0.55,mixed_MNAR,strong,reference_10pct_recalibration,full_heldout,calibration_slope,300,1.1793397826120076,1.9435125083428328,0.4830286492927143,2.935058048932766,1.0,0.1793397826120075,1.948541204289016
EICU,0.55,mixed_MNAR,strong,reference_20pct_recalibration,full_heldout,oe,300,1.005451224532568,0.0777840225297607,0.8708160580446626,1.1611730745049376,1.0,0.0054512245325679,0.0778453734181534
EICU,0.55,mixed_MNAR,strong,reference_20pct_recalibration,full_heldout,calibration_intercept,300,0.1264981970232681,0.4712002118504273,-0.477280345919266,1.1795836497361802,0.0,0.1264981970232681,0.4871255841148142
EICU,0.55,mixed_MNAR,strong,reference_20pct_recalibration,full_heldout,calibration_slope,300,1.1003750306272355,0.3745530969785743,0.5836597175818444,1.9779704307748256,1.0,0.1003750306272357,0.3871660313372964
EICU,0.55,mixed_MNAR,strong,reference_30pct_recalibration,full_heldout,oe,300,1.001350589403015,0.0696265310596765,0.8823389701521632,1.1373296874132102,1.0,0.001350589403015,0.0695235097386605
EICU,0.55,mixed_MNAR,strong,reference_30pct_recalibration,full_heldout,calibration_intercept,300,0.053271993250242,0.3478068553745392,-0.4933365566368827,0.8982088382675018,0.0,0.053271993250242,0.3512894559783442
EICU,0.55,mixed_MNAR,strong,reference_30pct_recalibration,full_heldout,calibration_slope,300,1.0446449441732129,0.2752391738490314,0.6312632689009653,1.6685522217599815,1.0,0.0446449441732128,0.2783832822780904
EICU,0.55,mixed_MNAR,weak,reference_05pct_recalibration,full_heldout,oe,300,1.0183111901474402,0.1724493748820442,0.7650568192862396,1.4014661374159063,1.0,0.0183111901474402,0.1731327735934655
EICU,0.55,mixed_MNAR,weak,reference_05pct_recalibration,full_heldout,calibration_intercept,300,0.2710511217260072,2.771264993753664,-0.7784719560084739,3.920910110679377,0.0,0.2710511217260072,2.77988824906831
EICU,0.55,mixed_MNAR,weak,reference_05pct_recalibration,full_heldout,calibration_slope,300,1.2356382939714252,2.047747046967533,0.3794722883442614,4.111112414206424,1.0,0.2356382939714252,2.057866811544291
EICU,0.55,mixed_MNAR,weak,reference_10pct_recalibration,full_heldout,oe,300,1.013745441377082,0.1173404011923367,0.8243569204323317,1.257718081784385,1.0,0.0137454413770818,0.117948340435362
EICU,0.55,mixed_MNAR,weak,reference_10pct_recalibration,full_heldout,calibration_intercept,300,0.3229736380208448,1.4001072988921637,-0.6011707478471086,3.182296493744889,0.0,0.3229736380208448,1.434600322194127
EICU,0.55,mixed_MNAR,weak,reference_10pct_recalibration,full_heldout,calibration_slope,300,1.246560859747999,1.059497965934459,0.5467608039055678,3.463715538763765,1.0,0.2465608597479986,1.0860876626280518
EICU,0.55,mixed_MNAR,weak,reference_20pct_recalibration,full_heldout,oe,300,1.0068615226724666,0.0852590960207702,0.8501715374927191,1.1770081929054752,1.0,0.0068615226724666,0.0853929948501793
EICU,0.55,mixed_MNAR,weak,reference_20pct_recalibration,full_heldout,calibration_intercept,300,0.0983278876116967,0.4689903012609244,-0.5057436806719801,1.349341632180164,0.0,0.0983278876116967,0.4784214702018173
EICU,0.55,mixed_MNAR,weak,reference_20pct_recalibration,full_heldout,calibration_slope,300,1.075914857328267,0.3695964826759373,0.6095794113236614,2.024970324629713,1.0,0.075914857328267,0.3767084907939306
EICU,0.55,mixed_MNAR,weak,reference_30pct_recalibration,full_heldout,oe,300,1.002190381022018,0.07022753653349,0.8661050341424174,1.1463598889799893,1.0,0.002190381022018,0.0701446004119995
EICU,0.55,mixed_MNAR,weak,reference_30pct_recalibration,full_heldout,calibration_intercept,300,0.0793458399957617,0.3989058619495251,-0.4869222329633494,0.8051696664441085,0.0,0.0793458399957617,0.4060680108060729
EICU,0.55,mixed_MNAR,weak,reference_30pct_recalibration,full_heldout,calibration_slope,300,1.0646528919732643,0.3144118666165705,0.5996478422646743,1.7058370101368934,1.0,0.0646528919732645,0.3204766797084072
EICU,0.55,outcome_MNAR,strong,reference_05pct_recalibration,full_heldout,oe,300,1.0300291291254131,0.1590641126005058,0.7815092784042463,1.382764210555011,1.0,0.0300291291254131,0.1616131261388108
EICU,0.55,outcome_MNAR,strong,reference_05pct_recalibration,full_heldout,calibration_intercept,300,0.485537619854695,6.757535900244854,-0.7480814524042227,6.81174932958271,0.0,0.485537619854695,6.763713766754315
EICU,0.55,outcome_MNAR,strong,reference_05pct_recalibration,full_heldout,calibration_slope,300,1.451469262237199,5.516912747033033,0.3827524022567014,6.192413504162345,1.0,0.4514692622371989,5.526182799388681
EICU,0.55,outcome_MNAR,strong,reference_10pct_recalibration,full_heldout,oe,300,1.0093707384106754,0.1076688591116975,0.8247041588638521,1.24146419608926,1.0,0.0093707384106753,0.1078969509147555
EICU,0.55,outcome_MNAR,strong,reference_10pct_recalibration,full_heldout,calibration_intercept,300,-0.3629567850261098,10.14779231618258,-0.6660831928736093,1.963002577336046,0.0,-0.3629567850261098,10.13736492177312
EICU,0.55,outcome_MNAR,strong,reference_10pct_recalibration,full_heldout,calibration_slope,300,0.6812056099660319,8.513111355783671,0.4837334191768264,2.440029877055154,1.0,-0.3187943900339681,8.504887884969646
EICU,0.55,outcome_MNAR,strong,reference_20pct_recalibration,full_heldout,oe,300,1.010754969273051,0.0799770090240049,0.8848403238787191,1.1849027934622576,1.0,0.010754969273051,0.0805646961345267
EICU,0.55,outcome_MNAR,strong,reference_20pct_recalibration,full_heldout,calibration_intercept,300,0.1059925417533042,0.4499162030989267,-0.5102872183422464,1.2988036788487585,0.0,0.1059925417533042,0.4615021777690517
EICU,0.55,outcome_MNAR,strong,reference_20pct_recalibration,full_heldout,calibration_slope,300,1.077832479831932,0.3549993398926276,0.5893866443904132,2.0556729437730272,1.0,0.077832479831932,0.3628530618169134
EICU,0.55,outcome_MNAR,strong,reference_30pct_recalibration,full_heldout,oe,300,1.0112602418614582,0.0689730524567945,0.8803065643234375,1.1596870025324388,1.0,0.0112602418614582,0.069772612144276
EICU,0.55,outcome_MNAR,strong,reference_30pct_recalibration,full_heldout,calibration_intercept,300,0.0775730987865609,0.3838321802996649,-0.4845851150351024,1.0732612876235972,0.0,0.0775730987865609,0.3909650084259443
EICU,0.55,outcome_MNAR,strong,reference_30pct_recalibration,full_heldout,calibration_slope,300,1.0530071815791862,0.3004718703602239,0.6097221934830788,1.8649745670798807,1.0,0.0530071815791861,0.3046180587125689
EICU,0.55,outcome_MNAR,weak,reference_05pct_recalibration,full_heldout,oe,300,1.0230370475035695,0.1469414289428974,0.7751332796884666,1.3100759425755917,1.0,0.0230370475035697,0.1484941631366803
EICU,0.55,outcome_MNAR,weak,reference_05pct_recalibration,full_heldout,calibration_intercept,300,0.3903271263631429,4.440612308124121,-0.8072756117869322,7.986231604175908,0.0,0.3903271263631429,4.450355357841453
EICU,0.55,outcome_MNAR,weak,reference_05pct_recalibration,full_heldout,calibration_slope,300,1.3047611738084235,3.580535556752569,0.3608547701906505,6.513337522367626,1.0,0.3047611738084237,3.587531202649897
EICU,0.55,outcome_MNAR,weak,reference_10pct_recalibration,full_heldout,oe,300,1.0221560270654253,0.1071586890078699,0.8410704561851817,1.2397220453850195,1.0,0.0221560270654253,0.1092501604107576
EICU,0.55,outcome_MNAR,weak,reference_10pct_recalibration,full_heldout,calibration_intercept,300,0.2101580277252875,1.1347783546784491,-0.5549923283091608,2.3541251630204463,0.0,0.2101580277252875,1.1522134804294246
EICU,0.55,outcome_MNAR,weak,reference_10pct_recalibration,full_heldout,calibration_slope,300,1.1451323055674754,0.8275986135961936,0.5274363118939134,2.8329393847990563,1.0,0.1451323055674753,0.8388681579733404
EICU,0.55,outcome_MNAR,weak,reference_20pct_recalibration,full_heldout,oe,300,1.0080472394275666,0.0770109914690527,0.8689046336606081,1.178173825166684,1.0,0.0080472394275665,0.0773025348447746
EICU,0.55,outcome_MNAR,weak,reference_20pct_recalibration,full_heldout,calibration_intercept,300,0.0756259520266796,0.404230998492098,-0.515889701757766,1.0256479743374878,0.0,0.0756259520266796,0.4105816716497711
EICU,0.55,outcome_MNAR,weak,reference_20pct_recalibration,full_heldout,calibration_slope,300,1.0563531668941737,0.324678890372811,0.5900289816676665,1.7967780311792505,1.0,0.0563531668941734,0.3289995035455373
EICU,0.55,outcome_MNAR,weak,reference_30pct_recalibration,full_heldout,oe,300,1.005376721516155,0.0651777695032038,0.8853268731932121,1.1472325401954862,1.0,0.0053767215161553,0.0652908132860232
EICU,0.55,outcome_MNAR,weak,reference_30pct_recalibration,full_heldout,calibration_intercept,300,0.0556768231456965,0.3454814852402011,-0.4939185708705186,0.8925650638195854,0.0,0.0556768231456965,0.3493701576989081
EICU,0.55,outcome_MNAR,weak,reference_30pct_recalibration,full_heldout,calibration_slope,300,1.0428398651492747,0.2822084489996818,0.637387830240471,1.6626670420452236,1.0,0.0428398651492747,0.2849761230416648
EICU,0.55,risk_MAR,strong,reference_05pct_recalibration,full_heldout,oe,300,1.012166717185872,0.149392686043648,0.7502038661726574,1.3387523814647069,1.0,0.0121667171858719,0.1496389312142371
EICU,0.55,risk_MAR,strong,reference_05pct_recalibration,full_heldout,calibration_intercept,300,0.5434881647744403,5.975558034250065,-0.7573494761707704,6.293821314854195,0.0,0.5434881647744403,5.990296227500336
EICU,0.55,risk_MAR,strong,reference_05pct_recalibration,full_heldout,calibration_slope,300,1.4516406467479266,4.925822013347742,0.389585776867092,5.69923070001854,1.0,0.4516406467479266,4.938301601355688
EICU,0.55,risk_MAR,strong,reference_10pct_recalibration,full_heldout,oe,300,0.9994099574974666,0.1058286677015428,0.8075473768663234,1.2458985310629052,1.0,-0.0005900425025333,0.1056537869708421
EICU,0.55,risk_MAR,strong,reference_10pct_recalibration,full_heldout,calibration_intercept,300,-0.0439633164356304,4.344062269276857,-0.6161508706317969,2.747271388254928,0.0,-0.0439633164356304,4.337038949469514
EICU,0.55,risk_MAR,strong,reference_10pct_recalibration,full_heldout,calibration_slope,300,0.978090384640428,3.43537005299103,0.5101095703823613,3.1504092455798283,1.0,-0.0219096153595721,3.429709638958208
EICU,0.55,risk_MAR,strong,reference_20pct_recalibration,full_heldout,oe,300,0.9970463492894032,0.0814893481916843,0.8561907855629013,1.1674658563524951,1.0,-0.0029536507105967,0.0814070198139985
EICU,0.55,risk_MAR,strong,reference_20pct_recalibration,full_heldout,calibration_intercept,300,0.1323466010840525,0.5283870430365016,-0.5745266816558281,1.3460587397390404,0.0,0.1323466010840525,0.5438546195230208
EICU,0.55,risk_MAR,strong,reference_20pct_recalibration,full_heldout,calibration_slope,300,1.115436591578315,0.4268842548612764,0.5954194765238904,2.172400928152077,1.0,0.1154365915783151,0.4415295458217086
EICU,0.55,risk_MAR,strong,reference_30pct_recalibration,full_heldout,oe,300,0.9986522045712156,0.0736404295818511,0.857755559791812,1.1377690281788762,1.0,-0.0013477954287842,0.0735299465883624
EICU,0.55,risk_MAR,strong,reference_30pct_recalibration,full_heldout,calibration_intercept,300,0.0743705197723919,0.3905766126136645,-0.4739339716406701,1.067319964998057,0.0,0.0743705197723919,0.3969541084696203
EICU,0.55,risk_MAR,strong,reference_30pct_recalibration,full_heldout,calibration_slope,300,1.0666898505364149,0.3178011274892948,0.6072528410079022,1.7972630474358666,1.0,0.0666898505364148,0.3242043094653815
EICU,0.55,risk_MAR,weak,reference_05pct_recalibration,full_heldout,oe,300,1.0192892427921414,0.1465593580083148,0.7858473090587788,1.3094185888663152,1.0,0.0192892427921413,0.1475808981177358
EICU,0.55,risk_MAR,weak,reference_05pct_recalibration,full_heldout,calibration_intercept,300,0.2793104790457052,6.6803144969362345,-7.56630647958454,4.433168557536473,0.0,0.2793104790457052,6.675017661581221
EICU,0.55,risk_MAR,weak,reference_05pct_recalibration,full_heldout,calibration_slope,300,1.2535716966698338,4.901017320431757,-4.091674242223129,4.1465828587304925,1.0,0.2535716966698338,4.89940841441837
EICU,0.55,risk_MAR,weak,reference_10pct_recalibration,full_heldout,oe,300,1.012046253665224,0.1172487165711851,0.8198540821357436,1.258162834359449,1.0,0.0120462536652239,0.1176713625307012
EICU,0.55,risk_MAR,weak,reference_10pct_recalibration,full_heldout,calibration_intercept,300,0.3121831041470734,1.9233021089439208,-0.6098026761443762,3.360382734690144,0.0,0.3121831041470734,1.94530691394498
EICU,0.55,risk_MAR,weak,reference_10pct_recalibration,full_heldout,calibration_slope,300,1.2394100780983797,1.518577085320603,0.5069355007538474,3.457217104117322,1.0,0.2394100780983796,1.534831140009335
EICU,0.55,risk_MAR,weak,reference_20pct_recalibration,full_heldout,oe,300,1.0019170754574562,0.0834911596358632,0.8376684653235328,1.1552077025543288,1.0,0.0019170754574562,0.0833739347949523
EICU,0.55,risk_MAR,weak,reference_20pct_recalibration,full_heldout,calibration_intercept,300,0.1418435575966566,0.7493492976597839,-0.5326696496777468,1.181446187719444,0.0,0.1418435575966566,0.7614277489264559
EICU,0.55,risk_MAR,weak,reference_20pct_recalibration,full_heldout,calibration_slope,300,1.1167675780382271,0.6029095141790717,0.5780460622851851,2.02175351269289,1.0,0.1167675780382273,0.6131255037056162
EICU,0.55,risk_MAR,weak,reference_30pct_recalibration,full_heldout,oe,300,0.996101119030264,0.0686499446856415,0.8718672455357187,1.138828203901482,1.0,-0.0038988809697361,0.0686462438531054
EICU,0.55,risk_MAR,weak,reference_30pct_recalibration,full_heldout,calibration_intercept,300,0.0688606105023144,0.4155381647460417,-0.5401173719431699,1.1145027599074666,0.0,0.0688606105023144,0.420521315533539
EICU,0.55,risk_MAR,weak,reference_30pct_recalibration,full_heldout,calibration_slope,300,1.063263391440704,0.3325315764810757,0.5763429419982055,1.9230462291812744,1.0,0.0632633914407041,0.3379510544773892
EICU,0.55,stratum_MAR,strong,reference_05pct_recalibration,full_heldout,oe,300,1.0290329274656225,0.1676923953282307,0.7624900777099864,1.411719559627674,1.0,0.0290329274656224,0.1699114902823643
EICU,0.55,stratum_MAR,strong,reference_05pct_recalibration,full_heldout,calibration_intercept,300,0.5057060502787967,7.897588864142935,-0.8124503527966348,4.736352741272377,0.0,0.5057060502787967,7.900616565186518
EICU,0.55,stratum_MAR,strong,reference_05pct_recalibration,full_heldout,calibration_slope,300,1.271517635032054,6.531952843532556,0.2729599738806826,5.173524665005512,1.0,0.271517635032054,6.526707318122414
EICU,0.55,stratum_MAR,strong,reference_10pct_recalibration,full_heldout,oe,300,1.012177969198126,0.1160309927467513,0.8256514762063542,1.2864159425291577,1.0,0.012177969198126,0.1164758211275105
EICU,0.55,stratum_MAR,strong,reference_10pct_recalibration,full_heldout,calibration_intercept,300,0.1360957636666153,7.965325400269279,-0.5874130293317652,3.726270828134676,0.0,0.1360957636666153,7.953203301812151
EICU,0.55,stratum_MAR,strong,reference_10pct_recalibration,full_heldout,calibration_slope,300,1.0598674544838758,6.512140222252709,0.5389655649968141,3.940666756860623,1.0,0.0598674544838757,6.501553236379263
EICU,0.55,stratum_MAR,strong,reference_20pct_recalibration,full_heldout,oe,300,1.0091077209144534,0.0837483659940988,0.860425698464322,1.1807023838590538,1.0,0.0091077209144534,0.0841032703936942
EICU,0.55,stratum_MAR,strong,reference_20pct_recalibration,full_heldout,calibration_intercept,300,0.1185449321888917,0.5053456978577537,-0.5328408391266081,1.557965679597318,0.0,0.1185449321888917,0.5182431164133919
EICU,0.55,stratum_MAR,strong,reference_20pct_recalibration,full_heldout,calibration_slope,300,1.0900456642290206,0.4006975259658138,0.5921331206349733,2.283157495763047,1.0,0.0900456642290206,0.4100384542176329
EICU,0.55,stratum_MAR,strong,reference_30pct_recalibration,full_heldout,oe,300,1.008645984299341,0.0702494654638333,0.8794266716948288,1.1639215304889388,1.0,0.0086459842993409,0.0706632187525135
EICU,0.55,stratum_MAR,strong,reference_30pct_recalibration,full_heldout,calibration_intercept,300,0.0618137277700031,0.3793460511028188,-0.5044554573948489,0.9502094417959878,0.0,0.0618137277700031,0.383724752055214
EICU,0.55,stratum_MAR,strong,reference_30pct_recalibration,full_heldout,calibration_slope,300,1.0435466913928202,0.3023057059372541,0.6048488403876561,1.7619230811612732,1.0,0.0435466913928201,0.3049269175403766
EICU,0.55,stratum_MAR,weak,reference_05pct_recalibration,full_heldout,oe,300,1.0244892476347789,0.159638315058851,0.7850009165134127,1.399861728210675,1.0,0.0244892476347786,0.1612425716503876
EICU,0.55,stratum_MAR,weak,reference_05pct_recalibration,full_heldout,calibration_intercept,300,1.2421907260145175,15.327967722651517,-0.7432666098526994,5.810992947863796,0.0,1.2421907260145175,15.35273516320206
EICU,0.55,stratum_MAR,weak,reference_05pct_recalibration,full_heldout,calibration_slope,300,1.9894402511652864,12.509771180896015,0.3986929663153402,6.235732416368897,1.0,0.9894402511652864,12.528037320041047
EICU,0.55,stratum_MAR,weak,reference_10pct_recalibration,full_heldout,oe,300,1.0121645754789532,0.1063747104182828,0.8311077516993529,1.2398564345411331,1.0,0.0121645754789532,0.1068917083614757
EICU,0.55,stratum_MAR,weak,reference_10pct_recalibration,full_heldout,calibration_intercept,300,0.2017582678071003,0.8346852737604623,-0.5606114117882725,2.317671076415168,0.0,0.2017582678071003,0.8573701494533489
EICU,0.55,stratum_MAR,weak,reference_10pct_recalibration,full_heldout,calibration_slope,300,1.1591993530946243,0.6728067634036528,0.5319804576059513,2.727002431862268,1.0,0.1591993530946243,0.6902930380916789
EICU,0.55,stratum_MAR,weak,reference_20pct_recalibration,full_heldout,oe,300,1.0019382420265008,0.0783094310832212,0.8686459284655009,1.1654527437240505,1.0,0.0019382420265008,0.078202829586973
EICU,0.55,stratum_MAR,weak,reference_20pct_recalibration,full_heldout,calibration_intercept,300,0.1277664210969027,0.5505002828259583,-0.496834021639619,1.6254631463799207,0.0,0.1277664210969027,0.5642381157041766
EICU,0.55,stratum_MAR,weak,reference_20pct_recalibration,full_heldout,calibration_slope,300,1.1045058341929206,0.4330742100179832,0.6259505695129953,2.3176549573268965,1.0,0.1045058341929205,0.4448028363126551
EICU,0.55,stratum_MAR,weak,reference_30pct_recalibration,full_heldout,oe,300,1.003888543575166,0.0668211441201884,0.8813135717464372,1.1404756975813997,1.0,0.0038885435751658,0.0668229191345444
EICU,0.55,stratum_MAR,weak,reference_30pct_recalibration,full_heldout,calibration_intercept,300,0.0673967320221876,0.4014653709743737,-0.4592529837775028,1.0843853372470298,0.0,0.0673967320221876,0.4064228283842949
EICU,0.55,stratum_MAR,weak,reference_30pct_recalibration,full_heldout,calibration_slope,300,1.0533438650251865,0.3203213772149206,0.6147642126203869,1.9216166601437263,1.0,0.0533438650251862,0.3242056960547618
EICU,0.75,MCAR,strong,reference_05pct_recalibration,full_heldout,oe,300,1.020161924644395,0.1509479573213767,0.7717581152892372,1.335911702879994,1.0,0.0201619246443949,0.1520389360398539
EICU,0.75,MCAR,strong,reference_05pct_recalibration,full_heldout,calibration_intercept,300,-0.2740656871327496,6.649160366831152,-2.520425033085734,5.849330469460663,0.0,-0.2740656871327496,6.64372444286754
EICU,0.75,MCAR,strong,reference_05pct_recalibration,full_heldout,calibration_slope,300,0.7817687263924442,5.092381115439304,-0.9201531840412556,5.046268763890644,1.0,-0.2182312736075558,5.088568478683071
EICU,0.75,MCAR,strong,reference_10pct_recalibration,full_heldout,oe,300,1.0058509521029486,0.1081769365251033,0.8235275030997955,1.2645329347228869,1.0,0.0058509521029486,0.108154869228408
EICU,0.75,MCAR,strong,reference_10pct_recalibration,full_heldout,calibration_intercept,300,0.2362598768764279,1.0025152507592792,-0.5809195958199317,3.5643465083645887,0.0,0.2362598768764279,1.028350832482081
EICU,0.75,MCAR,strong,reference_10pct_recalibration,full_heldout,calibration_slope,300,1.181742241463243,0.7546230535658219,0.5294964740494206,3.3840830736352645,1.0,0.181742241463243,0.7749761343391027
EICU,0.75,MCAR,strong,reference_20pct_recalibration,full_heldout,oe,300,1.0055288345879472,0.0844006775395791,0.8601330500182475,1.1803339970421445,1.0,0.0055288345879471,0.0844410887333714
EICU,0.75,MCAR,strong,reference_20pct_recalibration,full_heldout,calibration_intercept,300,0.0658567375785652,0.4575859020766042,-0.5199668224164722,1.2241551685066343,0.0,0.0658567375785652,0.4615452503686077
EICU,0.75,MCAR,strong,reference_20pct_recalibration,full_heldout,calibration_slope,300,1.0497797861575524,0.3525899172650192,0.5793529627880067,2.0467324730491034,1.0,0.0497797861575524,0.3555042588131984
EICU,0.75,MCAR,strong,reference_30pct_recalibration,full_heldout,oe,300,1.004867238962283,0.0745407933017569,0.8758771895318215,1.1413159149038392,1.0,0.004867238962283,0.0745754569655305
EICU,0.75,MCAR,strong,reference_30pct_recalibration,full_heldout,calibration_intercept,300,0.0647802111420844,0.3699529884985187,-0.4492883836972737,0.9595895908150124,0.0,0.0647802111420844,0.3749739618634893
EICU,0.75,MCAR,strong,reference_30pct_recalibration,full_heldout,calibration_slope,300,1.0500730483731031,0.2860291904905158,0.6353159554933722,1.680151313980202,1.0,0.0500730483731031,0.2899091219560468
EICU,0.75,MCAR,weak,reference_05pct_recalibration,full_heldout,oe,300,1.012816424712953,0.1649365678992116,0.7638120029608363,1.4122183935912629,1.0,0.0128164247129529,0.1651594742504734
EICU,0.75,MCAR,weak,reference_05pct_recalibration,full_heldout,calibration_intercept,300,-0.4734914388932651,8.632337637753647,-0.7769616768092489,4.46409243643041,0.0,-0.4734914388932651,8.630936008987833
EICU,0.75,MCAR,weak,reference_05pct_recalibration,full_heldout,calibration_slope,300,0.6053673600624246,6.984496920779473,0.3643732662604507,4.849850071419723,1.0,-0.3946326399375753,6.98400468924724
EICU,0.75,MCAR,weak,reference_10pct_recalibration,full_heldout,oe,300,1.0086311298020865,0.1097271948513864,0.8350424368444209,1.2420858422101213,1.0,0.0086311298020864,0.1098836665174344
EICU,0.75,MCAR,weak,reference_10pct_recalibration,full_heldout,calibration_intercept,300,-0.23683561771412,7.880522019417022,-0.5898328141254424,2.659126677174962,0.0,-0.23683561771412,7.87094083643581
EICU,0.75,MCAR,weak,reference_10pct_recalibration,full_heldout,calibration_slope,300,0.7886031258098453,6.795266554561186,0.5487495255130194,2.894017763446834,1.0,-0.2113968741901547,6.787224569792631
EICU,0.75,MCAR,weak,reference_20pct_recalibration,full_heldout,oe,300,0.9993636525202574,0.0824041909367619,0.850326381306811,1.1737199352763243,1.0,-0.0006363474797426,0.0822691970694022
EICU,0.75,MCAR,weak,reference_20pct_recalibration,full_heldout,calibration_intercept,300,0.0799417131580689,0.5332452223565575,-0.513225691680666,1.3019870450399345,0.0,0.0799417131580689,0.538324539453839
EICU,0.75,MCAR,weak,reference_20pct_recalibration,full_heldout,calibration_slope,300,1.0688465356305388,0.4180961896249492,0.593321369468959,2.0483145320463234,1.0,0.0688465356305387,0.4230385181453719
EICU,0.75,MCAR,weak,reference_30pct_recalibration,full_heldout,oe,300,0.999232517279452,0.0676816948582351,0.8748266071929616,1.14166085518378,1.0,-0.000767482720548,0.0675731564741501
EICU,0.75,MCAR,weak,reference_30pct_recalibration,full_heldout,calibration_intercept,300,0.0376841839206942,0.3697407360446722,-0.4815486973048619,1.0409146893777472,0.0,0.0376841839206942,0.3710426061370695
EICU,0.75,MCAR,weak,reference_30pct_recalibration,full_heldout,calibration_slope,300,1.0352546762245842,0.3035516492113928,0.6024882240561761,1.8114434216972264,1.0,0.0352546762245842,0.305089086315555
EICU,0.75,history_MAR,strong,reference_05pct_recalibration,full_heldout,oe,300,1.0190571873857428,0.1563735085703928,0.7583830762363661,1.350962848360832,1.0,0.0190571873857428,0.1572715538796765
EICU,0.75,history_MAR,strong,reference_05pct_recalibration,full_heldout,calibration_intercept,300,0.7252194190193777,7.63221953649698,-0.8157433882110939,5.876046615891186,0.0,0.7252194190193777,7.653923765548711
EICU,0.75,history_MAR,strong,reference_05pct_recalibration,full_heldout,calibration_slope,300,1.549281508303903,5.570694528351744,0.3911817938383469,5.115289501997221,1.0,0.5492815083039031,5.5884618258049015
EICU,0.75,history_MAR,strong,reference_10pct_recalibration,full_heldout,oe,300,1.0072473355846747,0.1156907230703133,0.8171147708932242,1.2392292860333938,1.0,0.0072473355846747,0.1157249013807906
EICU,0.75,history_MAR,strong,reference_10pct_recalibration,full_heldout,calibration_intercept,300,0.2552391426226219,0.979155219420034,-0.6135826878749301,2.8763407218490817,0.0,0.2552391426226219,1.010295079254159
EICU,0.75,history_MAR,strong,reference_10pct_recalibration,full_heldout,calibration_slope,300,1.1945831706327863,0.7274858069454503,0.5208833467924109,3.2902805278579046,1.0,0.1945831706327865,0.751887020061009
EICU,0.75,history_MAR,strong,reference_20pct_recalibration,full_heldout,oe,300,1.003527540292211,0.0814748184102607,0.8574245807574954,1.1700752691408112,1.0,0.003527540292211,0.0814153696917736
EICU,0.75,history_MAR,strong,reference_20pct_recalibration,full_heldout,calibration_intercept,300,0.109664556754219,0.5477175147817123,-0.4603174446586562,1.297385910178262,0.0,0.109664556754219,0.5576923967745053
EICU,0.75,history_MAR,strong,reference_20pct_recalibration,full_heldout,calibration_slope,300,1.0890141112794192,0.4205837013503742,0.6158233343094464,2.0899339899189675,1.0,0.0890141112794191,0.4292138468746944
EICU,0.75,history_MAR,strong,reference_30pct_recalibration,full_heldout,oe,300,1.00363437334493,0.0709746601799881,0.872932567890646,1.150814837720604,1.0,0.0036343733449299,0.0709494166007227
EICU,0.75,history_MAR,strong,reference_30pct_recalibration,full_heldout,calibration_intercept,300,0.0641080075509323,0.3428432279589892,-0.4690677120465896,0.9052853157408488,0.0,0.0641080075509323,0.3482233631731679
EICU,0.75,history_MAR,strong,reference_30pct_recalibration,full_heldout,calibration_slope,300,1.0530950523615177,0.2790898813152719,0.6080279197922154,1.7149901093675246,1.0,0.0530950523615176,0.2836381660349495
EICU,0.75,history_MAR,weak,reference_05pct_recalibration,full_heldout,oe,300,1.039638635801398,0.1704671593525141,0.7682943163454379,1.420509395595302,1.0,0.039638635801398,0.1747381193610949
EICU,0.75,history_MAR,weak,reference_05pct_recalibration,full_heldout,calibration_intercept,300,0.8377296870636702,5.719941499914658,-0.7498787300945671,6.169381410038778,0.0,0.8377296870636702,5.771521696094736
EICU,0.75,history_MAR,weak,reference_05pct_recalibration,full_heldout,calibration_slope,300,1.6934806011826151,5.059907789197236,0.3917876367796286,6.462737981300879,1.0,0.6934806011826151,5.0988469242184085
EICU,0.75,history_MAR,weak,reference_10pct_recalibration,full_heldout,oe,300,1.0224529427535065,0.1160021794324327,0.8406068024151706,1.2728802713049523,1.0,0.0224529427535065,0.117965186612787
EICU,0.75,history_MAR,weak,reference_10pct_recalibration,full_heldout,calibration_intercept,300,0.1879776805047923,0.8080378262739578,-0.5400572324806776,1.5903984035840135,0.0,0.1879776805047923,0.8283020704802523
EICU,0.75,history_MAR,weak,reference_10pct_recalibration,full_heldout,calibration_slope,300,1.1369119738983084,0.6124509264921014,0.5348984689007984,2.1953011685288586,1.0,0.1369119738983084,0.6265705909950566
EICU,0.75,history_MAR,weak,reference_20pct_recalibration,full_heldout,oe,300,1.017614443093966,0.0868913272264684,0.8570369993692243,1.2049069298886568,1.0,0.0176144430939659,0.0885166896326931
EICU,0.75,history_MAR,weak,reference_20pct_recalibration,full_heldout,calibration_intercept,300,0.0990246121743412,0.5041047075131337,-0.4976202144578503,1.2652516616163048,0.0,0.0990246121743412,0.512913597109095
EICU,0.75,history_MAR,weak,reference_20pct_recalibration,full_heldout,calibration_slope,300,1.0660359815261575,0.3987043891110674,0.5573164910682684,1.9791887429438697,1.0,0.0660359815261575,0.4034799335608043
EICU,0.75,history_MAR,weak,reference_30pct_recalibration,full_heldout,oe,300,1.0083461334353847,0.0708175928828917,0.8856720175693159,1.1601922645234364,1.0,0.0083461334353847,0.0711903947184999
EICU,0.75,history_MAR,weak,reference_30pct_recalibration,full_heldout,calibration_intercept,300,0.0398916439952288,0.3688731849953605,-0.502948577634877,0.9011706675363986,0.0,0.0398916439952288,0.3704122187247177
EICU,0.75,history_MAR,weak,reference_30pct_recalibration,full_heldout,calibration_slope,300,1.0263887709867952,0.2964233616885259,0.5805259076360069,1.6849701126243035,1.0,0.0263887709867951,0.2971031592299288
EICU,0.75,mixed_MNAR,strong,reference_05pct_recalibration,full_heldout,oe,300,1.0341064825887587,0.1698270795659283,0.7944997501172998,1.3844615775494271,1.0,0.0341064825887587,0.1729403123969552
EICU,0.75,mixed_MNAR,strong,reference_05pct_recalibration,full_heldout,calibration_intercept,300,0.3449090137155914,2.658595229140219,-0.7513114226375649,6.110617389258669,0.0,0.3449090137155914,2.676477235380125
EICU,0.75,mixed_MNAR,strong,reference_05pct_recalibration,full_heldout,calibration_slope,300,1.2813152823357965,1.922119769198981,0.395104747435383,5.766606157518268,1.0,0.2813152823357965,1.93942454021738
EICU,0.75,mixed_MNAR,strong,reference_10pct_recalibration,full_heldout,oe,300,1.0167853284102113,0.1184189129570575,0.8062461256625376,1.2770824758593375,1.0,0.0167853284102112,0.1194070464110754
EICU,0.75,mixed_MNAR,strong,reference_10pct_recalibration,full_heldout,calibration_intercept,300,0.0845243876468102,2.955048970537298,-0.5957251717680383,2.349333519135984,0.0,0.0845243876468102,2.9513303907988746
EICU,0.75,mixed_MNAR,strong,reference_10pct_recalibration,full_heldout,calibration_slope,300,1.0517020515684057,2.4268061861614734,0.5142224615021036,2.810458749827078,1.0,0.0517020515684054,2.4233097352816197
EICU,0.75,mixed_MNAR,strong,reference_20pct_recalibration,full_heldout,oe,300,1.007326773383428,0.0890250046000445,0.8438542030477936,1.1953243942702372,1.0,0.0073267733834281,0.0891779954964784
EICU,0.75,mixed_MNAR,strong,reference_20pct_recalibration,full_heldout,calibration_intercept,300,0.1087140165973932,0.4580601559043956,-0.5007354013974011,1.2931902028413094,0.0,0.1087140165973932,0.4700408990827007
EICU,0.75,mixed_MNAR,strong,reference_20pct_recalibration,full_heldout,calibration_slope,300,1.083414580791437,0.3537165226559758,0.6310685035864437,2.0362877149970227,1.0,0.083414580791437,0.3628447594042304
EICU,0.75,mixed_MNAR,strong,reference_30pct_recalibration,full_heldout,oe,300,1.010436007395649,0.0782518694822399,0.8649548518087995,1.1699177746545706,1.0,0.010436007395649,0.0788153166855022
EICU,0.75,mixed_MNAR,strong,reference_30pct_recalibration,full_heldout,calibration_intercept,300,0.0594591776676566,0.3778313117753056,-0.5009434707168793,0.9686671924403816,0.0,0.0594591776676566,0.3818586635998141
EICU,0.75,mixed_MNAR,strong,reference_30pct_recalibration,full_heldout,calibration_slope,300,1.039675838455394,0.2910949091006158,0.6264319654617336,1.6518916980404466,1.0,0.0396758384553941,0.2933052405050979
EICU,0.75,mixed_MNAR,weak,reference_05pct_recalibration,full_heldout,oe,300,1.0325094882477284,0.1687139047687494,0.7574445843698192,1.374431386763708,1.0,0.0325094882477283,0.1715411531272893
EICU,0.75,mixed_MNAR,weak,reference_05pct_recalibration,full_heldout,calibration_intercept,300,0.7385086345586864,8.438053618092905,-0.819228426347348,5.783681159159857,0.0,0.7385086345586864,8.456288076667512
EICU,0.75,mixed_MNAR,weak,reference_05pct_recalibration,full_heldout,calibration_slope,300,1.5957173951145558,7.120087889145518,0.3015644527112616,5.165328868898581,1.0,0.5957173951145558,7.133130116494083
EICU,0.75,mixed_MNAR,weak,reference_10pct_recalibration,full_heldout,oe,300,1.019822162188873,0.1177749924851293,0.8129652675672843,1.2775781437948963,1.0,0.019822162188873,0.1192377057500325
EICU,0.75,mixed_MNAR,weak,reference_10pct_recalibration,full_heldout,calibration_intercept,300,0.2482197345005956,0.8514623331122875,-0.607402613263274,2.6151490948594867,0.0,0.2482197345005956,0.8855419325412375
EICU,0.75,mixed_MNAR,weak,reference_10pct_recalibration,full_heldout,calibration_slope,300,1.1898038705030618,0.6907982415930566,0.5062004327973456,3.068407578159701,1.0,0.1898038705030618,0.7152880858861753
EICU,0.75,mixed_MNAR,weak,reference_20pct_recalibration,full_heldout,oe,300,1.014296868231651,0.0866886607152124,0.8582110835593776,1.1992847617423972,1.0,0.0142968682316511,0.0877170142646706
EICU,0.75,mixed_MNAR,weak,reference_20pct_recalibration,full_heldout,calibration_intercept,300,0.096127138198745,0.5147398191742053,-0.4661150541695471,1.0768597624168064,0.0,0.096127138198745,0.5227947186710056
EICU,0.75,mixed_MNAR,weak,reference_20pct_recalibration,full_heldout,calibration_slope,300,1.0673494961629186,0.4019777861520794,0.6211951525206639,1.910035167295698,1.0,0.0673494961629186,0.4069194941565143
EICU,0.75,mixed_MNAR,weak,reference_30pct_recalibration,full_heldout,oe,300,1.0107235058283062,0.0690116351279196,0.8798566602237285,1.161230156138752,1.0,0.0107235058283061,0.0697260640483078
EICU,0.75,mixed_MNAR,weak,reference_30pct_recalibration,full_heldout,calibration_intercept,300,0.0566540432087838,0.3493770273912037,-0.4826647158138437,0.8950483220088694,0.0,0.0566540432087838,0.353365401328975
EICU,0.75,mixed_MNAR,weak,reference_30pct_recalibration,full_heldout,calibration_slope,300,1.0373608093598068,0.2774089368586679,0.621779015084526,1.7209414998282426,1.0,0.0373608093598067,0.2794548787626475
EICU,0.75,outcome_MNAR,strong,reference_05pct_recalibration,full_heldout,oe,300,1.0269724598298111,0.1575544734932734,0.7642019652541701,1.3767282929043985,1.0,0.0269724598298111,0.1595875339741617
EICU,0.75,outcome_MNAR,strong,reference_05pct_recalibration,full_heldout,calibration_intercept,300,0.7877176291805795,7.093786859680166,-0.8544910377044286,5.890225248195789,0.0,0.7877176291805795,7.125627810973873
EICU,0.75,outcome_MNAR,strong,reference_05pct_recalibration,full_heldout,calibration_slope,300,1.6557074398708016,6.1910951429758425,0.3577548778051035,5.455233332466658,1.0,0.6557074398708016,6.215452178711516
EICU,0.75,outcome_MNAR,strong,reference_10pct_recalibration,full_heldout,oe,300,1.008881703137665,0.0970704821705197,0.8295543309023449,1.225508206005646,1.0,0.0088817031376648,0.0973147174433552
EICU,0.75,outcome_MNAR,strong,reference_10pct_recalibration,full_heldout,calibration_intercept,300,0.3958595797296193,4.988051251193278,-0.6343992874179614,2.89568447933172,0.0,0.3958595797296193,4.995440378362997
EICU,0.75,outcome_MNAR,strong,reference_10pct_recalibration,full_heldout,calibration_slope,300,1.3233739899943122,4.1209724771031535,0.4728065817131787,3.130677370206887,1.0,0.3233739899943122,4.126787715312771
EICU,0.75,outcome_MNAR,strong,reference_20pct_recalibration,full_heldout,oe,300,1.0076699889123473,0.0764950850145603,0.8715003179475972,1.1582036460088652,1.0,0.0076699889123472,0.0767516890228638
EICU,0.75,outcome_MNAR,strong,reference_20pct_recalibration,full_heldout,calibration_intercept,300,0.110518220852369,0.519393497601276,-0.5670544042722284,1.2508283405010097,0.0,0.110518220852369,0.5301741699413738
EICU,0.75,outcome_MNAR,strong,reference_20pct_recalibration,full_heldout,calibration_slope,300,1.0853381368509811,0.4215186124761925,0.577074521713814,2.015077072122033,1.0,0.0853381368509811,0.4293812740011359
EICU,0.75,outcome_MNAR,strong,reference_30pct_recalibration,full_heldout,oe,300,1.0014704918637312,0.0679464046055136,0.8844069223335501,1.150590739129307,1.0,0.0014704918637311,0.0678490029315692
EICU,0.75,outcome_MNAR,strong,reference_30pct_recalibration,full_heldout,calibration_intercept,300,0.0758206851083197,0.3815447219503112,-0.4534139379918765,0.8983519339091478,0.0,0.0758206851083197,0.3883811228105817
EICU,0.75,outcome_MNAR,strong,reference_30pct_recalibration,full_heldout,calibration_slope,300,1.0631512825694132,0.3060927828103101,0.6492567506007435,1.7453645720529998,1.0,0.0631512825694131,0.3120393675052766
EICU,0.75,outcome_MNAR,weak,reference_05pct_recalibration,full_heldout,oe,300,1.013464745495251,0.1512538189030905,0.7866618300582133,1.3444031451302223,1.0,0.013464745495251,0.1516006531810188
EICU,0.75,outcome_MNAR,weak,reference_05pct_recalibration,full_heldout,calibration_intercept,300,0.3263330024014395,13.694258198181943,-0.7702109269635773,6.1065410311459365,0.0,0.3263330024014395,13.67530956876668
EICU,0.75,outcome_MNAR,weak,reference_05pct_recalibration,full_heldout,calibration_slope,300,1.0756595944116207,10.415150730423644,0.3522650684467999,6.112021579168585,1.0,0.0756595944116207,10.398052921703458
EICU,0.75,outcome_MNAR,weak,reference_10pct_recalibration,full_heldout,oe,300,1.002013002205987,0.1086896406347548,0.8211792913560098,1.2410321769870236,1.0,0.0020130022059869,0.1085270106129763
EICU,0.75,outcome_MNAR,weak,reference_10pct_recalibration,full_heldout,calibration_intercept,300,0.1676659128132001,1.360660330458496,-0.584999295483715,2.555965499026998,0.0,0.1676659128132001,1.3686990434058035
EICU,0.75,outcome_MNAR,weak,reference_10pct_recalibration,full_heldout,calibration_slope,300,1.1475035088905838,1.1453789520600068,0.5176829509371802,3.4089502530289177,1.0,0.1475035088905838,1.1529428660942862
EICU,0.75,outcome_MNAR,weak,reference_20pct_recalibration,full_heldout,oe,300,1.0034079825144036,0.081839015953563,0.859009258088355,1.15947562687425,1.0,0.0034079825144035,0.0817735498921169
EICU,0.75,outcome_MNAR,weak,reference_20pct_recalibration,full_heldout,calibration_intercept,300,0.1133109907244371,0.5300685433528597,-0.5097710851449643,1.3388411638757165,0.0,0.1133109907244371,0.5411796981924476
EICU,0.75,outcome_MNAR,weak,reference_20pct_recalibration,full_heldout,calibration_slope,300,1.0945832653605054,0.4408028620736838,0.5884518100076069,2.049446297466748,1.0,0.0945832653605054,0.4501171700286112
EICU,0.75,outcome_MNAR,weak,reference_30pct_recalibration,full_heldout,oe,300,1.0021515498538185,0.071449874588655,0.8727639318720232,1.1571930746918142,1.0,0.0021515498538184,0.0713631333176466
EICU,0.75,outcome_MNAR,weak,reference_30pct_recalibration,full_heldout,calibration_intercept,300,0.0410888855087091,0.3511037917314649,-0.4995796437879511,0.8962790250319146,0.0,0.0410888855087091,0.3529182003977678
EICU,0.75,outcome_MNAR,weak,reference_30pct_recalibration,full_heldout,calibration_slope,300,1.0341702310874303,0.2805995048531073,0.6062486755210776,1.6797196143858462,1.0,0.0341702310874303,0.2822077837503742
EICU,0.75,risk_MAR,strong,reference_05pct_recalibration,full_heldout,oe,300,1.0076126084909511,0.1701740802986103,0.7283695896388358,1.4230231890151832,1.0,0.0076126084909511,0.1700606911904182
EICU,0.75,risk_MAR,strong,reference_05pct_recalibration,full_heldout,calibration_intercept,300,0.0884295369744564,4.744969513396388,-3.385494205278432,6.106807641661866,0.0,0.0884295369744564,4.737879942244963
EICU,0.75,risk_MAR,strong,reference_05pct_recalibration,full_heldout,calibration_slope,300,1.1185723602537083,3.7377199864145503,-1.56493349586106,5.286517404956267,1.0,0.1185723602537083,3.7333686663837673
EICU,0.75,risk_MAR,strong,reference_10pct_recalibration,full_heldout,oe,300,0.999817319863264,0.1059276378068986,0.8244854234828658,1.2251459746673794,1.0,-0.000182680136736,0.1057511021623133
EICU,0.75,risk_MAR,strong,reference_10pct_recalibration,full_heldout,calibration_intercept,300,0.2584457440072101,1.2798962607244615,-0.6154593037089583,4.373371445233923,0.0,0.2584457440072101,1.3036365262927052
EICU,0.75,risk_MAR,strong,reference_10pct_recalibration,full_heldout,calibration_slope,300,1.2150688556932725,1.0361774460861135,0.4839737059234822,4.368556862546981,1.0,0.2150688556932722,1.0565696538645692
EICU,0.75,risk_MAR,strong,reference_20pct_recalibration,full_heldout,oe,300,0.9916254424848776,0.0777157694978152,0.8496945848626241,1.1505055473935255,1.0,-0.0083745575151222,0.0780367962744681
EICU,0.75,risk_MAR,strong,reference_20pct_recalibration,full_heldout,calibration_intercept,300,0.0789484672523364,0.5069709798442324,-0.523907897711268,1.273649603501957,0.0,0.0789484672523364,0.5122457447075902
EICU,0.75,risk_MAR,strong,reference_20pct_recalibration,full_heldout,calibration_slope,300,1.075927944503679,0.3999028768120418,0.6187236326790806,2.083565097328498,1.0,0.0759279445036786,0.4063917928175866
EICU,0.75,risk_MAR,strong,reference_30pct_recalibration,full_heldout,oe,300,0.993561307111952,0.0674806110578375,0.8633654578097596,1.1235482036091038,1.0,-0.0064386928880481,0.0676750386672709
EICU,0.75,risk_MAR,strong,reference_30pct_recalibration,full_heldout,calibration_intercept,300,0.0446164433808946,0.3973139742328907,-0.4982374158853434,0.8818557160756131,0.0,0.0446164433808946,0.3991526355839651
EICU,0.75,risk_MAR,strong,reference_30pct_recalibration,full_heldout,calibration_slope,300,1.045509268268728,0.3182434167871787,0.6042787496113031,1.752696605237406,1.0,0.0455092682687281,0.320955401240793
EICU,0.75,risk_MAR,weak,reference_05pct_recalibration,full_heldout,oe,300,1.0123896607269829,0.1608638954679261,0.7519056165691479,1.4175377520388277,1.0,0.0123896607269826,0.1610727762487976
EICU,0.75,risk_MAR,weak,reference_05pct_recalibration,full_heldout,calibration_intercept,300,0.838996536902988,5.132074743148817,-0.7529607611283683,8.868913778182998,0.0,0.838996536902988,5.1917542688032725
EICU,0.75,risk_MAR,weak,reference_05pct_recalibration,full_heldout,calibration_slope,300,1.701716433352474,4.164958208161258,0.396512592108132,8.97369381039385,1.0,0.7017164333524741,4.216806837602079
EICU,0.75,risk_MAR,weak,reference_10pct_recalibration,full_heldout,oe,300,1.0030473110502884,0.1156863533267495,0.8027631683062982,1.2559649748490982,1.0,0.0030473110502884,0.1155335766903223
EICU,0.75,risk_MAR,weak,reference_10pct_recalibration,full_heldout,calibration_intercept,300,0.1799570570670394,1.206621727603162,-0.6007184170565844,2.166734761615164,0.0,0.1799570570670394,1.21797677150833
EICU,0.75,risk_MAR,weak,reference_10pct_recalibration,full_heldout,calibration_slope,300,1.154352723505665,1.010422476100832,0.516592705106438,3.088654598287877,1.0,0.1543527235056649,1.0204779100316936
EICU,0.75,risk_MAR,weak,reference_20pct_recalibration,full_heldout,oe,300,0.9983678000174252,0.0845034081927955,0.8562653214968623,1.182266807471411,1.0,-0.0016321999825746,0.0843782396098702
EICU,0.75,risk_MAR,weak,reference_20pct_recalibration,full_heldout,calibration_intercept,300,0.1159133166050008,0.5136451956894428,-0.4777605925950715,1.4838562262651271,0.0,0.1159133166050008,0.5257260180591861
EICU,0.75,risk_MAR,weak,reference_20pct_recalibration,full_heldout,calibration_slope,300,1.100243836620101,0.403525492389498,0.6482626094979017,2.24624226014566,1.0,0.100243836620101,0.4151371745722255
EICU,0.75,risk_MAR,weak,reference_30pct_recalibration,full_heldout,oe,300,0.9961663251043174,0.0720630604843249,0.8662517241467126,1.1385526099808845,1.0,-0.0038336748956826,0.0720449267282947
EICU,0.75,risk_MAR,weak,reference_30pct_recalibration,full_heldout,calibration_intercept,300,0.0771866375314332,0.4038333947855641,-0.4541356128158967,1.126826345615154,0.0,0.0771866375314332,0.4104821348791711
EICU,0.75,risk_MAR,weak,reference_30pct_recalibration,full_heldout,calibration_slope,300,1.0714243650189508,0.3267126240479024,0.6089691670121916,1.9460806172152323,1.0,0.0714243650189507,0.3338963534315983
EICU,0.75,stratum_MAR,strong,reference_05pct_recalibration,full_heldout,oe,300,1.0265046982607418,0.1558791297774514,0.7879580681957726,1.39302227654108,1.0,0.0265046982607417,0.1578600892765528
EICU,0.75,stratum_MAR,strong,reference_05pct_recalibration,full_heldout,calibration_intercept,300,0.2223168194651642,8.734423198932044,-0.7552242714612056,6.840620315969123,0.0,0.2223168194651642,8.72268725169405
EICU,0.75,stratum_MAR,strong,reference_05pct_recalibration,full_heldout,calibration_slope,300,1.2059392665702031,5.870345074974391,0.4086033475334476,6.521819304512197,1.0,0.2059392665702031,5.864170226308859
EICU,0.75,stratum_MAR,strong,reference_10pct_recalibration,full_heldout,oe,300,1.007965925467888,0.1086173587283002,0.8285925060010025,1.269127107672828,1.0,0.0079659254678878,0.1087283809175346
EICU,0.75,stratum_MAR,strong,reference_10pct_recalibration,full_heldout,calibration_intercept,300,0.2386301574709749,1.058520739246169,-0.5999907716624684,2.332921826831428,0.0,0.2386301574709749,1.0833631063886957
EICU,0.75,stratum_MAR,strong,reference_10pct_recalibration,full_heldout,calibration_slope,300,1.1926255029459911,0.8719877162281773,0.5362097426334729,3.1349467789093715,1.0,0.1926255029459911,0.8915899392174925
EICU,0.75,stratum_MAR,strong,reference_20pct_recalibration,full_heldout,oe,300,1.0040235296425908,0.0813498934130091,0.8670257628671343,1.1696117815928568,1.0,0.0040235296425907,0.0813138032474503
EICU,0.75,stratum_MAR,strong,reference_20pct_recalibration,full_heldout,calibration_intercept,300,0.118941256437023,0.5251886723264504,-0.4702766160197085,1.678108339168873,0.0,0.118941256437023,0.5376344051035399
EICU,0.75,stratum_MAR,strong,reference_20pct_recalibration,full_heldout,calibration_slope,300,1.096662483342968,0.4197617255765581,0.5906914351972661,2.266285119119779,1.0,0.0966624833429681,0.4300653542476724
EICU,0.75,stratum_MAR,strong,reference_30pct_recalibration,full_heldout,oe,300,1.005420944290313,0.0685160534116089,0.8771320992902065,1.1434239024274997,1.0,0.005420944290313,0.0686162374868426
EICU,0.75,stratum_MAR,strong,reference_30pct_recalibration,full_heldout,calibration_intercept,300,0.065959559049515,0.3613681297308115,-0.5029230192146859,0.9612830427853716,0.0,0.065959559049515,0.366745550572238
EICU,0.75,stratum_MAR,strong,reference_30pct_recalibration,full_heldout,calibration_slope,300,1.0505660888995652,0.2860134572931896,0.6280526248937156,1.732389207648898,1.0,0.0505660888995651,0.2899792201294647
EICU,0.75,stratum_MAR,weak,reference_05pct_recalibration,full_heldout,oe,300,1.0286101179270088,0.1660056747500742,0.7669268584062966,1.425482002895261,1.0,0.0286101179270088,0.168180151276919
EICU,0.75,stratum_MAR,weak,reference_05pct_recalibration,full_heldout,calibration_intercept,300,0.5083596064398567,3.8082751956571688,-0.6698336052135417,3.6777737953952903,0.0,0.5083596064398567,3.8357588891158345
EICU,0.75,stratum_MAR,weak,reference_05pct_recalibration,full_heldout,calibration_slope,300,1.4142487595446238,3.371051027661947,0.4536195931502748,3.882867760444938,1.0,0.4142487595446238,3.390826907375435
EICU,0.75,stratum_MAR,weak,reference_10pct_recalibration,full_heldout,oe,300,1.0182077518540815,0.1080030042918867,0.8325148620143689,1.244312008461442,1.0,0.0182077518540817,0.1093493895754927
EICU,0.75,stratum_MAR,weak,reference_10pct_recalibration,full_heldout,calibration_intercept,300,0.1075243876836212,1.8449221667677764,-0.5906296351027874,1.5781294960798884,0.0,0.1075243876836212,1.8449806239379336
EICU,0.75,stratum_MAR,weak,reference_10pct_recalibration,full_heldout,calibration_slope,300,1.0720405058266218,1.3926035907483332,0.536995623575408,2.2236431495283653,1.0,0.0720405058266218,1.3921458662469088
EICU,0.75,stratum_MAR,weak,reference_20pct_recalibration,full_heldout,oe,300,1.016524978758002,0.0843160984283257,0.8536778828509939,1.1798682452009466,1.0,0.0165249787580019,0.0857821778048735
EICU,0.75,stratum_MAR,weak,reference_20pct_recalibration,full_heldout,calibration_intercept,300,0.1555989262561807,0.8577030038733633,-0.5419743285944966,1.3998382883952802,0.0,0.1555989262561807,0.8702949426655824
EICU,0.75,stratum_MAR,weak,reference_20pct_recalibration,full_heldout,calibration_slope,300,1.107363477120226,0.6463388320769505,0.5951477016195907,2.0050691950896984,1.0,0.1073634771202258,0.654131706246614
EICU,0.75,stratum_MAR,weak,reference_30pct_recalibration,full_heldout,oe,300,1.013002717010408,0.070187154143765,0.8684136628934639,1.1552274146037032,1.0,0.0130027170104081,0.071266306679693
EICU,0.75,stratum_MAR,weak,reference_30pct_recalibration,full_heldout,calibration_intercept,300,0.0663999660386264,0.3613018563673769,-0.4443042149368721,1.0011729391184423,0.0,0.0663999660386264,0.3667599443774202
EICU,0.75,stratum_MAR,weak,reference_30pct_recalibration,full_heldout,calibration_slope,300,1.0425387923179523,0.28326219954062,0.6253219078514619,1.759391194598214,1.0,0.0425387923179525,0.2859712648061537
